"id","name","pl2","l3","lo","fam","p4","rel","ev","tot","month_01_Th12/25","month_02_Th01/26","month_03_Th02/26","month_04_Th03/26","month_05_Th04/26","month_06_Th05/26","month_07_Th06/26","month_08_Th07/26","week_01_2026-04-20","week_02_2026-04-27","week_03_2026-05-04","week_04_2026-05-11","week_05_2026-05-18","week_06_2026-05-25","week_07_2026-06-01","week_08_2026-06-08","week_09_2026-06-15","week_10_2026-06-22","week_11_2026-06-29","week_12_2026-07-06","week_13_2026-07-13","week_14_2026-07-20","day_01_2026-06-09","day_02_2026-06-10","day_03_2026-06-11","day_04_2026-06-12","day_05_2026-06-13","day_06_2026-06-14","day_07_2026-06-15","day_08_2026-06-16","day_09_2026-06-17","day_10_2026-06-18","day_11_2026-06-19","day_12_2026-06-20","day_13_2026-06-21","day_14_2026-06-22","day_15_2026-06-23","day_16_2026-06-24","day_17_2026-06-25","day_18_2026-06-26","day_19_2026-06-27","day_20_2026-06-28","day_21_2026-06-29","day_22_2026-06-30","day_23_2026-07-01","day_24_2026-07-02","day_25_2026-07-03","day_26_2026-07-04","day_27_2026-07-05","day_28_2026-07-06","day_29_2026-07-07","day_30_2026-07-08","day_31_2026-07-09","day_32_2026-07-10","day_33_2026-07-11","day_34_2026-07-12","day_35_2026-07-13","day_36_2026-07-14","day_37_2026-07-15","day_38_2026-07-16","day_39_2026-07-17","day_40_2026-07-18","day_41_2026-07-19","day_42_2026-07-20","day_43_2026-07-21","day_44_2026-07-22","day_45_2026-07-23","vip_owned","vip_bronze","vip_silver","vip_gold"
"34801304000","Rubik Năng Lượng","Xu Gacha","Xu Gacha","","","Orange","","",1380546850,53446510,1327100340,0,0,0,0,0,0,0,0,0,0,0,0,0,0,0,0,0,0,0,0,0,0,0,0,0,0,0,0,0,0,0,0,0,0,0,0,0,0,0,0,0,0,0,0,0,0,0,0,0,0,0,0,0,0,0,0,0,0,0,0,0,0,0,0,0,1272403,7103,290,34
"35127001000","Xu Khai Nguyên","Xu Gacha","Xu Gacha","","","Orange","","",954543000,0,0,818178015,136364985,0,0,0,0,0,0,0,0,0,0,0,0,0,0,0,0,0,0,0,0,0,0,0,0,0,0,0,0,0,0,0,0,0,0,0,0,0,0,0,0,0,0,0,0,0,0,0,0,0,0,0,0,0,0,0,0,0,0,0,0,0,0,0,691667,7366,305,36
"30409003000","Thẻ EXP 1000","Vật liệu","Thẻ điểm kinh nghiệm","","","Green","","",801854723,87191453,196710862,167211009,202488871,148252528,0,0,0,34643822,3494738,0,0,0,0,0,0,0,0,0,0,0,0,0,0,0,0,0,0,0,0,0,0,0,0,0,0,0,0,0,0,0,0,0,0,0,0,0,0,0,0,0,0,0,0,0,0,0,0,0,0,0,0,0,0,0,0,0,2356482,7737,318,37
"30310568000","Rương Gem Bất Ngờ","Rương kho báu","Rương kho báu","","","Orange","","",757050872,85211279,200198674,197292196,183710856,34604577,56007429,12201,13660,43238,23711665,20430865,10623434,9232109,3586605,3380,2354,2682,3056,4443,2484,6942,520,496,388,301,256,366,207,389,338,83,298,332,817,425,536,316,379,156,162,751,756,317,412,351,294,1011,1690,368,332,599,381,289,262,160,461,153,254,417,115,307,5610,86,298,79,73,70,2395836,7798,320,37
"35201008000","Nguyên Liệu Làm Trà Chiều","Hàng chức năng","Đồ chơi xổ số","","","Orange","","",683767147,0,551220948,132546199,0,0,0,0,0,0,0,0,0,0,0,0,0,0,0,0,0,0,0,0,0,0,0,0,0,0,0,0,0,0,0,0,0,0,0,0,0,0,0,0,0,0,0,0,0,0,0,0,0,0,0,0,0,0,0,0,0,0,0,0,0,0,0,0,1002771,7305,299,34
"34801305000","Xu Thắng Lợi","Xu Gacha","Xu Gacha","","","Orange","","",364303062,142431577,216521142,5350343,0,0,0,0,0,0,0,0,0,0,0,0,0,0,0,0,0,0,0,0,0,0,0,0,0,0,0,0,0,0,0,0,0,0,0,0,0,0,0,0,0,0,0,0,0,0,0,0,0,0,0,0,0,0,0,0,0,0,0,0,0,0,0,0,2193808,7365,301,34
"30409002000","Thẻ EXP 500","Vật liệu","Thẻ điểm kinh nghiệm","","","Green","","",257819015,26575676,62686075,54372645,65834028,48350591,0,0,0,11298788,1134886,0,0,0,0,0,0,0,0,0,0,0,0,0,0,0,0,0,0,0,0,0,0,0,0,0,0,0,0,0,0,0,0,0,0,0,0,0,0,0,0,0,0,0,0,0,0,0,0,0,0,0,0,0,0,0,0,0,2356061,7737,318,37
"30134001001","Thẻ Bảo Vệ Điểm Rank","Hàng chức năng","Thẻ thưởng","","","Purple","","",241532250,24505696,29334832,70374362,47282227,33149975,10255438,26496057,133663,8066461,4194629,2481582,2286528,2355826,2263186,2720398,2665080,2977421,16317559,1852353,41148,34796,20965,621322,473554,364684,271174,219191,208778,514245,649289,493759,349270,261655,209283,499920,2282437,2559629,2357459,2248089,2398939,2295323,2175683,1808827,6772,6943,7784,6976,7159,7892,6864,6775,6023,5460,5368,5251,5407,4767,5126,4363,4577,5117,5119,5727,4904,5168,5426,5467,2729469,7819,320,37
"34801324000","Xu Bóng Đá","Xu Gacha","Xu Gacha","","","Orange","","",227212259,0,0,0,0,0,0,227212259,0,0,0,0,0,0,0,574245,56161905,87758024,82717742,343,0,0,0,5040898,5131164,7048016,9980908,11467321,13071191,10557903,8865799,9824372,11874955,13395440,16121605,17117950,11624198,10587612,10159846,10828428,14236164,14414769,10866725,343,0,0,0,0,0,0,0,0,0,0,0,0,0,0,0,0,0,0,0,0,0,0,0,0,282702,6767,290,34
"34901006000","Huy Hiệu Ragnarok","Xu Đổi Thưởng","Xu Đổi Thưởng","","","Orange","","",218049036,50561568,53013095,9024661,0,73818001,20565728,0,11065983,2773802,33027313,7827018,4013045,2572410,0,0,0,0,0,0,0,8745437,2320546,0,0,0,0,0,0,0,0,0,0,0,0,0,0,0,0,0,0,0,0,0,0,0,0,0,0,0,0,0,0,0,0,0,0,0,0,0,2620518,3374063,1630134,1120722,792965,615417,522207,389957,207078,7667,320,37
"30310010001","Rương Kỳ Diệu","Rương kho báu","Rương kho báu bí ẩn","","","Orange","","",175495297,0,0,0,0,6868685,86118561,82380030,128021,216,16903319,18376675,18366937,19818399,19521700,19802057,18978038,18715006,21321893,3589767,40427,38428,22435,3009871,2729613,2567833,2480333,2315068,2594101,3520573,2750812,2608135,2435626,2351744,2377496,2670620,3941271,3053534,2789195,2727903,2856147,2955188,2998655,3325820,237216,4164,5269,4897,5623,6778,6237,6017,5987,5878,5225,5533,5550,5383,5413,5042,5348,5417,5537,6288,5478,5744,5424,5789,790043,7527,319,37
"30310501000","Rương 50 Gem","Rương kho báu","Rương kho báu","","","Orange","","",124109971,19181394,23562125,11243104,28312750,12791584,9177589,7524274,12317151,1734086,4486893,2278167,1956892,2027760,1571851,1647656,1584461,1417492,1536024,5224496,4060463,2892416,1478417,253433,239930,219318,213160,177451,181874,284857,238579,205453,179267,178368,155335,175633,260272,230533,244332,212579,216352,202744,169212,174756,1163885,1058291,871089,738057,624970,593448,714554,624405,532107,510898,652507,555401,470591,529817,468188,396492,372089,367372,362529,395929,417212,382625,351766,326814,1867548,7824,320,37
"30310542000","Rương Gilt Primary","Rương kho báu","Rương kho báu","","","Orange","","",94029199,14689868,24042672,10879740,25356260,6957703,7053856,2898165,2150935,556707,2529545,1617071,2210441,891135,1461626,624914,887634,396459,310540,1276968,381923,799051,371611,141295,108777,83132,76550,72504,69784,58881,53315,49042,46679,50450,67770,70322,47642,44098,39640,39038,41897,49233,48992,45319,633299,167687,111484,120206,106827,92146,69008,63744,53174,52443,49655,46588,47311,42706,40884,39791,127270,258275,155972,134153,116563,96457,81411,77180,3592554,7820,320,37
"30310544000","Rương Vũ Khí Noble Dragon","Rương kho báu","Rương kho báu","","","Orange","","",91245242,14539372,15853325,16519281,25437649,6926025,6979068,2864976,2125546,556678,2491537,1611732,2172626,895298,1425169,623170,877978,382054,314546,1247463,380478,802875,361958,145810,109822,79514,71624,72101,64577,56446,49234,48394,43710,50199,65943,68128,45376,45001,40921,39058,43981,49873,50336,42917,624311,161344,108418,112383,110414,87676,69170,59869,52944,50221,47673,48402,52199,42889,43709,39803,127601,255923,157917,135033,112042,91665,80577,77674,3592427,7821,320,37
"30310545000","Rương Vũ Khí Earl","Rương kho báu","Rương kho báu","","","Orange","","",89795827,14473170,15810029,14935791,25844725,6827292,6959741,2831048,2114031,546878,2466799,1580636,2170737,881193,1470710,631266,882517,375243,297290,1225126,382849,786018,364770,140976,104546,81730,74793,76067,68254,57518,50544,46704,43910,48869,62718,64980,43742,41791,40038,37363,41594,46924,45838,42562,602170,157982,112300,113886,107896,88330,67146,67357,53449,50569,48088,48741,47499,40349,42086,39607,126809,247435,156806,132926,112508,90579,82700,78983,3591147,7821,320,37
"30310543000","Rương Vũ Khí Gilt Secondary","Rương kho báu","Rương kho báu","","","Orange","","",85795280,14491661,16108565,10789414,25377283,6991561,7060664,2841407,2134725,567569,2548061,1624005,2196783,907210,1446855,608029,885336,378106,316538,1240924,382928,795086,369185,145669,112989,84026,77354,73108,66405,56647,50412,46883,45717,48111,63016,67320,46417,45360,43369,39974,44894,49015,47509,44022,609376,164731,110546,117109,108312,86828,71513,65907,52200,49870,48242,46503,48693,41392,40432,39885,126488,258978,152694,135217,115914,96719,80173,76379,3567540,7820,320,37
"30310566000","Rương Búp Bê Gấu Koala","Rương kho báu","Rương kho báu","","","Orange","","",80511347,13716330,14835623,10723151,23702801,6380741,6507088,2663928,1981685,500351,2274868,1536342,2029773,853082,1306952,576122,833076,356041,285157,1160603,348230,744331,342053,137616,98616,74082,71010,69465,64459,53477,47801,44781,43454,45377,59704,61447,42042,39741,36160,35134,40362,47331,44387,40313,573219,155222,103446,107972,98485,81946,63990,57883,47399,46685,45271,42821,44181,36559,39816,36385,120883,244207,142628,123853,107170,88000,75675,71208,3556459,7820,320,37
"30310567000","Rương Búp Bê Totoro","Rương kho báu","Rương kho báu","","","Orange","","",79832771,13743199,14668753,10790526,23498787,6241780,6369812,2566726,1953188,500741,2259231,1484968,1948429,835784,1316608,559571,794786,336610,269214,1145078,351050,736332,327273,132436,97049,73431,66587,65719,60049,50833,45648,43432,39211,43120,56939,57427,40055,38394,34630,32288,36532,43833,43482,38999,567546,149672,104361,105791,96340,82369,64767,56777,48678,46117,44979,46101,43631,38893,38362,35119,117335,239684,143793,123146,101233,87331,70384,68325,3558352,7821,320,37
"30311777000","30311777000","","","","","","","",66767225,10651129,11490767,13172769,17960927,4856156,5025338,2068952,1541187,379453,1786115,1155532,1548482,653444,1049182,446634,635232,277671,226997,905773,277219,571449,269164,103532,77221,56762,54818,55709,49572,40154,35431,33639,33825,34930,49236,50456,32570,32327,30433,28489,30423,36855,35900,30700,451718,115629,80947,82763,76070,67946,50559,47395,39394,34126,36201,35742,33802,30512,28432,29094,90198,186842,111341,95030,82879,70278,59616,56391,3457085,7819,320,37
"31209009000","Thẻ Trải Nghiệm Cận Chiến-VIP","Phiếu trải nghiệm","Phiếu dùng thử","","","Purple","","",62634017,3659655,8608586,9428525,12157190,9210751,5891875,8088855,5588580,2197494,1650068,1421864,1349336,1388868,1365117,1780355,1714914,1730233,1677797,2040868,1786024,1686845,1260399,355854,212620,147714,110974,91432,184400,655934,359658,206392,137741,103193,87423,179892,597573,361716,207926,143084,110396,92734,164368,442923,742633,301201,154484,103088,81842,214697,769295,374047,188325,126911,88407,72130,166909,621331,351179,205801,134882,108584,86057,179011,581840,342960,202256,133343,2183268,7821,320,37
"30134004001","Thẻ X2 Điểm Xếp Hạng","Hàng chức năng","Thẻ thưởng","","","Purple","","",61611968,9167441,8748564,31880126,5497101,2422250,646990,3024245,225251,508914,211308,125967,188959,113304,156562,123704,167920,431436,2053673,303783,63749,72751,32480,31654,29743,25781,20631,15278,13824,13077,20840,21633,58365,150209,76163,91149,243660,285522,279192,277738,333290,315343,318928,237249,10263,11422,11265,10597,11154,11833,10097,10338,9106,8637,8528,8159,8884,11570,11947,10418,10511,10759,8474,9072,7578,8176,8291,8435,2492565,7820,320,37
"30310557000","Rương Nón Bí Ngô","Rương kho báu","Rương kho báu","","","Orange","","",59621380,10563039,11082249,7501011,17489179,4693186,4815641,1988447,1488628,375595,1696378,1131966,1488365,627191,987783,434329,617062,270290,215112,861620,265379,560620,252663,100905,75145,56832,53940,50485,47075,43250,36645,33123,33088,33791,45617,44776,31236,31356,27257,27120,29881,34318,33944,30166,421488,111356,74733,82791,76442,64644,49759,44566,36045,33743,34563,33286,33417,29838,29403,28409,89008,182020,108025,93917,78788,62973,56788,54114,3425829,7818,320,37
"30310562000","Rương Ba Lô Hỏa Tiễn","Rương kho báu","Rương kho báu","","","Orange","","",59601656,10531595,11198167,7406095,17541718,4675529,4784553,1993282,1470717,378981,1671561,1112157,1456115,616367,1019173,433501,628055,265021,210959,861263,264576,547787,252837,102469,76090,55442,51672,51580,46000,40181,32923,33141,32166,35445,46465,44700,31876,30646,27887,26046,29635,32870,31999,29160,426586,112018,78174,77313,76072,61940,48829,45100,35082,35447,34336,34050,31732,28342,28453,27956,88709,174737,106355,93235,78646,66238,56032,51921,3424702,7820,320,37
"30310563000","Rương Ba Lô Búp Bê Subject Alpha","Rương kho báu","Rương kho báu","","","Orange","","",59290485,10533836,11156110,7558744,17345237,4612700,4681214,1944640,1458004,382929,1669184,1100369,1415005,598011,987683,429067,589152,271186,213181,848086,258704,546280,246988,96630,73391,54220,51094,50342,43670,40207,36288,33559,32488,34604,47464,46576,31328,30244,27333,26281,29823,34140,34032,28688,413366,111044,75698,83464,74170,61656,46793,41910,35384,31797,35614,34542,32664,27423,27827,28454,88019,182039,101321,91197,75661,63901,54322,53104,3424316,7820,320,37
"30310010002","Rương Kỳ Diệu Mùa Hè","Rương kho báu","Rương kho báu bí ẩn","","","Orange","","",58469672,0,0,0,0,0,0,1766007,56703665,0,0,0,0,0,0,0,0,0,323,14098622,19353948,16143210,8873569,0,0,0,0,0,0,0,0,0,0,0,0,0,0,0,0,128,183,12,0,185,1765499,2636208,2163440,2771231,2355412,2406647,2879787,2630284,2708919,2501863,2346727,3351038,2935330,2805451,2334487,2172557,2044540,2223592,2251322,2311261,2568091,2257846,2092627,1955005,398974,6843,295,37
"31207007000","Thẻ Trải Nghiệm Shotgun VIP","Phiếu trải nghiệm","Phiếu dùng thử","","","Purple","","",56661284,3336118,7843088,8361586,10896696,8335452,5473207,7298700,5116437,1961339,1485541,1312761,1249016,1291610,1266998,1607017,1559741,1580850,1532216,1863133,1628002,1514738,1129440,362966,229445,163077,120193,94856,138751,481484,370825,231948,153733,114222,92498,136140,430927,362255,230886,158503,120632,99914,129099,299023,719853,328137,169870,107174,81349,157727,597336,389524,207833,139312,92895,75693,125409,452921,347695,222761,149712,116553,91660,133436,426803,338276,216092,148269,1941481,7820,320,37
"34901305000","Huy Hiệu Continue","Xu Đổi Thưởng","Xu Đổi Thưởng","","","Orange","","",52066422,0,0,45124986,6941425,0,3,8,0,0,0,3,0,0,0,0,4,0,0,4,0,0,0,0,0,4,0,0,0,0,0,0,0,0,0,0,0,0,0,0,0,0,0,0,4,0,0,0,0,0,0,0,0,0,0,0,0,0,0,0,0,0,0,0,0,0,0,0,20781,2660,229,35
"30409005000","Thẻ EXP 10000","Vật liệu","Thẻ điểm kinh nghiệm","","","Blue","","",47207419,6412637,7050330,6209130,10143557,7164259,4410582,3419964,2396960,1300648,2446211,1023435,1129267,710759,872777,668196,842399,667710,675470,1485702,569976,599909,307562,132381,113016,104141,93773,86861,88141,129676,106104,91729,82439,82976,86194,88592,125311,106943,96860,87003,98760,83122,77471,88365,477824,274287,208439,173266,142934,120587,105647,90035,76519,70842,84305,75757,66871,64808,64402,56915,84605,145012,91985,92182,89681,79284,69967,68630,3027166,7823,320,37
"31203003000","Thẻ Trải Nghiệm Rifle","Phiếu trải nghiệm","Phiếu dùng thử","","","Purple","","",41613876,2526844,5762173,5562500,7386044,5803281,4571718,5761691,4239625,1268087,1114361,1083956,1027350,1075013,1044509,1272374,1260038,1282111,1239308,1526757,1330561,1218511,871656,293343,226600,172230,129419,102964,97441,244321,310002,238414,168721,125111,100093,95449,223789,284923,227988,169624,132426,106114,94444,133385,574475,338658,184233,114292,83713,98001,349112,346954,214866,150125,100133,78309,91062,247744,282376,213570,156432,123428,96264,98697,230333,274348,210944,156031,1512268,7808,320,37
"31206006000","Thẻ Thử SMG-Quý","Phiếu trải nghiệm","Phiếu dùng thử","","","Purple","","",31910371,1962106,4596358,4129907,5583465,4358178,3681740,4241590,3357027,908684,867809,872373,814628,858266,814605,963295,959083,980233,933771,1202509,1037051,923253,599422,181396,184883,166221,131052,107764,86193,99218,188644,197885,166047,133211,110238,84990,90837,169264,174448,157270,137206,116350,88396,43156,362052,310800,192552,125355,92371,76223,172350,246529,198190,150233,109246,87176,73327,118082,179252,176297,143535,121817,100901,83369,106841,174868,174545,143168,1260512,7802,320,37
"34901312000","Xu Đổi Yumo","Xu Đổi Thưởng","Xu Đổi Thưởng","","","Orange","","",26011279,0,0,0,0,0,0,25139653,871626,0,0,0,0,0,0,13114598,7781609,2466615,1402777,1245680,0,0,0,1668598,1709361,1291736,840598,449688,508276,580068,310179,346936,327823,363572,281460,256577,289402,160309,202425,168648,262229,145297,174467,98772,275282,301495,173302,124893,137254,134682,0,0,0,0,0,0,0,0,0,0,0,0,0,0,0,0,0,0,174275,6223,281,37
"31234313000","Thẻ Trải Nghiệm Vũ khí Đấu Rank A","Phiếu dùng thử","Thẻ tự chọn","","","Orange","","",23887957,6400960,1897127,957147,5301125,3847455,2080957,1843933,1559253,158832,3752380,576726,356978,288738,244210,183115,177409,177474,187404,1927487,387086,246547,116664,25821,25827,23634,24400,26085,28085,25036,24611,23553,23283,24451,26921,29619,24572,25703,25350,23842,27376,29748,30813,23135,1095396,304880,173043,124999,107310,98724,72285,67792,56992,54608,45176,42838,47395,38303,34829,32776,33366,36403,33869,37001,28884,28733,29875,29172,3150114,7824,320,37
"34901304000","Đá Rực Rỡ","Xu Đổi Thưởng","Xu Đổi Thưởng","","","Orange","","",23494097,3071856,4836048,3040289,5873744,2059600,2092509,1337892,1182159,192971,755733,499115,567245,303517,439643,244122,321351,151998,123683,868047,220000,408825,182025,52429,39075,29191,28135,27713,24473,22408,19552,17882,17533,20397,28105,26121,18667,17677,16324,15014,16512,20586,18903,16943,479795,103865,67755,78869,67883,52937,40616,34362,29887,28560,29343,29447,27785,25722,24459,23276,73662,124309,70971,66426,60139,46493,39135,36258,2459818,7817,320,37
"30409007000","Thẻ EXP 50000","Vật liệu","Thẻ điểm kinh nghiệm","","","Blue","","",22472422,3783862,4452241,2541134,5605482,2079241,2067375,966610,976477,205711,1022856,500650,513771,385766,368196,235889,239899,136806,120687,579191,267512,248099,115004,39451,36400,27700,28410,23398,20879,24568,20927,20518,16116,17887,17793,18997,17784,17831,18600,16970,17444,16782,15276,6950,226379,104952,75116,65796,52453,47545,49517,39674,34573,32610,44067,37002,30069,31020,30792,24983,37471,51989,36531,35313,34777,32584,24194,23449,1968678,7823,320,37
"34801308000","Xu May Mắn TiTan","Xu Gacha","Xu Gacha","","","Orange","","",20924681,0,0,13699307,7223283,1023,2,2,1064,1021,0,0,0,2,0,2,0,0,0,0,0,1064,0,0,0,0,0,0,0,0,0,0,0,0,0,0,0,0,0,0,0,0,0,0,0,0,0,0,0,0,0,0,0,0,0,0,0,0,0,0,1064,0,0,0,0,0,0,0,90260,6452,301,37
"30104001000","Xu Hồi Sinh","Hàng chức năng","Công cụ sinh hóa","","","Blue","","",20109182,0,0,0,0,1205399,909814,729373,17264596,0,1525772,334439,116928,79406,58668,51321,33103,29063,30795,943598,2727735,6691739,7486615,5349,4803,4865,5188,4465,5237,3997,3544,4085,3739,4433,4629,4636,2794,5198,3537,4393,4815,4959,5099,7419,577672,139725,74948,52931,46461,44442,32377,246364,563513,478809,429926,459725,517021,492053,500165,786907,847389,1268373,1329613,1467239,1844782,2172236,1695955,1773642,469165,7414,317,37
"30311504000","Rương Gem-Cao","Rương kho báu","Rương kho báu","","","Orange","","",19980475,0,475842,2397345,3154151,2672875,4160396,3305528,3814338,398739,1108416,1221441,871017,704567,783330,773484,920960,771085,639483,950075,842143,1365281,857355,128250,109746,111838,99575,161209,99573,90035,131937,94640,101987,111088,142320,99078,116966,106892,86679,66818,64298,107367,90463,71117,129399,108288,106976,178538,172636,183121,112171,138372,113248,89799,106862,146238,135453,125213,121995,113261,221550,279349,228331,275582,243464,228698,210890,174303,133209,4497,207,24
"10601001006","USP","Vũ khí phụ","Pistol","Secondary","Súng lục","Whtie","","",19596943,7111154,3264704,2787013,4858614,799468,320150,307468,148372,123829,96149,75816,66858,67126,67484,63586,66564,72692,83726,53044,40714,46430,29084,9008,9132,9248,9532,9694,11180,9852,9636,9228,9006,10856,11514,12600,11294,12662,11604,11546,12162,12158,12300,11598,9302,6334,6346,6180,6406,6878,5912,5766,5590,5660,6202,5780,5804,5314,5726,6104,6478,7168,7458,8182,6584,7020,7598,7882,6667179,7811,319,37
"34901310000","Xu Đổi Mùa Hè","Xu Đổi Thưởng","Xu Đổi Thưởng","","","Orange","","",16242957,0,0,0,0,0,0,5914091,10328866,0,0,0,0,0,0,0,0,0,0,11890112,2667190,1170272,515383,0,0,0,0,0,0,0,0,0,0,0,0,0,0,0,0,0,0,0,0,1150,5912941,1950537,1513036,1156394,765794,590260,606721,299543,696073,229348,355693,242957,236855,157744,231831,132876,176702,192425,192072,86622,145843,123280,133661,112599,116157,5687,271,35
"34901311000","Xu Đổi Iron Beast-Punk","Xu Đổi Thưởng","Xu Đổi Thưởng","","","Orange","","",15178029,0,0,0,10474366,4703663,0,0,0,982870,90308,0,0,0,0,0,0,0,0,0,0,0,0,0,0,0,0,0,0,0,0,0,0,0,0,0,0,0,0,0,0,0,0,0,0,0,0,0,0,0,0,0,0,0,0,0,0,0,0,0,0,0,0,0,0,0,0,0,17363,4371,297,37
"34901313000","Xu Đổi Wu Mengmeng","Xu Đổi Thưởng","Xu Đổi Thưởng","","","Orange","","",14966472,0,0,0,0,0,0,0,14966472,0,0,0,0,0,0,0,0,0,0,0,9497364,4548209,920899,0,0,0,0,0,0,0,0,0,0,0,0,0,0,0,0,0,0,0,0,0,0,0,0,0,0,0,0,0,0,2886600,4007381,1471946,1131437,825526,690011,722379,756891,638505,544994,369903,276340,149442,272682,222435,140295,5698,263,33
"30310462000","Rương Gem Tuần","Rương kho báu","Rương kho báu","","","Orange","","",14634612,2570972,2971745,2152383,2126907,1545989,1314763,1212154,739699,350318,386116,332897,298511,303251,277933,274614,260299,255255,258419,269364,241705,232430,159767,34954,20710,15700,12822,11798,43693,117812,33055,19365,14371,13078,12340,45234,113966,33622,20434,15611,13905,12941,47940,119497,44070,21722,15562,12244,11519,44750,116282,32513,18391,13641,10535,9421,40922,108549,29574,16596,13102,12766,10040,41803,100028,29065,17376,13298,2076726,7824,320,37
"34901020000","Huy Hiệu Frost","Xu Đổi Thưởng","Xu Đổi Thưởng","","","Purple","","",14523146,0,5742840,3039107,188994,0,0,4609104,943101,0,0,0,0,0,0,0,0,3468587,950673,618869,514076,0,0,0,0,0,0,0,0,0,0,0,1434108,1301782,453548,279149,180451,161393,153478,126627,115591,90232,122901,70908,118936,118220,97423,78097,80978,54307,55899,62784,60322,50468,148298,93721,42584,0,0,0,0,0,0,0,0,0,0,0,38659,5953,314,37
"10802001001","10802001001","Vật phóng","Grenade","Utility","Đặc biệt","Whtie","","",13741247,4740769,2176469,1858010,3239082,562932,480225,461202,222558,82581,129746,113724,100287,100689,101226,95379,99846,109038,125589,79566,61071,69645,43626,13512,13698,13872,14298,14541,16770,14778,14454,13842,13509,16284,17271,18900,16941,18993,17406,17319,18243,18237,18450,17397,13953,9501,9519,9270,9609,10317,8868,8649,8385,8490,9303,8670,8706,7971,8589,9156,9717,10752,11187,12273,9876,10530,11397,11823,6667179,7811,319,37
"10803001001","Smoke","Vật phóng","Grenade","Utility","Đặc biệt","Whtie","","",13741246,4740770,2176470,1858009,3239081,562932,480225,461201,222558,82581,129746,113724,100287,100689,101226,95378,99846,109038,125589,79566,61071,69645,43626,13512,13698,13872,14298,14541,16770,14778,14454,13842,13509,16284,17271,18900,16941,18993,17406,17319,18243,18237,18450,17397,13953,9501,9519,9270,9609,10317,8868,8649,8385,8490,9303,8670,8706,7971,8589,9156,9717,10752,11187,12273,9876,10530,11397,11823,6667179,7811,319,37
"10801001001","Grenade","Vật phóng","Grenade","Utility","Đặc biệt","Whtie","","",13741242,4740770,2176469,1858009,3239080,562932,480224,461200,222558,82581,129746,113724,100287,100688,101226,95378,99845,109038,125589,79566,61071,69645,43626,13512,13698,13872,14298,14541,16769,14778,14454,13842,13509,16284,17271,18900,16941,18993,17406,17319,18243,18237,18450,17397,13953,9501,9519,9270,9609,10317,8868,8649,8385,8490,9303,8670,8706,7971,8589,9156,9717,10752,11187,12273,9876,10530,11397,11823,6667179,7811,319,37
"34801307000","Xu May Mắn Lôi Thú","Xu Gacha","Xu Gacha","","","Orange","","",13566482,454030,10442665,2666672,2106,0,0,0,1009,0,0,0,0,0,0,0,0,0,0,0,0,1009,0,0,0,0,0,0,0,0,0,0,0,0,0,0,0,0,0,0,0,0,0,0,0,0,0,0,0,0,0,0,0,0,0,0,0,0,0,0,1009,0,0,0,0,0,0,0,66561,5525,277,34
"34901024000","Xu Đổi Zombie","Xu Đổi Thưởng","Xu Đổi Thưởng","","","Orange","","",12292818,0,3081480,4932441,318670,0,428992,21698,3509537,0,0,239854,99088,51690,38360,21698,0,0,0,1957502,938853,419150,194032,0,0,0,0,0,0,0,0,0,0,0,0,0,0,0,0,0,0,0,0,0,0,0,663943,787414,303857,202288,178434,149750,119958,118407,185221,102507,84576,69052,53225,83741,68677,54727,49907,39821,50883,46087,44225,52837,30591,6211,313,37
"30311582000","Hộp Tùy Biến Đường Parabol","Rương kho báu","Rương kho báu","","","Orange","","",7891005,2387056,783334,265964,1809757,1012902,542089,590506,499397,51462,927110,149463,94561,78788,67780,52553,50537,51469,55779,640455,122160,78320,38630,7144,7316,6842,7119,7353,8016,7340,7129,6881,6745,7064,7794,8516,7247,7398,7477,7269,8090,8934,9364,7011,373157,99821,56305,39881,33368,30912,22872,21210,18147,17162,14275,13866,14628,12166,11254,10441,10600,11522,10650,11687,9673,9573,9829,9555,2171031,7820,320,37
"32401040000","Trang Sức MOS","Biến đổi vũ khí","Trang sức","","","C","","",7647517,2933834,3068614,391392,708679,200110,204288,93307,47293,10982,140330,50381,55171,30266,35810,22229,27490,15955,13940,27905,9515,16169,7397,4599,4052,2975,3027,2480,2569,2573,2456,2300,1749,2180,2315,2382,2177,2219,2071,1830,1902,2047,1694,1037,12656,3841,2567,3109,2631,2064,1731,1532,1341,1295,1248,1166,1202,1021,999,823,2828,4907,2791,2800,2261,1863,1779,1494,2612224,7795,320,37
"34901022000","Xu Truyền Kỳ","Xu Đổi Thưởng","Xu Đổi Thưởng","","","Purple","","",6921651,38026,207075,100805,2179546,1573954,634781,1581382,606082,25381,1546706,202185,146821,100863,63343,43848,32991,27270,26532,1774723,149276,92248,40576,4806,4845,4468,4856,4422,4594,4146,3814,3734,3756,3941,3907,3972,3685,3593,3674,3730,3869,4000,3981,3154,1447587,153019,63169,39448,34963,33383,25907,25954,22604,21441,19158,16933,17279,14430,14216,12200,13291,13502,12008,12601,10577,9589,10370,10040,401123,7675,314,36
"30306607000","Rương 20 Gem","Rương kho báu","Rương kho báu","","","Orange","","",6697105,582552,873749,1025537,1303787,961839,635998,443824,869819,184514,200828,179824,173873,131374,79006,86246,92785,85316,86871,332656,264985,240202,124582,11273,16476,15839,14742,11912,9156,11582,13583,11109,13980,14481,10576,10005,10072,11071,11286,11467,16677,10630,15668,9742,82864,49859,56345,47686,43085,43075,40731,37423,35012,37510,41450,35805,37054,35684,37034,40836,31890,34138,33755,26865,26170,28184,35738,34490,67817,7229,320,37
"20101001000","SWAT","Nhân vật","Nhân vật","","","Green","","",6667642,2370384,1088235,929005,1619543,272480,160075,153734,74186,41282,45179,37908,33429,33563,33742,31793,33282,36346,41863,26522,20357,23215,14542,4504,4566,4624,4766,4847,5590,4926,4818,4614,4503,5428,5757,6300,5647,6331,5802,5773,6081,6079,6150,5799,4651,3167,3173,3090,3203,3439,2956,2883,2795,2830,3101,2890,2902,2657,2863,3052,3239,3584,3729,4091,3292,3510,3799,3941,6667179,7811,319,37
"30102003000","Túi 3","Hàng chức năng","Balo","","","Blue","","",6667639,2370384,1088234,929005,1619541,272480,160075,153734,74186,41282,45179,37908,33429,33563,33742,31793,33282,36346,41863,26522,20357,23215,14542,4504,4566,4624,4766,4847,5590,4926,4818,4614,4503,5428,5757,6300,5647,6331,5802,5773,6081,6079,6150,5799,4651,3167,3173,3090,3203,3439,2956,2883,2795,2830,3101,2890,2902,2657,2863,3052,3239,3584,3729,4091,3292,3510,3799,3941,6667178,7811,319,37
"10201001006","AWM","Vũ khí chính","Sniper","Sniper","AWM","Whtie","","",6667638,2370385,1088235,929004,1619539,272480,160075,153734,74186,41282,45179,37908,33429,33563,33742,31793,33282,36346,41863,26522,20357,23215,14542,4504,4566,4624,4766,4847,5590,4926,4818,4614,4503,5428,5757,6300,5647,6331,5802,5773,6081,6079,6150,5799,4651,3167,3173,3090,3203,3439,2956,2883,2795,2830,3101,2890,2902,2657,2863,3052,3239,3584,3729,4091,3292,3510,3799,3941,6667179,7811,319,37
"10101001006","AK47","Vũ khí chính","Rifle","Rifle","AK47","Whtie","","",6667636,2370385,1088235,929003,1619540,272480,160075,153732,74186,41282,45179,37908,33429,33563,33742,31792,33282,36346,41862,26522,20357,23215,14542,4504,4566,4624,4766,4847,5590,4926,4818,4614,4503,5428,5757,6300,5646,6331,5802,5773,6081,6079,6150,5799,4651,3167,3173,3090,3203,3439,2956,2883,2795,2830,3101,2890,2902,2657,2863,3052,3239,3584,3729,4091,3292,3510,3799,3941,6667176,7811,319,37
"33001002000","Xúc Xắc Tân Binh","Xúc xắc","Xúc xắc","","","Orange","","",6667636,2370384,1088235,929004,1619538,272480,160075,153734,74186,41282,45179,37908,33429,33563,33742,31793,33282,36346,41863,26522,20357,23215,14542,4504,4566,4624,4766,4847,5590,4926,4818,4614,4503,5428,5757,6300,5647,6331,5802,5773,6081,6079,6150,5799,4651,3167,3173,3090,3203,3439,2956,2883,2795,2830,3101,2890,2902,2657,2863,3052,3239,3584,3729,4091,3292,3510,3799,3941,6667179,7811,319,37
"30102004000","Túi 4","Hàng chức năng","Balo","","","Blue","","",6667635,2370384,1088235,929004,1619537,272480,160075,153734,74186,41282,45179,37908,33429,33563,33742,31793,33282,36346,41863,26522,20357,23215,14542,4504,4566,4624,4766,4847,5590,4926,4818,4614,4503,5428,5757,6300,5647,6331,5802,5773,6081,6079,6150,5799,4651,3167,3173,3090,3203,3439,2956,2883,2795,2830,3101,2890,2902,2657,2863,3052,3239,3584,3729,4091,3292,3510,3799,3941,6667179,7811,319,37
"30102001000","30102001000","","","","","","","",6667635,2370385,1088235,929003,1619537,272480,160075,153734,74186,41282,45179,37908,33429,33563,33742,31793,33282,36346,41863,26522,20357,23215,14542,4504,4566,4624,4766,4847,5590,4926,4818,4614,4503,5428,5757,6300,5647,6331,5802,5773,6081,6079,6150,5799,4651,3167,3173,3090,3203,3439,2956,2883,2795,2830,3101,2890,2902,2657,2863,3052,3239,3584,3729,4091,3292,3510,3799,3941,6667178,7811,319,37
"30102002000","30102002000","","","","","","","",6667635,2370385,1088235,929003,1619538,272480,160075,153733,74186,41282,45179,37908,33429,33563,33742,31792,33282,36346,41863,26522,20357,23215,14542,4504,4566,4624,4766,4847,5590,4926,4818,4614,4503,5428,5757,6300,5647,6331,5802,5773,6081,6079,6150,5799,4651,3167,3173,3090,3203,3439,2956,2883,2795,2830,3101,2890,2902,2657,2863,3052,3239,3584,3729,4091,3292,3510,3799,3941,6667177,7811,319,37
"20201001000","Zombie","Zombie","Zombie","","","Purple","","",6667634,2370384,1088235,929004,1619536,272480,160075,153734,74186,41282,45179,37908,33429,33563,33742,31793,33282,36346,41863,26522,20357,23215,14542,4504,4566,4624,4766,4847,5590,4926,4818,4614,4503,5428,5757,6300,5647,6331,5802,5773,6081,6079,6150,5799,4651,3167,3173,3090,3203,3439,2956,2883,2795,2830,3101,2890,2902,2657,2863,3052,3239,3584,3729,4091,3292,3510,3799,3941,6667179,7811,319,37
"10102001006","M4A1","Vũ khí chính","Rifle","Rifle","M4A1","Whtie","","",6667633,2370383,1088235,929004,1619536,272480,160075,153734,74186,41282,45179,37908,33429,33563,33742,31793,33282,36346,41863,26522,20357,23215,14542,4504,4566,4624,4766,4847,5590,4926,4818,4614,4503,5428,5757,6300,5647,6331,5802,5773,6081,6079,6150,5799,4651,3167,3173,3090,3203,3439,2956,2883,2795,2830,3101,2890,2902,2657,2863,3052,3239,3584,3729,4091,3292,3510,3799,3941,6667178,7811,319,37
"10503001006","Armsel Striker","Vũ khí chính","Shotgun","Shotgun","Shotgun","Green","","",6667633,2370384,1088235,929004,1619536,272480,160075,153733,74186,41282,45179,37908,33429,33563,33742,31793,33282,36345,41863,26522,20357,23215,14542,4504,4566,4624,4766,4847,5590,4926,4818,4613,4503,5428,5757,6300,5647,6331,5802,5773,6081,6079,6150,5799,4651,3167,3173,3090,3203,3439,2956,2883,2795,2830,3101,2890,2902,2657,2863,3052,3239,3584,3729,4091,3292,3510,3799,3941,6667178,7811,319,37
"10802039001","Flashbang-Beijing Opera-Mo","Vật phóng","Grenade","Utility","Đặc biệt","Purple","","",6275412,2370384,1088235,929005,1619535,256888,5537,3031,2797,41265,9459,1797,963,732,757,728,749,630,604,1149,681,748,539,98,105,94,112,107,114,98,81,91,82,89,93,96,88,84,81,75,75,92,109,98,222,158,140,187,166,178,135,126,84,87,90,88,71,84,85,94,79,167,129,110,159,138,108,134,6264342,7741,317,37
"10803018001","Smoke-Lucky Rat","Vật phóng","Grenade","Utility","Đặc biệt","Purple","","",6275283,2370383,1088235,929005,1619536,256523,5410,3315,2876,41265,8919,1727,913,826,831,730,829,703,741,1073,734,793,588,124,126,110,115,113,128,109,96,96,104,95,104,99,103,96,100,80,93,135,134,125,187,131,154,172,148,156,153,122,110,95,91,78,85,77,92,88,88,158,139,151,168,177,121,122,6265488,7745,318,37
"10801075001","Grenade-Chilli","Vật phóng","Grenade","Utility","Đặc biệt","Purple","","",6272149,2370384,1088235,929005,1619534,255114,4110,3046,2721,41265,6953,938,989,764,863,840,863,629,476,804,629,881,645,122,119,112,111,117,139,111,109,104,92,69,65,79,59,70,48,60,78,81,80,105,133,93,103,142,106,122,111,111,83,96,83,81,64,73,91,104,118,190,151,154,203,164,137,141,6266409,7745,318,37
"10102077006","M4A1-Blue Crystal","Vũ khí chính","Rifle","Rifle","M4A1","Purple","","",6263981,2370384,1088235,929005,1619541,254694,1125,474,523,41265,6233,530,120,119,100,104,91,112,130,105,137,219,99,14,12,11,15,9,14,14,13,9,11,6,27,32,13,20,15,14,18,23,27,27,10,9,5,18,14,22,19,23,16,17,14,25,23,19,24,17,27,53,42,37,27,19,29,24,6262777,7735,317,37
"10703014006","B.C Axe-Blue Crystal","Cận chiến","Melee","Melee","Cận chiến","Purple","","",6263370,2370383,1088235,929005,1619535,254673,898,260,381,41265,6188,408,93,77,88,58,52,61,67,61,61,169,112,9,6,5,11,7,7,7,7,5,2,8,14,18,9,10,6,9,9,13,11,16,6,2,9,7,10,11,11,7,8,9,8,3,15,8,11,11,20,35,38,46,35,25,32,20,6262248,7733,318,37
"10602031006","Desert Eagle-Blue Crystal","Vũ khí phụ","Pistol","Secondary","Súng lục","Purple","","",6262851,2370384,1088235,929005,1619539,254632,607,214,235,41265,6083,262,67,59,51,37,45,54,62,36,37,109,69,7,6,5,7,7,6,8,8,7,3,5,12,11,7,12,7,9,8,11,8,11,5,0,2,7,2,9,8,3,5,4,6,2,9,5,8,6,9,33,25,23,15,17,20,17,6261907,7733,318,37
"30306085000","30306085000","","","","","","","",5645390,0,22309,45106,4583,925585,3230195,1417612,0,0,1401035,906623,706102,659625,482395,431382,360626,309652,283734,32218,0,0,0,61870,55383,49861,45770,43060,42480,51375,52486,47070,42395,39092,38081,39153,43445,46090,45453,38654,39452,37122,33518,32218,0,0,0,0,0,0,0,0,0,0,0,0,0,0,0,0,0,0,0,0,0,0,0,0,456904,7493,318,37
"30460006000","Thẻ Battle Pass 50","Vật liệu","Thẻ điểm kinh nghiệm BP","","","Purple","","",5336772,583512,765844,959565,54751,56115,383843,502001,2031141,22,94623,94999,109976,82079,58259,65972,85052,64655,50576,1187814,828449,181731,68893,9033,11112,16920,17719,11032,9389,10761,10159,8609,10157,9836,7772,7361,7048,7226,8155,8157,7598,6672,5720,3524,232222,196510,191131,188022,187821,188584,183797,181655,173340,155516,68079,35370,30692,30350,29131,26294,28761,23282,23919,19994,17554,13459,17587,20293,172169,7459,320,37
"34801311000","Xu May Mắn Cyborg","Xu Gacha","Xu Gacha","","","Orange","","",4983415,2915965,1807520,210,2043,0,0,0,257677,0,0,0,0,0,0,0,0,0,0,0,0,0,257677,0,0,0,0,0,0,0,0,0,0,0,0,0,0,0,0,0,0,0,0,0,0,0,0,0,0,0,0,0,0,0,0,0,0,0,0,0,0,0,0,0,0,0,5127,252550,47699,4663,264,37
"33801001000","Điểm May Mắn","Xu Đổi Thưởng","Xu Đổi Thưởng","","","Orange","","",4332968,0,0,0,0,2594772,0,1476695,261501,280277,17144,0,0,0,0,0,983544,325024,141915,87200,91232,109281,0,0,0,310000,408862,167703,96979,97280,52458,49040,37343,41771,26159,20973,16191,21048,21723,17890,23756,23636,17671,13757,12455,8675,11453,10310,11523,19027,12730,13309,12411,14823,15031,12266,10662,19642,18245,14133,13973,13808,16419,13061,0,0,0,0,14350,4869,298,37
"34801003000","Xu May Mắn Ragnarok","Xu Gacha","Xu Gacha","","","Orange","","",4188807,645645,921093,162421,627,1841507,505497,0,112017,65737,1138429,175141,69752,41206,0,0,0,0,0,0,0,66161,45856,0,0,0,0,0,0,0,0,0,0,0,0,0,0,0,0,0,0,0,0,0,0,0,0,0,0,0,0,0,0,0,0,0,0,0,0,0,300,6526,36030,23305,16353,11844,9676,7983,396088,7741,320,37
"31001001001","Dây Holy Dragon","Phụ kiện","Nhẫn","","","Purple","","",4143261,0,0,0,0,0,0,0,4143261,0,0,0,0,0,0,0,0,0,0,0,1130484,2333654,679123,0,0,0,0,0,0,0,0,0,0,0,0,0,0,0,0,0,0,0,0,0,0,0,0,0,0,0,0,0,0,0,0,320317,810167,599653,436559,298194,261494,291189,230192,216373,193776,171384,160344,153619,77674,4646,214,26
"33201001000","Xu Gacha","Xu Gacha","Xu Gacha","","","Orange","","",3953788,0,0,0,0,0,3193598,760190,0,0,0,0,2309204,660484,223910,222924,242362,160873,119443,14588,0,0,0,34817,52660,38112,32402,27911,28071,32470,20340,22152,24641,23941,18570,18759,20399,18060,18570,16209,13916,15951,16338,14588,0,0,0,0,0,0,0,0,0,0,0,0,0,0,0,0,0,0,0,0,0,0,0,0,295260,7040,312,37
"33301001000","Xu Luân Hồi","Xu Gacha","Xu Gacha","","","Orange","","",3881168,239759,1602130,621689,1,546966,790328,80192,103,0,696280,259636,172182,114442,94754,80189,2,1,0,0,103,0,0,0,1,1,0,0,0,0,1,0,0,0,0,0,0,0,0,0,0,0,0,0,0,0,0,0,0,0,0,103,0,0,0,0,0,0,0,0,0,0,0,0,0,0,0,0,47698,6591,320,37
"30409004000","Thẻ EXP 5000","Vật liệu","Thẻ điểm kinh nghiệm","","","Green","","",3804847,1618819,465472,433688,584766,298023,278543,125536,0,0,369658,75355,50263,42949,38341,29402,29330,30373,32411,4020,0,0,0,4220,4161,4016,4107,4289,4665,4292,4108,4068,3910,4224,4655,5116,4293,4643,4408,4195,4630,5030,5212,4020,0,0,0,0,0,0,0,0,0,0,0,0,0,0,0,0,0,0,0,0,0,0,0,0,2840247,7819,320,37
"34801310000","Xu May Mắn Chiến Thú","Xu Gacha","Xu Gacha","","","Orange","","",3537178,2318989,1216030,116,2043,0,0,0,0,0,0,0,0,0,0,0,0,0,0,0,0,0,0,0,0,0,0,0,0,0,0,0,0,0,0,0,0,0,0,0,0,0,0,0,0,0,0,0,0,0,0,0,0,0,0,0,0,0,0,0,0,0,0,0,0,0,0,0,49381,4027,246,33
"10602042006","Desert Eagle-Immortal Dragon","Vũ khí phụ","Pistol","Secondary","Súng lục","Purple","","",3518810,2068140,457650,166427,826265,266,30,11,21,6,13,5,2,11,4,4,3,0,3,8,10,2,2,0,0,0,2,0,0,0,0,0,0,0,0,0,1,1,0,0,0,0,1,0,1,2,1,2,0,2,1,0,1,1,7,0,0,1,0,0,0,0,0,1,0,1,1,0,2878956,7447,301,34
"10405009006","Steyr TMP-Demon","Vũ khí chính","SMG","SMG","SMG","Gold V","","",3463395,2081045,457138,136449,788435,268,26,12,22,10,12,5,2,10,2,4,3,2,2,9,10,2,2,0,0,0,2,0,0,0,1,0,0,0,1,0,1,0,0,0,0,0,1,0,1,1,1,4,0,2,0,0,2,1,7,0,0,1,0,0,0,0,0,1,0,1,1,0,2812284,7449,301,34
"30101002000","Nón Chống Đạn","Hàng chức năng","Thiết bị bảo hộ","","","Blue","","",3449496,2038766,687999,294583,168508,122970,50339,52090,34241,27538,16026,11465,10714,11147,10887,11811,11076,12010,13230,12324,10041,9877,5962,1582,1518,1494,1626,1605,1767,1717,1645,1560,1540,1696,1836,2016,1774,1832,1845,1750,1946,1992,2091,2011,1952,1659,1692,1562,1683,1765,1585,1503,1430,1427,1359,1322,1415,1284,1295,1391,1359,1414,1487,1647,1366,1475,1561,1560,3448373,7811,319,37
"30306084000","Rương 10 Gem","Rương kho báu","Rương kho báu","","","Orange","","",3381134,4608,233266,1200544,290199,1633823,0,65,18629,576448,60196,0,0,0,0,0,0,0,0,258,2184,7300,8952,0,0,0,0,0,0,0,0,0,0,0,0,0,0,0,0,0,0,0,0,7,58,66,18,35,33,41,26,69,37,490,542,483,537,997,859,970,917,919,1239,1399,2216,2136,2055,2545,148510,7564,319,37
"30310532000","Rương 200 Gem","Rương kho báu","Rương kho báu","","","Orange","","",3367196,1258907,522089,440168,321206,362520,111409,197310,153587,190814,62854,27344,22339,18662,19218,17525,27272,44371,88756,90348,41876,27725,13024,4990,4577,3672,3111,3251,2619,3275,4458,11526,8652,6436,5286,4738,4207,7393,23900,16444,12888,12332,11592,8195,11191,27320,15200,11804,9398,7240,6087,5267,4528,5797,8288,6367,5542,5319,2682,2456,2899,4523,5339,4507,3955,3025,2965,3079,1149358,7795,320,37
"34801010000","Xu May Mắn Frost","Xu Gacha","Xu Gacha","","","Orange","","",3320261,0,1426552,656991,39666,0,0,999231,197821,0,0,0,0,0,0,0,0,753301,204606,127597,111398,150,0,0,0,0,0,0,0,0,0,0,328327,265405,103114,56455,44189,35346,32012,27103,24570,19230,22156,15404,25920,23022,15654,18787,15915,12895,14439,13455,12864,11388,29313,20251,9688,0,0,0,150,0,0,0,0,0,0,0,51087,6268,314,37
"34901302000","Xu Đổi Quá Tải","Xu Đổi Thưởng","Xu Đổi Thưởng","","","Orange","","",3265088,0,0,0,0,384292,2880796,0,0,0,1536513,932545,412222,246398,137410,0,0,0,0,0,0,0,0,0,0,0,0,0,0,0,0,0,0,0,0,0,0,0,0,0,0,0,0,0,0,0,0,0,0,0,0,0,0,0,0,0,0,0,0,0,0,0,0,0,0,0,0,0,7902,2552,195,34
"30311503000","Rương 10 xu CF","Rương kho báu","Rương kho báu","","","Orange","","",3242948,0,0,1,0,177884,1038400,1450238,576425,158,103605,15868,184,481096,527318,393788,254554,200458,409165,423616,147896,133574,63612,35776,35161,43069,48923,37329,26646,26421,25860,19703,48362,35255,26213,18644,135989,114907,74556,28707,22222,15100,17684,15625,176648,52391,64706,46049,36208,31989,20478,19470,15456,29433,28517,17496,17046,17956,13620,18755,23559,25320,19068,15296,10938,24683,9138,18853,30918,3925,215,30
"32401024000","Trang Sức Vịt Con","Biến đổi vũ khí","Trang sức","","","C","","",3137121,0,120377,34491,0,0,0,0,2982253,0,0,0,0,0,0,0,0,0,0,0,269491,1808781,903981,0,0,0,0,0,0,0,0,0,0,0,0,0,0,0,0,0,0,0,0,0,0,0,0,0,0,0,0,0,0,0,22440,117910,129141,321041,302057,265853,224861,242234,219205,233530,213527,233943,225229,231282,324771,6978,295,36
"34901067000","Xu Đổi Born Beast-Prime","Xu Đổi Thưởng","Xu Đổi Thưởng","","","Purple","","",3028881,0,0,0,0,0,0,1155411,1873470,0,0,0,0,0,0,0,0,0,0,2064960,564338,399583,0,0,0,0,0,0,0,0,0,0,0,0,0,0,0,0,0,0,0,0,0,2445,1152966,378937,182664,112587,138895,96466,97388,89331,87335,65323,44567,85732,94662,67796,62455,74667,36679,44502,70752,42732,0,0,0,0,5423,1193,148,29
"34801316000","Xu May Mắn Chameleon","Xu Gacha","Xu Gacha","","","Orange","","",2838140,0,0,0,0,2838140,0,0,0,710800,245424,0,0,0,0,0,0,0,0,0,0,0,0,0,0,0,0,0,0,0,0,0,0,0,0,0,0,0,0,0,0,0,0,0,0,0,0,0,0,0,0,0,0,0,0,0,0,0,0,0,0,0,0,0,0,0,0,0,25880,4199,258,35
"34801309000","Xu May Mắn Chiến Hồn Đấu Trường","Xu Gacha","Xu Gacha","","","Orange","","",2686717,0,542684,1525765,610581,5420,542,216,1509,1144,216,174,58,102,104,80,56,30,42,46,44,1413,14,4,2,0,8,8,28,6,6,4,0,2,12,0,16,0,2,2,6,16,0,6,2,0,4,32,2,0,24,2,6,4,0,0,8,0,0,2,1411,0,0,0,6,6,0,2,40354,3867,233,34
"10801121001","Grenade-Gold","Vật phóng","Grenade","Utility","Đặc biệt","Orange","","",2659954,2075332,455437,49398,21642,224,24,57787,110,8,12,3,1,10,3,7273,21313,28515,648,77,33,28,10,1617,1888,3755,3801,4148,4700,5376,4796,4540,4287,1718,3865,3933,408,116,40,31,21,21,11,11,27,9,4,11,10,5,3,2,1,7,8,5,7,3,5,2,5,5,6,2,2,4,4,0,1973129,7653,313,36
"32301126000","Sticker: MOS Cat","Biến đổi vũ khí","Sticker","","","C","","",2650562,205098,795213,0,0,1509679,0,0,140572,0,0,0,0,0,0,0,0,0,0,0,64357,76214,1,0,0,0,0,0,0,0,0,0,0,0,0,0,0,0,0,0,0,0,0,0,0,0,0,0,0,0,0,0,0,4640,27962,15315,16440,26197,15165,10144,7688,6863,5348,4809,1,0,0,0,1073519,7670,316,37
"10101059006","AK47-Blue Crystal","Vũ khí chính","Rifle","Rifle","AK47","Purple","","",2488154,1831406,444326,44076,13075,26134,83063,39541,6533,5327,38425,19055,16808,14749,11647,10106,9483,8659,9697,3547,1657,1492,1433,1509,1283,1377,1319,1193,1354,1416,1252,1204,1206,1175,1216,1190,1492,1524,1402,1312,1359,1315,1293,1293,303,188,183,454,713,413,283,286,256,218,226,164,224,173,158,134,173,261,255,338,526,333,253,321,1963356,7725,318,37
"10101003006","AK47-SS","Vũ khí chính","Rifle","Rifle","AK47","Purple","","",2479987,1616878,463000,174493,118904,92954,5506,4755,3497,21405,4967,1296,1125,1175,1020,1081,1009,1068,1161,1345,1108,936,544,153,151,123,133,134,162,164,146,148,130,154,155,171,138,171,129,157,183,208,175,218,218,174,196,174,170,195,180,175,157,166,158,124,148,114,131,133,135,128,137,158,135,127,148,134,2479950,7731,317,37
"30123109000","30123109000","","","","","","","",2477595,3926,2473569,100,0,0,0,0,0,0,0,0,0,0,0,0,0,0,0,0,0,0,0,0,0,0,0,0,0,0,0,0,0,0,0,0,0,0,0,0,0,0,0,0,0,0,0,0,0,0,0,0,0,0,0,0,0,0,0,0,0,0,0,0,0,0,0,0,8765,275,6,1
"10102020006","M4A1-Rose","Vũ khí chính","Rifle","Rifle","M4A1","Purple","","",2358617,1813898,443454,43899,11721,11548,20273,6609,7215,5526,5141,2873,7175,5424,2567,1930,1429,1171,1065,3248,1843,1608,1530,194,157,182,257,221,234,169,143,159,205,173,170,152,128,206,149,158,157,133,134,265,749,281,252,497,746,458,326,316,287,245,241,194,234,196,180,156,190,282,266,338,567,359,260,344,1943692,7610,310,36
"10102126006","M4A1-Red Crystal","Vũ khí chính","Rifle","Rifle","M4A1","Purple","","",2285271,1561844,431357,172908,8018,14671,63216,33257,0,0,33480,16481,9551,9075,9300,8200,7833,7534,8631,1059,0,0,0,1236,1140,1141,973,989,1101,1288,1074,1026,1041,1034,992,1079,1408,1323,1251,1177,1192,1170,1110,998,61,0,0,0,0,0,0,0,0,0,0,0,0,0,0,0,0,0,0,0,0,0,0,0,2191167,7730,319,37
"30101001000","Áo Chống Đạn","Hàng chức năng","Thiết bị bảo hộ","","","Blue","","",2110074,1303695,382852,128741,80231,63197,56680,56972,37706,13364,15151,12965,12002,12487,12112,12966,12138,13094,14404,13620,11178,10795,6483,1740,1655,1642,1765,1742,1959,1855,1806,1689,1704,1842,1989,2209,1909,2023,1982,1882,2130,2195,2283,2213,2157,1831,1868,1719,1844,1988,1745,1717,1577,1589,1523,1470,1557,1405,1432,1499,1479,1549,1627,1804,1497,1601,1692,1693,2110033,7818,320,37
"20105002000","FOX Howl","Nhân vật","Nhân vật","","","Purple","","",2067792,1304206,383015,128817,80255,61262,41585,41097,27555,13379,11088,9455,8733,9453,8931,9567,8726,9363,10348,9931,8318,7613,4786,1242,1246,1195,1210,1284,1319,1312,1314,1249,1302,1301,1376,1509,1423,1445,1419,1445,1488,1585,1543,1583,1510,1386,1396,1328,1328,1400,1317,1337,1162,1178,1094,1168,1062,1043,1033,1049,1024,1081,1138,1245,1151,1236,1231,1168,2067643,7817,319,37
"30311502000","Quà Tri Ân","Rương kho báu","Rương kho báu","","","Orange","","",2040588,0,0,887798,1039050,37932,31229,25803,18776,8048,10261,7344,6586,6586,6114,5557,5708,6059,6696,6972,5722,4915,2950,850,729,767,795,869,945,835,791,787,741,863,957,1085,905,981,931,921,959,970,1029,927,856,981,1100,985,1039,1084,951,927,833,756,736,753,766,686,722,626,668,718,726,769,671,713,770,796,1522004,7544,311,36
"10703023006","Blood Sun","Cận chiến","Melee","Melee","Cận chiến","Gold V","","",2003840,1336639,388388,6360,0,0,0,42073,230380,0,0,0,0,0,0,0,0,0,0,186537,44712,27346,13858,0,0,0,0,0,0,0,0,0,0,0,0,0,0,0,0,0,0,0,0,0,42073,75553,28555,16655,12736,10965,9126,7536,6691,6061,5572,4878,4848,4299,3996,3706,3797,4019,3663,3866,3454,3422,3439,3543,1812868,7756,320,37
"10102201006","M4A1-Ultimate Silversmith","Vũ khí chính","Rifle","Rifle","M4A1","Purple","","",1976130,1485196,379643,0,0,14908,63108,33275,0,0,33268,16537,9596,9362,9253,8303,7793,7620,8513,1046,0,0,0,1165,1170,1127,1071,974,1043,1259,1102,1087,1073,1022,1002,1075,1482,1274,1187,1185,1203,1116,1066,1000,46,0,0,0,0,0,0,0,0,0,0,0,0,0,0,0,0,0,0,0,0,0,0,0,1891540,7591,313,37
"10102017006","M4A1-Ultimate Silver","Vũ khí chính","Rifle","Rifle","M4A1","Blue","","",1964712,590837,77996,165273,796726,265,285052,45792,2771,7,15,4,1,228439,56600,31514,10256,1906,1610,1593,877,555,252,3614,771,511,452,447,413,305,267,226,213,270,299,326,264,228,240,225,203,206,244,228,278,281,224,184,200,198,124,161,114,126,124,105,123,87,88,68,83,75,75,79,59,66,63,64,1816088,7653,316,37
"33701001000","Chìa Khóa Rương","Xu Gacha","Xu Gacha","","","Orange","","",1963283,0,0,0,0,1196067,0,661381,105835,120567,8342,0,0,0,0,0,434864,153977,61692,35936,38267,42480,0,0,0,141200,178276,72571,42817,44283,30813,21605,17781,18042,10451,11002,8706,8713,10614,7447,9279,8725,8208,4988,5860,4673,4921,4868,4346,6280,5247,6305,5567,4659,6363,5330,4796,7064,7677,7147,6231,4905,5101,4355,0,0,0,0,21336,5124,301,37
"10602010006","Desert Eagle-Thunder","Vũ khí phụ","Pistol","Secondary","Súng lục","Gold V","","",1963029,1331471,387303,6418,0,4,0,0,237833,4,0,0,0,0,0,0,0,0,0,158028,43261,24521,12023,0,0,0,0,0,0,0,0,0,0,0,0,0,0,0,0,0,0,0,0,0,0,35404,69895,26164,15323,11242,9220,7714,6445,5946,5079,4544,4313,4000,3626,3296,3413,3679,3155,3352,2991,2980,3056,2996,1793306,7752,320,37
"10607036006","Anaconda-Gold Black Dragon","Vũ khí phụ","Pistol","Secondary","Súng lục","Purple","","",1956726,760579,344973,725218,58421,36770,13805,10373,6587,7940,6440,3575,2540,2616,2319,2413,2177,2236,2357,3122,1999,1702,954,333,319,303,298,285,328,327,311,290,302,324,324,358,303,335,297,306,335,393,388,352,838,397,376,357,392,410,322,331,285,283,249,255,274,235,244,228,234,244,250,267,236,230,270,218,1381851,7748,317,37
"30310535000","Rương 30 Gem","Rương kho báu","Rương kho báu","","","Orange","","",1935570,187571,267263,296338,368859,261059,180358,132713,241409,48926,53223,49373,50168,36051,24157,24665,27665,24519,27440,93788,72525,67999,35521,3283,5254,5006,4156,3200,2476,3556,3515,2744,3988,4013,3063,3640,2984,3558,3970,3967,4875,3898,4188,3012,25412,13388,14600,13739,12015,11622,12190,10039,10125,9840,10657,10374,9300,10092,9864,10556,9947,8978,9608,8954,7923,7657,9844,10097,55404,7083,320,37
"34101090000","Ba Lô Ashling","Thời trang","Balo","","","B","","",1919297,1532960,386308,17,4,4,3,0,1,2,3,0,0,0,0,0,0,0,0,0,1,0,0,0,0,0,0,0,0,0,0,0,0,0,0,0,0,0,0,0,0,0,0,0,0,0,0,0,0,0,0,0,0,1,0,0,0,0,0,0,0,0,0,0,0,0,0,0,1865160,7139,292,34
"10102243006","M4A1-Gold Black Dragon","Vũ khí chính","Rifle","Rifle","M4A1","Purple","","",1865892,1485196,379643,0,0,0,0,478,575,0,0,0,0,0,0,0,0,0,0,768,147,89,49,0,0,0,0,0,0,0,0,0,0,0,0,0,0,0,0,0,0,0,0,0,478,115,65,38,37,35,33,17,20,21,15,21,20,10,11,15,14,13,11,15,11,21,6,11,1865019,7141,292,34
"10105004006","AN94-SS","Vũ khí chính","Rifle","Rifle","Súng trường khác","Purple","","",1836166,1115626,379243,116998,74600,50720,37294,35744,25941,11248,9341,8597,7997,8482,7937,8535,7675,8069,8761,9337,7786,6989,4533,1055,1114,1091,1098,1120,1137,1094,1145,1118,1145,1154,1146,1267,1114,1261,1164,1261,1293,1321,1347,1410,1294,1266,1371,1336,1295,1365,1190,1226,1126,1123,1022,1060,1039,966,1027,936,910,991,1040,1119,1095,1135,1198,1105,1836127,7818,319,37
"10109003006","9A91-SS","Vũ khí chính","Rifle","Rifle","Súng trường khác","Purple","","",1796238,1117432,357805,110563,69406,47249,35627,34047,24109,10268,8954,8211,7485,8097,7636,8097,7269,7699,8417,8579,7108,6323,4664,1033,1037,1013,1034,1079,1075,1074,1090,1122,1070,1087,1089,1167,1082,1177,1129,1196,1301,1226,1306,1340,1225,1201,1218,1199,1193,1203,1078,1144,1028,1004,908,963,983,892,890,819,833,943,908,1038,1164,1190,1203,1107,1796201,7819,319,37
"32501090000","Sơn Xịt Hổ Hổ Sinh Uy","Biến đổi vũ khí","Sơn xịt","","","C","","",1793601,379938,729630,0,0,684033,0,0,0,32557,3146,0,0,0,0,0,0,0,0,0,0,0,0,0,0,0,0,0,0,0,0,0,0,0,0,0,0,0,0,0,0,0,0,0,0,0,0,0,0,0,0,0,0,0,0,0,0,0,0,0,0,0,0,0,0,0,0,0,1212054,7693,317,37
"34801013000","Xu May Mắn Zombie","Xu Gacha","Xu Gacha","","","Orange","","",1769330,0,634373,954448,60573,0,112899,6887,150,0,0,61233,26518,14869,10279,6882,5,0,0,0,0,150,0,0,0,5,0,0,0,0,0,0,0,0,0,0,0,0,0,0,0,0,0,0,0,0,0,0,0,0,0,0,0,0,0,0,0,0,0,0,150,0,0,0,0,0,0,0,30342,4916,295,37
"10109010006","9A91-Jade","Vũ khí chính","Rifle","Rifle","Súng trường khác","Purple","","",1719988,664879,276884,0,658774,119451,0,0,0,26474,3726,0,0,0,0,0,0,0,0,0,0,0,0,0,0,0,0,0,0,0,0,0,0,0,0,0,0,0,0,0,0,0,0,0,0,0,0,0,0,0,0,0,0,0,0,0,0,0,0,0,0,0,0,0,0,0,0,0,1283623,7724,317,37
"30310502000","Rương 100 Gem","Rương kho báu","Rương kho báu","","","Orange","","",1698072,113324,147176,93196,396182,252062,154776,274126,267230,70648,80830,47347,24565,17176,12063,46123,82710,86546,42559,154251,102784,22834,3549,18663,13368,11880,10382,8621,8166,7391,37725,14843,9831,6394,5236,5126,4191,4987,8423,6607,6102,6158,6091,6202,9986,46429,30810,23143,21570,16111,14993,14479,13361,14187,16148,14984,14632,15109,2310,1283,889,1162,1064,1017,796,645,954,1154,273818,7723,320,37
"10506003006","M37-Royal Gold","Vũ khí chính","Shotgun","Shotgun","Shotgun","Purple","","",1673862,171787,146933,593947,632718,46633,46035,19650,16159,4589,16983,11420,13081,6225,9101,4473,6019,2940,2632,7940,3304,5718,2783,1076,819,550,513,527,472,375,326,343,311,406,602,577,384,414,329,308,327,439,431,381,3205,1130,794,808,887,735,549,467,454,495,506,442,391,449,382,357,866,1713,1028,923,866,746,651,520,914337,7619,317,37
"10110018006","M14EBR-Neon","Vũ khí chính","Rifle","Rifle","Súng trường khác","Purple","","",1662301,593366,78682,166186,823743,265,27,11,21,6,14,4,2,10,2,4,3,0,3,9,9,2,2,0,0,0,2,0,0,0,0,0,0,0,0,0,1,1,0,0,0,0,1,0,1,1,1,4,0,2,0,0,1,1,7,0,0,1,0,0,0,0,0,1,0,1,1,0,1662117,6540,255,33
"10704043006","Kukri-Bumblebee","Cận chiến","Melee","Melee","Cận chiến","Purple","","",1662301,593366,78682,166186,823743,265,27,11,21,6,14,4,2,10,2,4,3,0,3,9,9,2,2,0,0,0,2,0,0,0,0,0,0,0,0,0,1,1,0,0,0,0,1,0,1,1,1,4,0,2,0,0,1,1,7,0,0,1,0,0,0,0,0,1,0,1,1,0,1662117,6540,255,33
"10101171006","AK47-Black Gold","Vũ khí chính","Rifle","Rifle","AK47","Purple","","",1654171,582250,77875,166427,826265,266,30,524,534,6,13,5,2,11,4,4,3,0,3,764,146,93,45,0,0,0,2,0,0,0,0,0,0,0,0,0,1,1,0,0,0,0,1,0,514,114,42,39,29,26,24,20,24,15,29,22,12,20,9,14,12,9,14,15,15,10,7,13,1653356,6501,254,31
"30310503000","Rương 300 Gem","Rương kho báu","Rương kho báu","","","Orange","","",1650410,5173,953395,4040,40867,47969,547972,24573,26421,4099,203848,277986,84849,8725,1004,457,1322,9693,10217,19067,8190,1853,195,63,101,282,394,241,167,174,143,108,146,1087,4345,3690,2569,1944,1596,1274,1125,949,760,938,1946,6195,3916,2657,1980,1435,1263,1193,1111,1134,1314,1065,1110,1029,222,122,110,124,136,110,55,68,44,28,1022536,7795,320,37
"10305004006","Gatling Gun-Blue Pottery","Vũ khí chính","MG","Machine Gun","SMG","Purple","","",1628737,942999,409527,115002,73109,47437,18401,13028,9234,10553,9120,4786,3383,3259,3005,3042,2817,2931,3196,3515,2830,2520,1411,400,426,360,421,389,448,397,415,368,386,411,437,517,404,459,405,411,490,514,513,532,510,469,485,517,480,522,448,493,450,397,356,326,360,319,340,318,329,375,398,441,337,342,370,362,1627259,7742,316,37
"10602093006","Desert Eagle-El Dorado-Beta","Vũ khí phụ","Pistol","Secondary","Súng lục","Silver V","","",1589292,1205162,378226,5904,0,0,0,0,0,0,0,0,0,0,0,0,0,0,0,0,0,0,0,0,0,0,0,0,0,0,0,0,0,0,0,0,0,0,0,0,0,0,0,0,0,0,0,0,0,0,0,0,0,0,0,0,0,0,0,0,0,0,0,0,0,0,0,0,1589276,7281,297,34
"10607008006","Anaconda-Born Beast-Beta","Vũ khí phụ","Pistol","Secondary","Súng lục","Silver V","","",1589152,1204773,378692,5683,0,4,0,0,0,4,0,0,0,0,0,0,0,0,0,0,0,0,0,0,0,0,0,0,0,0,0,0,0,0,0,0,0,0,0,0,0,0,0,0,0,0,0,0,0,0,0,0,0,0,0,0,0,0,0,0,0,0,0,0,0,0,0,0,1589134,7288,299,34
"10704033006","Kukri-Dragon-Beta","Cận chiến","Melee","Melee","Cận chiến","Silver V","","",1588054,1203748,378518,5788,0,0,0,0,0,0,0,0,0,0,0,0,0,0,0,0,0,0,0,0,0,0,0,0,0,0,0,0,0,0,0,0,0,0,0,0,0,0,0,0,0,0,0,0,0,0,0,0,0,0,0,0,0,0,0,0,0,0,0,0,0,0,0,0,1588034,7291,298,34
"10707012006","Shovel-Born Beast-Beta","Cận chiến","Melee","Melee","Cận chiến","Silver V","","",1587206,1202882,378632,5688,0,4,0,0,0,4,0,0,0,0,0,0,0,0,0,0,0,0,0,0,0,0,0,0,0,0,0,0,0,0,0,0,0,0,0,0,0,0,0,0,0,0,0,0,0,0,0,0,0,0,0,0,0,0,0,0,0,0,0,0,0,0,0,0,1587185,7300,297,34
"10101201006","AK47-Born Beast Blood Warrior-Beta","Vũ khí chính","Rifle","Rifle","AK47","Silver V","","",1583892,1200154,377936,5802,0,0,0,0,0,0,0,0,0,0,0,0,0,0,0,0,0,0,0,0,0,0,0,0,0,0,0,0,0,0,0,0,0,0,0,0,0,0,0,0,0,0,0,0,0,0,0,0,0,0,0,0,0,0,0,0,0,0,0,0,0,0,0,0,1583881,7290,297,34
"10102160006","M4A1-Azure Dragon-Beta","Vũ khí chính","Rifle","Rifle","M4A1","Silver V","","",1580822,1197398,377684,5736,0,4,0,0,0,4,0,0,0,0,0,0,0,0,0,0,0,0,0,0,0,0,0,0,0,0,0,0,0,0,0,0,0,0,0,0,0,0,0,0,0,0,0,0,0,0,0,0,0,0,0,0,0,0,0,0,0,0,0,0,0,0,0,0,1580798,7288,299,34
"10114004006","AK12-SS","Vũ khí chính","Rifle","Rifle","Súng trường khác","Purple","","",1580725,938459,361279,98477,63655,41428,29588,28011,19828,8958,7981,7068,6221,6588,6308,6726,6080,6311,6918,6878,5576,5280,4070,853,893,866,862,883,896,829,874,895,869,881,940,1023,902,929,865,925,1063,1091,1143,1050,926,922,977,995,974,1034,898,893,760,793,727,754,751,731,695,724,686,770,791,883,986,973,1087,1024,1577966,7804,318,37
"10101076006","AK47-Born Beast-Beta","Vũ khí chính","Rifle","Rifle","AK47","Silver V","","",1580111,1196264,378000,5843,0,4,0,0,0,4,0,0,0,0,0,0,0,0,0,0,0,0,0,0,0,0,0,0,0,0,0,0,0,0,0,0,0,0,0,0,0,0,0,0,0,0,0,0,0,0,0,0,0,0,0,0,0,0,0,0,0,0,0,0,0,0,0,0,1580087,7298,296,34
"10705023006","Gloves-Camo Skull","Cận chiến","Melee","Melee","Cận chiến","Purple","","",1533786,938289,361234,98445,63657,41155,13909,9966,7131,8955,7068,3645,2609,2596,2301,2344,2132,2251,2473,2640,2177,1960,1120,303,304,299,299,294,347,309,328,288,292,307,338,389,311,331,297,328,392,418,396,393,373,367,340,381,352,434,344,370,322,308,282,253,298,257,251,247,259,288,307,351,288,274,290,268,1532939,7727,317,37
"34801318000","Xu May Mắn Iron Beast-Punk","Xu Gacha","Xu Gacha","","","Orange","","",1522856,0,0,0,1058608,464048,0,0,200,96837,8200,0,0,0,0,0,0,0,0,0,0,200,0,0,0,0,0,0,0,0,0,0,0,0,0,0,0,0,0,0,0,0,0,0,0,0,0,0,0,0,0,0,0,0,0,0,0,0,0,0,200,0,0,0,0,0,0,0,24172,4540,297,37
"32401128000","Trang Sức Mặt Trăng","Biến đổi vũ khí","Trang sức","","","C","","",1499528,134873,910668,115606,121625,73931,77009,37393,28423,6969,29120,17097,22581,11144,16064,7958,11611,5736,4626,15692,5519,9993,4681,2030,1538,1059,1127,1101,907,820,732,813,651,680,1032,1008,698,676,663,528,646,776,639,664,6798,2150,1589,1688,1541,1262,964,882,723,671,798,748,733,660,667,596,1608,2880,1927,1655,1474,1222,991,994,763860,7299,305,36
"20103001000","MOS","Nhân vật","Nhân vật","","","Purple","","",1473854,805821,364232,90688,58062,38358,45684,42946,28063,8000,12086,10608,9323,9998,9458,10047,9154,9793,10805,10227,8522,7849,4612,1293,1304,1271,1270,1350,1409,1371,1379,1320,1347,1375,1456,1545,1478,1475,1470,1532,1572,1652,1626,1605,1542,1461,1401,1400,1392,1426,1351,1381,1201,1216,1105,1189,1079,1079,1055,1116,1041,1153,1174,1231,1131,1149,1190,1142,1473807,7804,319,37
"30111001000","Thẻ Đổi Tên","Hàng chức năng","Đổi tên","","","Purple","","",1471874,208002,461876,197239,197569,136168,131936,83497,55587,25699,27142,26606,21697,23233,47324,20904,20216,17896,19260,18709,15963,15583,10553,3358,3120,3034,2459,2378,2675,2585,2769,2513,2181,2406,2917,2525,2423,2647,2361,2648,2932,2922,3327,2452,2769,2258,2213,2535,3703,2779,2303,2209,2148,2687,2436,2305,1875,1960,2021,2073,2117,2414,1937,3061,2462,2780,3282,2029,296960,6629,290,37
"10607015006","Anaconda-Royal Gold","Vũ khí phụ","Pistol","Secondary","Súng lục","Purple","","",1425802,173948,814749,116665,191234,47602,44614,21134,15856,4260,17068,10829,13150,6532,7826,4785,6403,3471,2754,8038,3075,5800,2664,1015,882,586,537,542,524,497,492,400,369,442,632,639,399,403,338,324,391,464,435,418,3303,1093,706,924,908,686,568,428,392,434,379,478,396,397,358,341,932,1745,985,1042,878,692,547,547,999292,7517,309,37
"10102008006","M4A1-Ultimate Gold","Vũ khí chính","Rifle","Rifle","M4A1","Orange","","",1363396,757375,345719,91685,58470,36866,27642,26162,19477,7967,6703,6653,5771,6235,5977,6362,5657,5869,6352,6873,5548,5019,3959,802,827,777,791,817,842,803,783,803,796,830,866,988,823,857,815,869,947,1031,1010,924,998,970,983,971,993,1034,868,850,766,792,708,800,764,673,684,697,713,725,745,782,987,1026,1034,912,1363341,7780,317,37
"32501055000","Sơn Xịt Ngưu Ngưu","Biến đổi vũ khí","Sơn xịt","","","C","","",1333784,126,738360,0,0,595298,0,0,0,30223,2820,0,0,0,0,0,0,0,0,0,0,0,0,0,0,0,0,0,0,0,0,0,0,0,0,0,0,0,0,0,0,0,0,0,0,0,0,0,0,0,0,0,0,0,0,0,0,0,0,0,0,0,0,0,0,0,0,0,848747,7651,316,37
"30460046000","Thẻ Battle Pass 50 S2","Vật liệu","Thẻ điểm kinh nghiệm BP","","","Purple","","",1324849,0,0,0,734191,588505,0,1938,215,116914,7935,0,0,0,0,0,1335,302,151,202,47,116,0,0,0,567,506,150,112,93,30,39,74,32,18,16,8,26,18,27,38,26,8,65,85,3,25,23,0,1,14,0,18,0,14,0,1,17,2,28,1,22,45,1,0,0,0,0,24253,5699,313,37
"10201014006","AWM-Glory","Vũ khí chính","Sniper","Sniper","AWM","Purple","","",1310556,925517,301513,80019,3507,0,0,0,0,0,0,0,0,0,0,0,0,0,0,0,0,0,0,0,0,0,0,0,0,0,0,0,0,0,0,0,0,0,0,0,0,0,0,0,0,0,0,0,0,0,0,0,0,0,0,0,0,0,0,0,0,0,0,0,0,0,0,0,1310542,7491,310,36
"10703005006","B.C Axe-Beast","Cận chiến","Melee","Melee","Cận chiến","Gold V","","",1303657,301073,1002570,11,2,0,0,1,0,0,0,0,0,0,0,0,0,0,1,0,0,0,0,0,0,0,0,0,0,0,0,0,0,0,0,0,0,0,0,0,1,0,0,0,0,0,0,0,0,0,0,0,0,0,0,0,0,0,0,0,0,0,0,0,0,0,0,0,1285086,6904,283,34
"10102005006","M4A1-Iron Beast","Vũ khí chính","Rifle","Rifle","M4A1","Gold V","","",1238301,841393,336587,4363,29989,9952,7523,3849,4645,1568,3807,2450,1215,1076,1089,875,1010,778,852,1278,1002,1800,899,179,145,123,127,137,117,98,93,87,78,110,178,134,112,132,93,95,134,140,146,115,219,168,166,212,206,192,158,127,128,130,146,165,148,139,122,146,267,499,321,306,295,227,203,174,1215204,7707,318,37
"30310553000","Rương 88 Gem","Rương kho báu","Rương kho báu","","","Orange","","",1233120,0,42628,1067621,2259,1049,3240,47106,69217,0,1637,1561,517,330,244,15069,4647,18012,5595,36624,25262,4856,6258,798,726,554,526,398,378,307,297,276,6969,6353,2402,1408,1357,1280,729,723,636,427,443,413,3370,2770,9826,10753,5145,4347,3607,2707,2770,2466,6954,4377,2381,870,674,784,860,640,546,482,473,471,310,5004,324840,7450,317,37
"10304008006","M249-Royal Gold","Vũ khí chính","MG","Machine Gun","SMG","Purple","","",1216548,174674,149633,528026,231866,48455,46984,20478,16432,4086,16548,11137,13746,6363,9900,4985,6349,3324,2281,7921,3237,6037,2776,967,792,626,548,567,521,462,420,402,430,432,581,597,427,336,266,236,267,395,354,325,3214,1049,856,1026,737,714,569,531,424,450,448,454,361,433,395,406,962,1744,1063,1034,821,757,638,560,835044,7517,313,36
"30310608000","Rương Gem Ngẫu Nhiên","Rương kho báu","Rương kho báu","","","Orange","","",1193549,0,0,0,0,0,0,10970,1182579,0,0,0,0,0,0,0,0,0,0,46467,331633,593624,221825,0,0,0,0,0,0,0,0,0,0,0,0,0,0,0,0,0,0,0,0,4,10966,5000,6526,8226,7677,8068,8206,8011,8466,39441,90338,89396,87775,89977,89986,90580,94940,77817,79243,71081,57442,52882,56284,55217,171327,6191,285,35
"32401026000","Trang Sức Đạn","Biến đổi vũ khí","Trang sức","","","C","","",1112860,828077,272250,2500,2976,1959,1660,1333,2105,387,453,419,425,351,254,252,267,247,220,995,600,561,296,60,39,45,31,27,21,42,21,58,42,41,28,15,41,37,23,25,31,27,36,13,334,187,129,126,116,90,81,106,79,69,88,68,109,84,88,82,90,81,77,59,58,43,92,103,1096027,7052,310,37
"10803079001","Smoke-Iron Beast","Vật phóng","Grenade","Utility","Đặc biệt","Gold V","","",1087124,0,1085306,0,1178,640,0,0,0,130,11,0,0,0,0,0,0,0,0,0,0,0,0,0,0,0,0,0,0,0,0,0,0,0,0,0,0,0,0,0,0,0,0,0,0,0,0,0,0,0,0,0,0,0,0,0,0,0,0,0,0,0,0,0,0,0,0,0,1085917,7103,310,36
"32301267000","Sticker: Ký Sự Trục Lộc","Biến đổi vũ khí","Sticker","","","B","","",1035378,666114,291260,75028,2976,0,0,0,0,0,0,0,0,0,0,0,0,0,0,0,0,0,0,0,0,0,0,0,0,0,0,0,0,0,0,0,0,0,0,0,0,0,0,0,0,0,0,0,0,0,0,0,0,0,0,0,0,0,0,0,0,0,0,0,0,0,0,0,1035361,7475,308,36
"31234321000","Thẻ Chọn Vũ Khí Winter Land","Phiếu trải nghiệm","Thẻ tự chọn","","","Orange","","",1034105,953859,80246,0,0,0,0,0,0,0,0,0,0,0,0,0,0,0,0,0,0,0,0,0,0,0,0,0,0,0,0,0,0,0,0,0,0,0,0,0,0,0,0,0,0,0,0,0,0,0,0,0,0,0,0,0,0,0,0,0,0,0,0,0,0,0,0,0,1034094,6525,271,32
"10704005006","Kukri-Ice-Alpha","Cận chiến","Melee","Melee","Cận chiến","Purple","","",1024364,667867,264542,72499,9637,2626,4688,1552,953,354,2622,1171,737,646,579,372,321,377,379,360,318,237,141,51,48,61,33,44,42,47,46,43,57,49,73,62,53,54,50,56,51,55,60,53,50,49,43,55,53,57,46,58,59,48,33,41,33,28,36,42,30,43,25,33,29,42,42,28,1024227,7493,308,36
"10702016006","Golden Slippers","Cận chiến","Melee","Melee","Cận chiến","Orange","","",1007906,1007905,1,0,0,0,0,0,0,0,0,0,0,0,0,0,0,0,0,0,0,0,0,0,0,0,0,0,0,0,0,0,0,0,0,0,0,0,0,0,0,0,0,0,0,0,0,0,0,0,0,0,0,0,0,0,0,0,0,0,0,0,0,0,0,0,0,0,1007894,6131,245,32
"20100202000","Luna","Nhân vật","Nhân vật","","","Orange","","",1001153,0,0,0,546834,183809,130935,71376,68199,16920,109782,41459,24813,21241,14947,12728,13268,12065,11844,42203,20515,19006,7946,1933,2001,1943,1842,1788,1462,1378,1717,1266,2231,1430,2234,1809,1777,1682,1756,1593,1188,1831,2017,1282,20189,6321,4069,4067,3007,3268,2659,2869,3467,3365,2703,2163,3289,3152,2704,2600,2516,2639,2371,3024,2450,1923,2131,1442,40017,811,27,6
"30117348001","Khung S2 [Bạc]","Cá nhân hóa","Khung","","","Green","","",982679,0,0,0,798950,152179,19046,7230,5274,30666,18108,5600,3576,2799,2229,1655,1546,1422,1445,2996,1575,1254,611,220,219,203,246,204,232,226,187,195,187,187,214,226,174,193,189,172,232,240,245,189,973,479,381,323,331,320,249,245,224,211,232,210,204,188,168,146,163,175,184,230,158,145,152,156,718611,7606,315,37
"10802089001","Flashbang-Iron Beast","Vật phóng","Grenade","Utility","Đặc biệt","Gold V","","",964927,0,963151,0,1132,644,0,0,0,140,10,0,0,0,0,0,0,0,0,0,0,0,0,0,0,0,0,0,0,0,0,0,0,0,0,0,0,0,0,0,0,0,0,0,0,0,0,0,0,0,0,0,0,0,0,0,0,0,0,0,0,0,0,0,0,0,0,0,963775,7048,311,37
"32401075000","Trang Sức Bê Con","Biến đổi vũ khí","Trang sức","","","C","","",945146,117975,827171,0,0,0,0,0,0,0,0,0,0,0,0,0,0,0,0,0,0,0,0,0,0,0,0,0,0,0,0,0,0,0,0,0,0,0,0,0,0,0,0,0,0,0,0,0,0,0,0,0,0,0,0,0,0,0,0,0,0,0,0,0,0,0,0,0,945146,6985,286,34
"32301268000","Sticker: Zhuolu Mark","Biến đổi vũ khí","Sticker","","","C","","",940367,575961,287969,73592,2845,0,0,0,0,0,0,0,0,0,0,0,0,0,0,0,0,0,0,0,0,0,0,0,0,0,0,0,0,0,0,0,0,0,0,0,0,0,0,0,0,0,0,0,0,0,0,0,0,0,0,0,0,0,0,0,0,0,0,0,0,0,0,0,940356,7449,308,36
"10303005006","MG3-Legend Dragon","Vũ khí chính","MG","Machine Gun","SMG","Purple","","",923991,923991,0,0,0,0,0,0,0,0,0,0,0,0,0,0,0,0,0,0,0,0,0,0,0,0,0,0,0,0,0,0,0,0,0,0,0,0,0,0,0,0,0,0,0,0,0,0,0,0,0,0,0,0,0,0,0,0,0,0,0,0,0,0,0,0,0,0,923979,5877,237,31
"20190002000","Swatress","Nhân vật","Nhân vật","","","Orange","","",917762,0,0,269030,648731,1,0,0,0,0,1,0,0,0,0,0,0,0,0,0,0,0,0,0,0,0,0,0,0,0,0,0,0,0,0,0,0,0,0,0,0,0,0,0,0,0,0,0,0,0,0,0,0,0,0,0,0,0,0,0,0,0,0,0,0,0,0,0,670243,7485,312,37
"20103602000","Shu Xue","Nhân vật","Nhân vật","","","Orange","","",906116,0,0,0,538048,164584,105345,54551,43588,16680,86891,33913,20313,16010,13007,10605,13050,8252,9574,26409,13779,11035,5435,2297,2304,1617,1194,1764,1672,1361,1027,1525,883,1224,959,1273,2205,1013,1371,1102,1296,1184,1403,1518,11552,3767,2589,2843,2228,1912,1667,1700,2237,2262,1791,1812,2310,1270,1736,1388,1609,1826,1140,2066,1640,1116,1547,1132,34668,567,16,3
"10403002006","MK5-Royal Fire","Vũ khí chính","SMG","SMG","SMG","Purple","","",901334,828720,72614,0,0,0,0,0,0,0,0,0,0,0,0,0,0,0,0,0,0,0,0,0,0,0,0,0,0,0,0,0,0,0,0,0,0,0,0,0,0,0,0,0,0,0,0,0,0,0,0,0,0,0,0,0,0,0,0,0,0,0,0,0,0,0,0,0,825449,5394,220,27
"10201006006","AWM-A Jasmine","Vũ khí chính","Sniper","Sniper","AWM","Purple","","",899303,303595,64916,46281,437132,12489,20791,6676,7423,5960,5351,2987,7344,5519,2621,1945,1460,1176,1084,3314,1892,1648,1580,194,159,197,260,227,236,165,141,159,210,174,170,157,127,210,148,165,159,138,137,266,745,297,249,517,777,463,355,322,285,247,250,190,243,202,179,161,182,289,277,358,585,363,280,352,725236,7618,312,37
"10403010006","MK5-Red Crystal","Vũ khí chính","SMG","SMG","SMG","Purple","","",874820,0,763638,0,0,14642,63117,33423,0,0,33317,16130,9666,9279,9367,8548,7903,7598,8240,1134,0,0,0,1153,1136,1164,1108,1055,1109,1271,1097,1033,1041,1035,1031,1090,1395,1243,1161,1120,1122,1114,1085,1068,66,0,0,0,0,0,0,0,0,0,0,0,0,0,0,0,0,0,0,0,0,0,0,0,794290,7539,316,37
"10603009006","Mauser M1896-Royal Dragon","Vũ khí phụ","Pistol","Secondary","Súng lục","Purple","","",865525,0,753580,0,0,15082,63356,33507,0,0,33790,16454,9593,9123,9478,8451,7873,7591,8527,1065,0,0,0,1175,1114,1103,1084,1073,1074,1330,1149,1088,975,962,1004,1083,1460,1363,1236,1152,1097,1166,1053,1000,65,0,0,0,0,0,0,0,0,0,0,0,0,0,0,0,0,0,0,0,0,0,0,0,783844,7547,311,37
"32501022000","Sơn Xịt Núi Lửa","Biến đổi vũ khí","Sơn xịt","","","C","","",863048,0,0,206597,417677,238549,90,51,84,29116,3354,21,16,21,13,8,8,10,17,46,37,5,4,2,0,1,1,1,2,3,3,0,2,0,1,1,0,8,1,2,2,2,2,5,3,18,8,4,5,3,4,7,2,2,13,5,4,1,1,0,2,0,0,1,1,1,1,1,558952,7555,316,37
"32401050000","Trang Sức White Wolf","Biến đổi vũ khí","Trang sức","","","C","","",861380,136145,133671,172432,90182,54932,59365,29950,184703,5824,21499,13290,17069,8620,12831,6410,8945,4683,3890,131243,31057,18302,10123,1551,1231,879,772,764,755,673,572,619,494,651,918,756,629,601,471,462,486,621,620,499,5523,15427,7565,39923,48633,13673,7650,5624,4607,3651,3519,3088,2918,2784,1574,1199,2544,4178,2963,3060,3914,2426,1887,1896,412931,6510,291,36
"20118002000","FOX-Winter Land","Nhân vật","Nhân vật","","","Purple","","",841748,764282,77466,0,0,0,0,0,0,0,0,0,0,0,0,0,0,0,0,0,0,0,0,0,0,0,0,0,0,0,0,0,0,0,0,0,0,0,0,0,0,0,0,0,0,0,0,0,0,0,0,0,0,0,0,0,0,0,0,0,0,0,0,0,0,0,0,0,841728,6290,262,32
"10124001006","Type-56-Hawaiian","Vũ khí chính","Rifle","Rifle","Súng trường khác","Purple","","",836939,0,836939,0,0,0,0,0,0,0,0,0,0,0,0,0,0,0,0,0,0,0,0,0,0,0,0,0,0,0,0,0,0,0,0,0,0,0,0,0,0,0,0,0,0,0,0,0,0,0,0,0,0,0,0,0,0,0,0,0,0,0,0,0,0,0,0,0,836939,6647,279,34
"10101028006","AK47-Born Beast","Vũ khí chính","Rifle","Rifle","AK47","Gold V","","",835872,0,0,623527,88,177,303,479,211298,34,96,64,53,68,71,91,105,129,130,80,137,168075,43030,23,17,14,12,14,10,16,15,22,15,20,25,16,15,19,26,17,18,25,10,12,12,8,8,11,17,12,6,12,28,21,19,28,23,24,17,15,34983,91716,24668,16652,13584,10556,9874,9016,700214,7650,316,37
"10413003006","P90-Rabbit-Alpha","Vũ khí chính","SMG","SMG","SMG","Orange","","",810126,474315,269959,63441,2411,0,0,0,0,0,0,0,0,0,0,0,0,0,0,0,0,0,0,0,0,0,0,0,0,0,0,0,0,0,0,0,0,0,0,0,0,0,0,0,0,0,0,0,0,0,0,0,0,0,0,0,0,0,0,0,0,0,0,0,0,0,0,0,810112,7389,306,35
"34801323000","Nhật Ký Yumo","Xu Gacha","Xu Gacha","","","Orange","","",809665,0,0,0,0,0,0,800553,9112,0,0,0,0,0,0,450528,275657,52761,17196,13505,9,9,0,72379,57862,43798,19871,15120,13976,14169,9852,9482,7167,5353,3969,2769,3754,1915,2323,2400,2837,1945,2022,1341,3070,2825,1746,1370,1641,1512,3,0,0,0,0,3,3,0,3,3,0,3,0,0,0,0,0,0,250530,6683,297,37
"10102029006","M4A1-Anonymous","Vũ khí chính","Rifle","Rifle","M4A1","Orange","","",806217,512354,293863,0,0,0,0,0,0,0,0,0,0,0,0,0,0,0,0,0,0,0,0,0,0,0,0,0,0,0,0,0,0,0,0,0,0,0,0,0,0,0,0,0,0,0,0,0,0,0,0,0,0,0,0,0,0,0,0,0,0,0,0,0,0,0,0,0,806217,6616,278,34
"34501001000","34501001000","","","","","","","",803114,0,0,0,0,0,0,149640,653474,0,0,0,0,0,0,3870,13440,12470,20970,469764,256800,0,25800,0,0,0,6570,0,6870,0,0,0,12470,0,0,0,0,0,20970,0,0,0,0,0,98890,197719,98223,74932,0,0,197300,0,59500,0,0,0,0,0,0,0,0,0,0,0,25800,0,0,0,5,1,1,3
"30117349001","Khung S2 [Vàng]","Cá nhân hóa","Khung","","","Blue","","",797352,0,0,0,678516,94290,17158,4613,2775,17562,19628,5047,2900,2152,1723,1209,1024,998,1015,1238,852,682,370,163,151,129,128,162,162,157,152,121,134,156,128,150,132,172,120,116,152,153,170,128,239,197,169,156,180,169,124,124,116,126,112,123,127,89,91,89,94,111,106,102,81,82,103,104,523321,7583,315,36
"34001152000","Nón Xi Vưu","Thời trang","Mũ","","","C","","",797242,434618,287294,72803,2527,0,0,0,0,0,0,0,0,0,0,0,0,0,0,0,0,0,0,0,0,0,0,0,0,0,0,0,0,0,0,0,0,0,0,0,0,0,0,0,0,0,0,0,0,0,0,0,0,0,0,0,0,0,0,0,0,0,0,0,0,0,0,0,797229,7421,305,35
"10801225001","Grenade-Iron Beast","Vật phóng","Grenade","Utility","Đặc biệt","Gold V","","",796107,0,794455,0,1062,590,0,0,0,138,4,0,0,0,0,0,0,0,0,0,0,0,0,0,0,0,0,0,0,0,0,0,0,0,0,0,0,0,0,0,0,0,0,0,0,0,0,0,0,0,0,0,0,0,0,0,0,0,0,0,0,0,0,0,0,0,0,0,795152,6950,309,36
"10705018006","Dual Karambit-Sakura","Cận chiến","Melee","Melee","Cận chiến","Purple","","",769201,173024,150322,95339,192500,66680,48695,23693,18948,6449,19803,11087,13681,6952,9967,5549,6845,3519,3720,9295,3959,6711,3043,1193,847,638,668,659,616,550,474,475,428,449,571,572,451,472,481,492,543,661,620,446,3614,1191,945,1198,1027,874,610,611,511,528,607,594,498,494,413,399,1043,1970,1239,1153,976,801,680,586,596093,6377,280,35
"10101170006","AK47-Sakura","Vũ khí chính","Rifle","Rifle","AK47","Purple","","",765861,166592,150798,94534,189360,71420,51710,23522,17925,7031,19818,11478,14883,8025,10437,5372,6701,4236,3303,8926,3683,6329,2897,1080,926,671,667,727,708,631,535,538,485,621,735,691,520,461,399,420,446,531,526,500,3410,1254,928,1077,946,811,763,575,471,461,447,486,480,455,460,390,1012,1952,1056,1004,865,774,666,592,589276,6643,293,37
"10603005006","Mauser M1896-Sakura","Vũ khí phụ","Pistol","Secondary","Súng lục","Purple","","",759334,171727,149462,91952,194969,61519,48721,22981,18003,6167,18681,11375,12671,7270,10507,5502,6763,3635,3280,9080,3558,6197,2969,1147,958,654,637,631,591,518,487,423,442,482,667,616,466,463,474,390,468,523,496,470,3331,1367,976,1199,928,809,566,569,510,488,518,459,448,408,407,379,1036,1785,1100,1082,914,794,647,614,590142,6394,289,35
"10102164006","M4A1-Sakura","Vũ khí chính","Rifle","Rifle","M4A1","Purple","","",754308,170554,148733,98564,191624,58101,47218,22096,17418,5367,18849,11220,14271,6467,8463,5443,6424,3516,2916,8404,3571,6393,2847,1103,825,595,544,585,582,520,471,434,434,468,617,572,405,419,401,337,407,474,473,397,3400,1100,906,1009,835,757,684,577,410,409,506,458,527,454,311,377,983,1926,1283,1059,938,698,610,601,584531,6103,283,35
"10502008006","Jack Hammer-Royal Gold","Vũ khí chính","Shotgun","Shotgun","Shotgun","Purple","","",739036,173709,145769,96903,196266,44880,44321,20807,16381,4198,16760,10985,11858,5934,9265,4541,6021,3527,2751,8656,3188,5709,2795,991,800,596,577,619,585,500,441,405,413,501,649,618,374,413,385,368,367,448,396,344,3623,1090,887,1076,870,766,615,506,351,396,414,445,461,367,324,330,847,1702,1096,1043,893,719,630,553,579317,5750,284,33
"32101111000","Búp Bê Tiểu Hỏa Tử Trác Lộc","Biến đổi vũ khí","Búp Bê","","","A","","",737233,590077,75836,49398,21642,224,23,12,21,8,12,3,1,10,2,4,3,0,4,10,7,3,2,0,0,0,2,0,0,0,0,0,0,0,0,0,1,2,0,0,0,0,1,0,1,1,2,4,0,2,0,0,1,1,5,0,0,1,0,0,0,0,1,1,0,1,1,0,737227,6509,254,33
"10114007006","AK12-Royal Gold","Vũ khí chính","Rifle","Rifle","Súng trường khác","Purple","","",733374,172291,148980,94161,190875,45590,45113,20167,16197,4309,17848,10188,13097,6110,9106,4572,5848,3233,2830,7994,3308,5953,2626,874,779,544,535,546,526,479,396,390,375,420,612,561,447,429,364,378,389,440,383,322,3362,1017,749,1003,836,705,470,563,467,471,491,452,394,360,397,378,896,1825,1125,972,793,725,542,566,574114,5739,269,32
"10214001006","FRF2-Chill","Vũ khí chính","Sniper","Sniper","Bắn tỉa khác","Purple","","",728477,168027,145053,98157,190593,44978,44692,20323,16654,4459,16101,10942,12321,6096,9100,4644,5901,3405,2677,8303,3064,6308,2675,959,744,586,585,617,566,516,426,384,438,413,651,577,394,343,376,335,360,432,437,351,3345,1148,803,968,908,780,473,449,426,434,416,418,448,382,382,370,894,1922,1278,1080,879,752,513,531,572940,5618,256,35
"10110014006","M14EBR-Azure","Vũ khí chính","Rifle","Rifle","Súng trường khác","Purple","","",719528,0,0,620874,0,0,0,4776,93878,0,0,0,0,0,0,0,0,0,0,31098,30385,23798,13373,0,0,0,0,0,0,0,0,0,0,0,0,0,0,0,0,0,0,0,0,0,4776,7008,4413,5837,4659,4405,4201,4253,4088,3938,3701,5391,4813,3616,3331,3189,3153,3411,3530,3568,3480,3328,3395,3170,650755,7552,316,37
"30121057001","Biểu tượng tiêu diệt S2 [Bạc]","Cá nhân hóa","Biểu tượng ","","","Green","","",718714,0,0,0,616261,102453,0,0,0,21853,2699,0,0,0,0,0,0,0,0,0,0,0,0,0,0,0,0,0,0,0,0,0,0,0,0,0,0,0,0,0,0,0,0,0,0,0,0,0,0,0,0,0,0,0,0,0,0,0,0,0,0,0,0,0,0,0,0,0,718608,7606,315,37
"10209009006","QBU09-Volcano","Vũ khí chính","Sniper","Sniper","Bắn tỉa khác","Purple","","",708496,0,573919,23367,0,15031,63107,33072,0,0,33867,16158,9612,9156,9345,8330,7537,7648,8462,1095,0,0,0,1156,1073,1046,1059,1012,1027,1330,1084,1028,1083,1035,1020,1068,1431,1359,1193,1179,1128,1084,1088,1033,62,0,0,0,0,0,0,0,0,0,0,0,0,0,0,0,0,0,0,0,0,0,0,0,627962,7509,314,36
"10502005006","Jack Hammer-Capricorn","Vũ khí chính","Shotgun","Shotgun","Shotgun","Purple","","",704627,0,704627,0,0,0,0,0,0,0,0,0,0,0,0,0,0,0,0,0,0,0,0,0,0,0,0,0,0,0,0,0,0,0,0,0,0,0,0,0,0,0,0,0,0,0,0,0,0,0,0,0,0,0,0,0,0,0,0,0,0,0,0,0,0,0,0,0,704627,6995,290,34
"10209003006","QBU09-Winner","Vũ khí chính","Sniper","Sniper","Bắn tỉa khác","Orange","","",696246,1294,694952,0,0,0,0,0,0,0,0,0,0,0,0,0,0,0,0,0,0,0,0,0,0,0,0,0,0,0,0,0,0,0,0,0,0,0,0,0,0,0,0,0,0,0,0,0,0,0,0,0,0,0,0,0,0,0,0,0,0,0,0,0,0,0,0,0,696246,6618,278,32
"30117357001","Khung S3【Bạc】","Cá nhân hóa","Khung","","","Green","","",695880,0,0,0,0,298117,263106,124204,10453,0,366105,71480,46957,40734,35947,29522,27781,29260,32004,10090,2952,2053,995,3918,4085,3765,3974,3983,4368,4196,3957,3898,3850,4034,4501,4824,4171,4271,4376,4196,4584,5190,5216,4012,1625,1231,952,831,710,729,543,495,450,389,355,363,357,308,268,272,268,331,286,320,253,254,256,232,506576,7361,311,36
"30117350001","Khung S2 [Bạch Kim]","Cá nhân hóa","Khung","","","Purple","","",694158,0,0,0,592333,76987,17818,4399,2621,12407,22685,5182,3030,2145,1630,1116,1063,997,922,1099,828,638,357,147,142,144,145,161,175,152,131,139,131,134,154,156,127,126,126,120,123,136,164,102,199,168,155,155,146,174,134,156,114,123,102,94,105,98,87,74,88,104,92,95,94,85,94,84,423402,7550,315,36
"10102025006","M4A1-Predator","Vũ khí chính","Rifle","Rifle","M4A1","Gold V","","",689543,211620,263298,90457,65489,18378,20086,9779,10436,2667,8917,6852,3415,2754,2638,2396,2526,1998,2138,2922,2403,3791,2041,375,387,321,318,350,319,270,240,208,229,315,363,373,269,304,275,246,329,381,334,301,420,348,364,557,483,449,343,353,340,323,338,361,345,334,299,296,515,1014,658,675,620,510,458,453,657625,6807,306,37
"32301045000","Sticker: Snow Mountain","Biến đổi vũ khí","Sticker","","","C","","",685416,1,685415,0,0,0,0,0,0,0,0,0,0,0,0,0,0,0,0,0,0,0,0,0,0,0,0,0,0,0,0,0,0,0,0,0,0,0,0,0,0,0,0,0,0,0,0,0,0,0,0,0,0,0,0,0,0,0,0,0,0,0,0,0,0,0,0,0,685416,6680,281,33
"10601007006","USP-Royal Dragon","Vũ khí phụ","Pistol","Secondary","Súng lục","Purple","","",673468,0,0,562422,0,14960,62657,33429,0,0,33813,16066,9179,9446,9113,8419,7894,7397,8650,1069,0,0,0,1202,1150,1123,1106,1012,1103,1295,1120,1079,993,960,941,1009,1508,1271,1200,1188,1208,1094,1181,995,74,0,0,0,0,0,0,0,0,0,0,0,0,0,0,0,0,0,0,0,0,0,0,0,588936,7569,315,36
"32101041000","Búp Bê DJ MOS","Biến đổi vũ khí","Búp Bê","","","B","","",672987,0,672987,0,0,0,0,0,0,0,0,0,0,0,0,0,0,0,0,0,0,0,0,0,0,0,0,0,0,0,0,0,0,0,0,0,0,0,0,0,0,0,0,0,0,0,0,0,0,0,0,0,0,0,0,0,0,0,0,0,0,0,0,0,0,0,0,0,672987,6994,286,34
"10719008006","Dual Dragon","Cận chiến","Melee","Melee","Cận chiến","Purple","","",670566,18070,651945,0,0,0,154,396,1,0,0,6,26,57,65,82,100,113,91,11,0,0,0,9,16,16,14,13,15,17,22,14,14,16,18,12,8,20,10,14,17,10,12,9,1,0,0,0,1,0,0,0,0,0,0,0,0,0,0,0,0,0,0,0,0,0,0,0,650643,6088,234,32
"10602012006","Desert Eagle-Ice-Alpha","Vũ khí phụ","Pistol","Secondary","Súng lục","Purple","","",670149,294787,281793,69370,8355,3705,8648,2072,1419,226,5850,2137,1289,1079,797,473,482,484,482,537,452,380,201,67,80,70,58,69,63,69,58,73,56,71,79,78,82,73,71,59,80,63,54,73,78,68,85,71,84,78,58,87,74,76,36,57,64,60,62,50,44,60,50,54,50,51,54,46,669560,7424,307,36
"10705027006","Dual Karambit-Chocolate","Cận chiến","Melee","Melee","Cận chiến","Purple","","",658981,12324,646657,0,0,0,0,0,0,0,0,0,0,0,0,0,0,0,0,0,0,0,0,0,0,0,0,0,0,0,0,0,0,0,0,0,0,0,0,0,0,0,0,0,0,0,0,0,0,0,0,0,0,0,0,0,0,0,0,0,0,0,0,0,0,0,0,0,639943,5715,246,25
"34801321000","Nhật Ký Yun Youyou","Xu Gacha","Xu Gacha","","","Orange","","",650493,0,0,0,579361,70982,0,0,150,6606,0,0,0,0,0,0,0,0,0,0,0,150,0,0,0,0,0,0,0,0,0,0,0,0,0,0,0,0,0,0,0,0,0,0,0,0,0,0,0,0,0,0,0,0,0,0,0,0,0,0,150,0,0,0,0,0,0,0,15339,4011,288,37
"10131002006","CR-21-Flame","Vũ khí chính","Rifle","Rifle","Súng trường khác","Purple","","",649241,0,649240,1,0,0,0,0,0,0,0,0,0,0,0,0,0,0,0,0,0,0,0,0,0,0,0,0,0,0,0,0,0,0,0,0,0,0,0,0,0,0,0,0,0,0,0,0,0,0,0,0,0,0,0,0,0,0,0,0,0,0,0,0,0,0,0,0,649241,6992,289,34
"10107006006","AUG-RED","Vũ khí chính","Rifle","Rifle","Súng trường khác","Purple","","",646065,0,0,535288,0,14732,63122,32923,0,0,33339,16239,9451,9536,9289,8272,7801,7461,8291,1098,0,0,0,1235,1143,1075,1077,1035,1042,1241,1103,1057,976,1031,1025,1028,1392,1261,1131,1131,1152,1119,1105,1020,78,0,0,0,0,0,0,0,0,0,0,0,0,0,0,0,0,0,0,0,0,0,0,0,565859,7504,314,36
"30460008000","Thẻ Battle Pass 100","Vật liệu","Thẻ điểm kinh nghiệm BP","","","Purple","","",642311,87787,71529,45579,3913,12157,25761,45664,349921,4,15713,7289,6423,4963,3526,3750,19216,8328,6209,21725,214313,110033,12011,591,660,5353,6946,3080,2015,2190,1365,1129,997,1185,742,720,686,815,1114,1010,1011,884,689,452,7709,3517,2756,2724,2306,2261,2314,2156,2077,1813,133500,44930,27523,21143,18317,17585,15080,15232,11958,10718,8028,1805,1158,1020,184552,7432,320,37
"32401008000","Trang Sức Quái Vật","Biến đổi vũ khí","Trang sức","","","C","","",638973,136347,132801,115563,91762,52423,58143,29093,22841,5393,20752,12749,17176,8358,12498,6625,8811,4492,3623,12095,4358,7798,4132,1520,1167,879,846,862,674,647,608,549,518,659,753,758,606,519,537,426,447,566,522,429,5113,1538,1386,1369,1167,1093,766,781,638,549,500,519,605,555,528,419,1278,2272,1408,1338,1286,887,804,1155,373449,5394,270,33
"10115003006","AR-15-Royal Dragon","Vũ khí chính","Rifle","Rifle","Súng trường khác","Purple","","",627599,0,0,510350,200,16986,65029,34372,662,6,36690,16754,9733,9340,9466,8859,8256,7394,8350,1813,165,127,70,1279,1184,1264,1142,1067,1062,1249,1131,1033,978,963,963,1077,1390,1289,1224,1149,1136,1138,1024,955,558,121,66,48,39,26,30,29,17,24,13,28,24,13,17,22,15,26,18,16,16,18,19,17,511688,7523,314,36
"10101006006","AK47-Beast","Vũ khí chính","Rifle","Rifle","AK47","Gold V","","",627261,253013,324889,23648,11931,5363,4557,1926,1934,720,2387,1431,806,629,628,464,507,392,415,589,403,745,345,81,68,55,76,71,53,56,55,37,49,56,74,65,71,63,63,42,55,66,55,44,104,69,78,117,90,87,81,47,53,50,55,64,53,41,46,50,121,209,120,158,115,93,65,72,626184,6929,308,37
"10206008006","M200-Bumblebee","Vũ khí chính","Sniper","Sniper","M200","Purple","","",623649,302723,74746,51461,123615,25038,32728,6688,6650,5195,27178,5412,7444,5522,2907,2087,1541,1296,1231,2463,1776,1526,1418,211,176,210,254,251,248,190,157,181,227,179,183,179,155,226,166,185,177,154,168,280,253,182,211,433,681,423,293,304,284,224,231,202,238,180,181,148,171,271,252,323,502,330,270,316,542705,7326,302,36
"32501053000","Sơn Xịt Xin Lỗi","Biến đổi vũ khí","Sơn xịt","","","C","","",611149,0,0,0,381250,229899,0,0,0,35871,4707,0,0,0,0,0,0,0,0,0,0,0,0,0,0,0,0,0,0,0,0,0,0,0,0,0,0,0,0,0,0,0,0,0,0,0,0,0,0,0,0,0,0,0,0,0,0,0,0,0,0,0,0,0,0,0,0,0,611098,7506,316,37
"10819003001","Bình Graffiti","Vật phóng","Grenade","Utility","Đặc biệt","Purple","","",611149,0,0,0,381250,229899,0,0,0,35871,4707,0,0,0,0,0,0,0,0,0,0,0,0,0,0,0,0,0,0,0,0,0,0,0,0,0,0,0,0,0,0,0,0,0,0,0,0,0,0,0,0,0,0,0,0,0,0,0,0,0,0,0,0,0,0,0,0,0,611098,7506,316,37
"30460004000","Thẻ Battle Pass 20","Vật liệu","Thẻ điểm kinh nghiệm BP","","","Purple","","",608351,112887,137768,136769,6498,10904,70482,53240,79803,0,18248,17300,19592,14744,11502,12392,12708,10288,8308,32787,23956,22388,10216,1740,2104,1960,1912,1476,1672,1720,1420,1248,1608,1656,1500,1136,1012,1176,1324,1272,1436,1092,996,584,8960,5140,5607,4832,3824,3840,3692,3656,3004,3568,3996,3088,2952,3428,3188,3392,3148,3228,3256,2748,2316,2280,2620,3000,27161,5852,318,37
"10102050006","M4A1-XM-Winner","Vũ khí chính","Rifle","Rifle","M4A1","Orange","","",605139,784,604355,0,0,0,0,0,0,0,0,0,0,0,0,0,0,0,0,0,0,0,0,0,0,0,0,0,0,0,0,0,0,0,0,0,0,0,0,0,0,0,0,0,0,0,0,0,0,0,0,0,0,0,0,0,0,0,0,0,0,0,0,0,0,0,0,0,605139,6615,275,33
"10307005006","KAC-Camo Skull","Vũ khí chính","MG","Machine Gun","SMG","Purple","","",586202,0,408450,177752,0,0,0,0,0,0,0,0,0,0,0,0,0,0,0,0,0,0,0,0,0,0,0,0,0,0,0,0,0,0,0,0,0,0,0,0,0,0,0,0,0,0,0,0,0,0,0,0,0,0,0,0,0,0,0,0,0,0,0,0,0,0,0,0,586202,7135,295,33
"10101059001","10101059001","","","","AK47","","","",584552,0,0,0,0,253161,215555,115836,0,0,308342,57667,38967,33747,29993,28201,27182,27945,29022,3486,0,0,0,3823,3810,3748,3781,3903,4373,3973,3770,3623,3652,3977,4288,4662,4008,4220,4055,3847,4096,4404,4392,3486,0,0,0,0,0,0,0,0,0,0,0,0,0,0,0,0,0,0,0,0,0,0,0,0,584552,7430,316,37
"32301129000","Sticker: Born Beast","Biến đổi vũ khí","Sticker","","","C","","",573383,0,0,0,0,573383,0,0,0,41632,5342,0,0,0,0,0,0,0,0,0,0,0,0,0,0,0,0,0,0,0,0,0,0,0,0,0,0,0,0,0,0,0,0,0,0,0,0,0,0,0,0,0,0,0,0,0,0,0,0,0,0,0,0,0,0,0,0,0,573383,7446,316,37
"30117358001","Khung S3【Vàng】","Cá nhân hóa","Khung","","","Blue","","",571940,0,0,0,0,269770,204643,83128,14399,0,329536,59420,33822,27964,23671,20049,18212,18362,20327,13129,4030,2380,1038,2581,2594,2477,2581,2672,2835,2565,2471,2530,2404,2600,2769,3023,2626,2629,2763,2619,2970,3301,3419,2725,3453,2118,1548,1129,1105,1051,754,693,645,556,454,445,483,413,327,308,287,347,323,375,249,262,271,256,372146,7317,310,36
"10801008001","Grenade-Kiss","Vật phóng","Grenade","Utility","Đặc biệt","Purple","","",553877,0,3692,550185,0,0,0,0,0,0,0,0,0,0,0,0,0,0,0,0,0,0,0,0,0,0,0,0,0,0,0,0,0,0,0,0,0,0,0,0,0,0,0,0,0,0,0,0,0,0,0,0,0,0,0,0,0,0,0,0,0,0,0,0,0,0,0,0,553871,7236,300,33
"30117351001","Khung S2 [Kim Cương]","Cá nhân hóa","Khung","","","Orange","","",552223,0,0,0,450198,81249,15801,3138,1837,11407,26128,4810,2248,1701,1236,901,730,646,627,816,550,474,231,116,92,101,100,107,121,88,103,76,83,92,97,107,75,97,97,78,80,103,97,79,155,131,111,107,100,133,82,107,78,76,63,70,74,66,66,54,77,69,76,66,64,51,57,59,331762,7431,314,36
"10211009006","Kar 98K-Gold Black Dragon","Vũ khí chính","Sniper","Sniper","Bắn tỉa khác","Purple","","",549980,0,0,548937,0,0,0,507,536,0,0,0,0,0,0,0,0,0,0,780,129,91,43,0,0,0,0,0,0,0,0,0,0,0,0,0,0,0,0,0,0,0,0,0,507,101,58,42,35,37,23,18,11,19,15,20,23,12,10,18,8,13,13,17,12,16,11,4,549178,7222,299,35
"10103013006","QBZ95-Invincible Dragon","Vũ khí chính","Rifle","Rifle","Súng trường khác","Orange","","",548774,0,546436,0,0,51,662,1325,300,0,87,72,100,211,243,259,208,193,595,148,100,75,47,31,28,28,36,21,17,25,33,28,27,25,25,30,33,51,164,107,79,88,73,48,22,16,15,11,13,23,19,11,16,16,19,14,5,10,12,9,11,13,12,8,7,11,14,15,548169,6911,289,36
"10401005006","MP5-Aries","Vũ khí chính","SMG","SMG","SMG","Purple","","",542024,486110,55914,0,0,0,0,0,0,0,0,0,0,0,0,0,0,0,0,0,0,0,0,0,0,0,0,0,0,0,0,0,0,0,0,0,0,0,0,0,0,0,0,0,0,0,0,0,0,0,0,0,0,0,0,0,0,0,0,0,0,0,0,0,0,0,0,0,514671,4181,175,22
"36201010000","[Thời Trang] GR-Swatress-Fortune Rabbit","Thời trang","Thời trang bộ","","","B","","",531373,0,0,61570,469802,1,0,0,0,0,1,0,0,0,0,0,0,0,0,0,0,0,0,0,0,0,0,0,0,0,0,0,0,0,0,0,0,0,0,0,0,0,0,0,0,0,0,0,0,0,0,0,0,0,0,0,0,0,0,0,0,0,0,0,0,0,0,0,473181,7328,312,37
"10602013006","Desert Eagle-Glory","Vũ khí phụ","Pistol","Secondary","Súng lục","Purple","","",527015,0,0,0,0,93962,155610,145116,132327,0,149351,50064,20480,16386,13291,12140,10750,10911,11424,168330,32058,21121,10709,1456,1464,1473,1484,1575,1716,1503,1529,1496,1509,1499,1612,1763,1470,1504,1478,1523,1678,1857,1914,1528,98363,26386,14578,10595,8761,8119,5955,5524,4745,4562,3773,3656,3843,3279,2990,2786,2889,3073,2887,3217,2744,2645,2700,2620,352422,7213,312,36
"30121058001","Biểu tượng tiêu diệt S2 [Vàng]","Cá nhân hóa","Biểu tượng ","","","Blue","","",523403,0,0,0,470228,53175,0,0,0,11407,1270,0,0,0,0,0,0,0,0,0,0,0,0,0,0,0,0,0,0,0,0,0,0,0,0,0,0,0,0,0,0,0,0,0,0,0,0,0,0,0,0,0,0,0,0,0,0,0,0,0,0,0,0,0,0,0,0,0,523320,7583,315,36
"10801189001","Grenade-Candyfloss","Vật phóng","Grenade","Utility","Đặc biệt","Purple","","",518648,0,0,0,384713,133935,0,0,0,0,0,0,0,0,0,0,0,0,0,0,0,0,0,0,0,0,0,0,0,0,0,0,0,0,0,0,0,0,0,0,0,0,0,0,0,0,0,0,0,0,0,0,0,0,0,0,0,0,0,0,0,0,0,0,0,0,0,0,518605,7365,313,36
"30121065001","Biểu tượng hạ gục S3【Bạc】","Cá nhân hóa","Khung","","","Green","","",506576,0,0,0,0,234846,185978,85752,0,0,283401,50000,33329,28673,25421,20359,19593,20656,22358,2786,0,0,0,2804,2898,2628,2782,2820,3077,2995,2838,2748,2723,2815,3162,3375,2959,3027,3023,2934,3173,3596,3646,2786,0,0,0,0,0,0,0,0,0,0,0,0,0,0,0,0,0,0,0,0,0,0,0,0,506576,7361,311,36
"10101005006","AK47-Iron Beast","Vũ khí chính","Rifle","Rifle","AK47","Gold V","","",502155,128008,158342,82677,73306,23353,19448,9423,7598,3775,10192,6159,2933,2731,2850,2195,2363,1919,2218,2503,1853,2634,1336,407,383,278,308,280,267,231,221,190,223,316,409,329,289,296,284,257,325,377,390,315,413,288,299,473,358,357,309,271,225,231,275,293,249,251,272,221,411,638,444,397,432,329,289,286,492057,7513,317,37
"32301227000","Sticker: Shadow Island","Biến đổi vũ khí","Sticker","","","C","","",500484,0,0,0,456317,44167,0,0,0,9866,1107,0,0,0,0,0,0,0,0,0,0,0,0,0,0,0,0,0,0,0,0,0,0,0,0,0,0,0,0,0,0,0,0,0,0,0,0,0,0,0,0,0,0,0,0,0,0,0,0,0,0,0,0,0,0,0,0,0,500423,7582,315,36
"10103006006","QBZ95-Angel","Vũ khí chính","Rifle","Rifle","Súng trường khác","Gold V","","",489242,0,448162,16937,4866,4637,11105,1884,1651,159,9140,2650,1411,1060,809,441,452,422,429,575,511,454,251,61,67,76,52,62,57,55,61,52,68,50,64,72,57,54,62,54,67,60,75,63,77,93,82,82,79,99,58,74,75,77,69,77,81,76,71,64,60,62,64,57,69,68,61,53,488862,6849,287,34
"34801306000","Xu May Mắn Beast Frost","Xu Gacha","Xu Gacha","","","Orange","","",487790,0,0,0,0,56634,431156,0,0,0,225570,139720,63688,39773,19039,0,0,0,0,0,0,0,0,0,0,0,0,0,0,0,0,0,0,0,0,0,0,0,0,0,0,0,0,0,0,0,0,0,0,0,0,0,0,0,0,0,0,0,0,0,0,0,0,0,0,0,0,0,10391,2689,197,34
"10704014006","Kukri-Jade","Cận chiến","Melee","Melee","Cận chiến","Purple","","",487625,15459,84276,67,321724,51755,11454,1960,930,9632,8263,3110,1576,1148,869,577,461,401,411,370,307,238,125,68,82,53,55,67,62,55,57,60,62,55,52,60,53,56,62,49,64,52,75,51,59,40,49,53,60,58,35,54,46,52,40,32,48,36,28,35,28,52,28,31,22,28,33,42,440688,7424,313,37
"30310570000","Ảo Ảnh Vua Súng-Rương","Rương kho báu","Rương kho báu","","","Orange","","",486325,0,0,0,196644,52409,129263,34704,73305,7077,37326,44385,27256,18940,12950,9850,8003,7433,7712,27101,24079,16617,7214,1164,1132,1154,1138,1049,1146,1061,935,947,1035,1113,1205,1137,1118,1091,1074,1036,1096,1131,1166,862,844,3457,5253,6554,5562,4569,4034,3741,3560,3531,3213,3085,2915,2711,2596,2331,2234,2410,2201,2134,2014,1785,1732,1683,269994,7457,314,36
"30117359001","Khung S3【Bạch Kim】","Cá nhân hóa","Khung","","","Purple","","",484212,0,0,0,0,212115,193363,63225,15509,0,273524,60796,30122,22975,18061,15522,13607,13328,14411,14306,4172,2321,1067,1963,1891,1799,1924,2034,2053,1838,1804,1851,1786,1907,1997,2145,1873,1914,1922,1866,2142,2285,2409,1996,4361,2570,1679,1404,1166,1130,808,710,589,634,478,441,512,365,360,292,322,332,324,326,302,275,241,249,294199,7251,309,35
"10304006006","M249-Born Beast","Vũ khí chính","MG","Machine Gun","SMG","Orange","","",480075,236242,241148,2116,225,119,84,76,65,24,24,21,17,14,20,14,11,21,23,36,9,18,9,2,0,1,1,1,4,1,3,3,4,4,6,0,4,2,7,4,2,1,3,7,0,6,6,5,3,9,4,1,0,2,1,1,0,1,3,0,5,3,2,4,4,1,1,3,480073,5782,230,30
"10737001006","Jungle Knife-Knight Blue","Cận chiến","Melee","Melee","Cận chiến","Blue","","",468997,196925,161257,50455,22104,10793,11675,8992,6796,1941,3635,2896,2353,2009,2743,2083,2373,1811,1956,2374,1826,2078,1287,432,342,294,296,285,313,276,226,234,226,226,280,343,223,250,310,277,290,312,294,258,511,300,242,364,367,332,297,315,247,263,211,245,248,204,187,187,308,484,341,367,351,303,293,340,415313,4047,168,20
"10209004006","QBU09-El Dorado","Vũ khí chính","Sniper","Sniper","Bắn tỉa khác","Gold V","","",464358,0,348566,89083,7254,4609,10851,1847,2148,160,8886,2683,1348,1002,749,442,408,421,440,647,687,619,331,66,59,51,44,56,65,76,55,54,76,43,59,58,61,58,67,60,52,66,76,64,72,109,100,90,90,122,115,106,99,90,91,91,95,103,100,85,69,91,86,85,76,101,74,80,463745,6917,290,33
"32401082000","Trang Sức Poker","Biến đổi vũ khí","Trang sức","","","C","","",462646,0,0,0,381950,80696,0,0,0,0,0,0,0,0,0,0,0,0,0,0,0,0,0,0,0,0,0,0,0,0,0,0,0,0,0,0,0,0,0,0,0,0,0,0,0,0,0,0,0,0,0,0,0,0,0,0,0,0,0,0,0,0,0,0,0,0,0,0,462594,7284,310,35
"20172002000","Yun Youyou","Nhân vật","Nhân vật","","","Gold V","","",462203,0,0,0,372997,70533,9329,6386,2958,8326,3771,2465,1957,2004,1725,2202,1463,1443,1075,627,835,1003,696,412,273,99,235,106,265,447,58,197,94,105,177,365,142,375,211,108,82,93,64,31,172,80,17,67,226,34,7,78,189,80,165,184,132,77,81,80,363,87,217,98,146,13,315,222,4957,2888,279,37
"10801084001","Grenade-Lion Dance","Vật phóng","Grenade","Utility","Đặc biệt","Purple","","",461123,0,0,440064,18450,1311,573,411,314,232,236,143,132,111,88,84,105,104,95,111,105,81,40,21,15,18,9,12,12,13,14,16,15,19,17,10,12,20,13,14,10,9,17,10,13,19,21,10,20,18,9,9,18,13,25,13,18,12,16,12,14,13,10,4,12,8,9,11,461108,6987,292,34
"10803008001","Smoke-Beast","Vật phóng","Grenade","Utility","Đặc biệt","Gold V","","",460990,153108,195381,60511,25596,10356,7622,4443,3973,1142,2638,1851,1839,1154,1568,991,1170,835,817,1792,854,1232,725,209,188,127,141,130,137,105,121,96,103,116,162,132,127,111,97,124,112,119,127,123,507,244,234,257,230,197,155,116,110,129,126,105,113,89,94,95,177,321,241,215,203,196,170,156,433155,6836,307,36
"10102024006","M4A1-Ice-Alpha","Vũ khí chính","Rifle","Rifle","M4A1","Purple","","",460010,51536,279525,82945,6188,9313,23871,3954,2678,108,20068,5742,2895,2273,1675,1012,890,864,922,1014,865,663,402,135,124,125,114,136,129,118,114,136,122,98,146,130,106,139,122,134,127,157,137,134,132,129,142,165,165,147,141,155,117,109,118,85,140,98,74,89,89,100,94,119,90,81,117,114,452562,7355,305,36
"32301228000","Sticker: Shadow Island","Biến đổi vũ khí","Sticker","","","B","","",459711,0,0,0,421376,38335,0,0,0,8271,978,0,0,0,0,0,0,0,0,0,0,0,0,0,0,0,0,0,0,0,0,0,0,0,0,0,0,0,0,0,0,0,0,0,0,0,0,0,0,0,0,0,0,0,0,0,0,0,0,0,0,0,0,0,0,0,0,0,459651,7566,315,36
"36302010000","[Thời Trang] BL-Swatress-Fortune Rabbit","Thời trang","Thời trang bộ","","","B","","",459518,0,0,51027,408490,1,0,0,0,0,1,0,0,0,0,0,0,0,0,0,0,0,0,0,0,0,0,0,0,0,0,0,0,0,0,0,0,0,0,0,0,0,0,0,0,0,0,0,0,0,0,0,0,0,0,0,0,0,0,0,0,0,0,0,0,0,0,0,412174,7255,311,35
"32501059000","Sơn Xịt Medusa","Biến đổi vũ khí","Sơn xịt","","","C","","",457188,0,0,0,457187,1,0,0,0,0,0,0,0,0,0,0,0,0,0,0,0,0,0,0,0,0,0,0,0,0,0,0,0,0,0,0,0,0,0,0,0,0,0,0,0,0,0,0,0,0,0,0,0,0,0,0,0,0,0,0,0,0,0,0,0,0,0,0,457164,7296,309,37
"32501044000","Sơn Xịt Thiên Mệnh","Biến đổi vũ khí","Sơn xịt","","","C","","",451054,0,0,0,212761,238293,0,0,0,23794,2366,0,0,0,0,0,0,0,0,0,0,0,0,0,0,0,0,0,0,0,0,0,0,0,0,0,0,0,0,0,0,0,0,0,0,0,0,0,0,0,0,0,0,0,0,0,0,0,0,0,0,0,0,0,0,0,0,0,450876,7401,316,37
"10109015006","9A91-Chroma","Vũ khí chính","Rifle","Rifle","Súng trường khác","Purple","","",450035,0,0,0,450035,0,0,0,0,0,0,0,0,0,0,0,0,0,0,0,0,0,0,0,0,0,0,0,0,0,0,0,0,0,0,0,0,0,0,0,0,0,0,0,0,0,0,0,0,0,0,0,0,0,0,0,0,0,0,0,0,0,0,0,0,0,0,0,449740,7239,310,35
"10403007006","MK5-Mechanical Era","Vũ khí chính","SMG","SMG","SMG","Gold V","","",448193,0,392708,3868,11318,10432,23752,3524,2591,66,21969,5535,2709,2100,1531,899,815,805,802,954,812,657,371,118,112,121,107,110,137,115,85,104,116,103,137,145,101,127,122,108,110,115,119,96,107,151,154,142,157,147,126,127,116,134,101,97,111,94,97,81,83,89,105,108,98,84,87,102,447778,6319,273,31
"33201020000","Xu Gắp Thú","Xu Gacha","Xu Gacha","","","Orange","","",442982,0,0,0,0,0,247696,186729,8557,0,0,0,0,0,247696,87249,49925,27181,17356,13575,0,0,0,6858,10905,8257,5035,5671,3998,3852,3642,4109,5148,3699,4069,2662,2511,2329,2413,3430,2547,2105,2021,2333,2685,2397,2557,1193,1762,648,0,0,0,0,0,0,0,0,0,0,0,0,0,0,0,0,0,0,7743,2063,211,35
"10726001006","Pan-Gold","Cận chiến","Melee","Melee","Cận chiến","Orange","","",442217,0,0,0,442217,0,0,0,0,0,0,0,0,0,0,0,0,0,0,0,0,0,0,0,0,0,0,0,0,0,0,0,0,0,0,0,0,0,0,0,0,0,0,0,0,0,0,0,0,0,0,0,0,0,0,0,0,0,0,0,0,0,0,0,0,0,0,0,442217,7180,307,36
"30117352001","Khung S2 [Vua Súng]","Cá nhân hóa","Khung","","","Orange","","",441976,0,0,0,312794,107107,16952,3041,2082,14188,35689,5248,2481,1676,1273,789,732,614,554,1101,622,489,222,112,102,99,94,96,121,98,97,89,84,64,74,108,90,79,76,67,84,70,88,82,270,197,143,126,141,142,106,114,83,85,75,84,75,72,80,55,52,75,75,80,65,48,55,54,258504,7274,313,36
"10602052006","Desert Eagle-Fried Chicken Thighs","Vũ khí phụ","Pistol","Secondary","Súng lục","Purple","","",441924,0,0,0,441924,0,0,0,0,0,0,0,0,0,0,0,0,0,0,0,0,0,0,0,0,0,0,0,0,0,0,0,0,0,0,0,0,0,0,0,0,0,0,0,0,0,0,0,0,0,0,0,0,0,0,0,0,0,0,0,0,0,0,0,0,0,0,0,441924,7175,307,36
"30460011000","Thẻ Battle Pass 500","Vật liệu","Thẻ điểm kinh nghiệm BP","","","Purple","","",441401,60122,87390,76480,1594,25575,44242,44871,101127,2,32245,8090,9271,15008,5201,16075,11747,5186,3775,19742,75833,9411,4229,2340,2038,1736,1365,1152,1052,1010,751,783,707,743,591,601,558,531,617,506,607,487,469,366,7722,3199,2544,2715,1748,1448,1213,1063,1070,2858,16011,37224,16394,1492,1298,1317,1339,1601,1299,1065,735,697,782,2015,206733,7791,320,37
"10607003006","Anaconda-Blue Pottery","Vũ khí phụ","Pistol","Secondary","Súng lục","Purple","","",437291,0,0,0,176919,239800,18843,1164,565,22269,25646,7374,2068,765,503,362,280,200,210,304,159,146,68,47,50,37,34,28,33,35,24,30,36,31,23,21,38,34,26,36,31,20,25,27,85,40,45,31,37,39,26,29,21,18,19,26,20,17,20,15,16,32,22,24,20,17,17,14,403758,7346,316,36
"10413001006","FN P90-Fatal Wasp","Vũ khí chính","SMG","SMG","SMG","Purple","","",434222,392741,41481,0,0,0,0,0,0,0,0,0,0,0,0,0,0,0,0,0,0,0,0,0,0,0,0,0,0,0,0,0,0,0,0,0,0,0,0,0,0,0,0,0,0,0,0,0,0,0,0,0,0,0,0,0,0,0,0,0,0,0,0,0,0,0,0,0,425574,3312,135,19
"30310531000","Rương 1000 Gem","Rương kho báu","Rương kho báu","","","Orange","","",432331,96985,74735,37884,76065,41192,23821,19306,62343,4108,26955,7366,4910,3510,2476,3345,3816,2353,2273,16420,6024,4435,42983,511,442,586,672,463,392,444,361,333,322,337,256,300,306,381,340,321,341,317,267,53,7466,2508,1901,2014,1346,1132,1052,737,704,872,1180,791,688,636,544,499,976,700,599,481,22164,11608,5474,3737,232655,7810,320,37
"10702009006","Ultimate Gold","Cận chiến","Melee","Melee","Cận chiến","Purple","","",431815,0,0,0,431814,1,0,0,0,0,0,0,0,0,0,0,0,0,0,0,0,0,0,0,0,0,0,0,0,0,0,0,0,0,0,0,0,0,0,0,0,0,0,0,0,0,0,0,0,0,0,0,0,0,0,0,0,0,0,0,0,0,0,0,0,0,0,0,431616,7328,311,37
"10704006006","Kukri-Glory","Cận chiến","Melee","Melee","Cận chiến","Purple","","",431187,0,0,0,372935,58252,0,0,0,11576,1264,0,0,0,0,0,0,0,0,0,0,0,0,0,0,0,0,0,0,0,0,0,0,0,0,0,0,0,0,0,0,0,0,0,0,0,0,0,0,0,0,0,0,0,0,0,0,0,0,0,0,0,0,0,0,0,0,0,431085,7449,314,36
"30121059001","Biểu tượng tiêu diệt S2 [Bạch Kim]","Cá nhân hóa","Biểu tượng ","","","Purple","","",423453,0,0,0,388293,35160,0,0,0,7356,851,0,0,0,0,0,0,0,0,0,0,0,0,0,0,0,0,0,0,0,0,0,0,0,0,0,0,0,0,0,0,0,0,0,0,0,0,0,0,0,0,0,0,0,0,0,0,0,0,0,0,0,0,0,0,0,0,0,423398,7550,315,36
"32401141000","Trang Sức Dynasty Sword Mini","Biến đổi vũ khí","Trang sức","","","C","","",420837,0,0,408625,12212,0,0,0,0,0,0,0,0,0,0,0,0,0,0,0,0,0,0,0,0,0,0,0,0,0,0,0,0,0,0,0,0,0,0,0,0,0,0,0,0,0,0,0,0,0,0,0,0,0,0,0,0,0,0,0,0,0,0,0,0,0,0,0,420833,7117,300,35
"32401081000","Trang Sức Medusa","Biến đổi vũ khí","Trang sức","","","C","","",419319,0,0,0,419317,2,0,0,0,0,0,0,0,0,0,0,0,0,0,0,0,0,0,0,0,0,0,0,0,0,0,0,0,0,0,0,0,0,0,0,0,0,0,0,0,0,0,0,0,0,0,0,0,0,0,0,0,0,0,0,0,0,0,0,0,0,0,0,419286,7264,309,36
"34801312000","Xu May Mắn Quái Thú","Xu Gacha","Xu Gacha","","","Orange","","",418078,0,0,350410,67318,0,0,0,350,0,0,0,0,0,0,0,0,0,0,0,0,350,0,0,0,0,0,0,0,0,0,0,0,0,0,0,0,0,0,0,0,0,0,0,0,0,0,0,0,0,0,0,0,0,0,0,0,0,0,0,350,0,0,0,0,0,0,0,17552,2448,228,35
"32501002000","Headshot Spray","Biến đổi vũ khí","Sơn xịt","","","C","","",417605,0,0,0,54105,363500,0,0,0,22238,2153,0,0,0,0,0,0,0,0,0,0,0,0,0,0,0,0,0,0,0,0,0,0,0,0,0,0,0,0,0,0,0,0,0,0,0,0,0,0,0,0,0,0,0,0,0,0,0,0,0,0,0,0,0,0,0,0,0,417605,7366,316,37
"10609003006","Glock-Mobile Team","Vũ khí phụ","Pistol","Secondary","Súng lục","Purple","","",414910,0,0,0,377477,0,0,3,37430,0,0,0,0,0,0,0,0,0,2,3032,20652,9113,4634,0,0,0,0,0,0,0,0,0,0,0,0,0,0,0,1,1,0,0,0,1,0,8,101,573,974,1375,6563,3749,2497,2451,2177,1602,1613,1406,1343,1313,1286,1173,1301,1291,1231,1208,1091,1104,385980,7254,311,36
"32401061000","Trang Sức Ragnarok","Biến đổi vũ khí","Trang sức","","","B","","",414844,68567,88111,15232,0,174964,52554,0,15416,7525,90566,18327,9116,7268,0,0,0,0,0,0,0,11862,3554,0,0,0,0,0,0,0,0,0,0,0,0,0,0,0,0,0,0,0,0,0,0,0,0,0,0,0,0,0,0,0,0,0,0,0,0,0,3282,4493,2481,1606,1188,917,708,741,42476,6710,319,37
"10107007006","AUG-Mechanical Era","Vũ khí chính","Rifle","Rifle","Súng trường khác","Gold VVIP","","",410801,0,0,381760,7879,5535,12054,1802,1771,198,10279,2953,1401,1118,813,438,437,381,402,577,577,480,281,59,66,61,64,66,66,53,57,28,52,55,74,62,45,56,60,59,55,51,76,56,88,69,101,83,87,93,86,91,86,78,77,71,88,79,75,47,70,68,71,70,65,82,72,62,410443,6924,291,33
"10102092006","M4A1-XS-Jade","Vũ khí chính","Rifle","Rifle","M4A1","Purple","","",409304,99456,384,15,249444,44646,11926,2152,1281,7411,9933,3094,1461,1001,740,460,408,332,362,1074,357,272,168,64,55,60,49,43,56,38,42,61,40,52,42,57,48,48,64,43,60,39,60,43,547,153,87,98,83,63,52,45,52,59,37,55,57,38,43,42,38,44,31,36,41,34,42,51,367503,7390,313,37
"10602008006","Desert Eagle-A","Vũ khí phụ","Pistol","Secondary","Súng lục","Blue","","",405967,0,0,0,0,17972,160075,153734,74186,17,39388,37908,33429,33563,33742,31793,33282,36346,41863,26522,20357,23215,14542,4504,4566,4624,4766,4847,5590,4926,4818,4614,4503,5428,5757,6300,5647,6331,5802,5773,6081,6079,6150,5799,4651,3167,3173,3090,3203,3439,2956,2883,2795,2830,3101,2890,2902,2657,2863,3052,3239,3584,3729,4091,3292,3510,3799,3941,405967,78,2,0
"10102015006","M4A1-A","Vũ khí chính","Rifle","Rifle","M4A1","Blue","","",405965,0,0,0,0,17970,160075,153734,74186,15,39388,37908,33429,33563,33742,31793,33282,36346,41863,26522,20357,23215,14542,4504,4566,4624,4766,4847,5590,4926,4818,4614,4503,5428,5757,6300,5647,6331,5802,5773,6081,6079,6150,5799,4651,3167,3173,3090,3203,3439,2956,2883,2795,2830,3101,2890,2902,2657,2863,3052,3239,3584,3729,4091,3292,3510,3799,3941,405965,78,2,0
"30310554000","Rương 66 Gem","Rương kho báu","Rương kho báu","","","Orange","","",400827,0,92294,75009,4816,0,7127,62403,159178,0,0,2613,1057,1709,1748,1278,1,36476,12058,88766,66123,6845,10034,0,1,0,0,0,0,0,0,0,14555,13794,5215,2912,2923,2678,1517,1548,1422,947,1023,976,11614,10834,21700,22116,13090,8436,10987,6724,7628,5717,18097,11312,5658,1235,837,1292,1175,1018,689,599,707,687,745,7895,27745,5927,300,37
"10110010006","M14EBR-Alloy","Vũ khí chính","Rifle","Rifle","Súng trường khác","Purple","","",400227,0,0,0,400226,1,0,0,0,0,0,0,0,0,0,0,0,0,0,0,0,0,0,0,0,0,0,0,0,0,0,0,0,0,0,0,0,0,0,0,0,0,0,0,0,0,0,0,0,0,0,0,0,0,0,0,0,0,0,0,0,0,0,0,0,0,0,0,400200,7167,309,36
"34001110000","Nón Triệu Hồi Tử Thần","Thời trang","Mũ","","","A","","",399036,0,0,0,366486,32550,0,0,0,6573,778,0,0,0,0,0,0,0,0,0,0,0,0,0,0,0,0,0,0,0,0,0,0,0,0,0,0,0,0,0,0,0,0,0,0,0,0,0,0,0,0,0,0,0,0,0,0,0,0,0,0,0,0,0,0,0,0,0,398963,7536,315,36
"10602030006","Desert Eagle-Iron Beast","Vũ khí phụ","Pistol","Secondary","Súng lục","Gold V","","",398676,140900,130336,59994,29930,18219,10024,4440,4833,3100,4721,3243,1858,1589,1261,1168,1117,914,864,1490,1117,1542,1061,162,160,157,139,140,147,148,119,103,91,116,164,173,143,123,119,99,111,126,143,102,275,161,179,290,257,226,197,189,149,142,134,161,145,152,134,121,203,362,278,292,330,264,249,218,373860,6787,290,36
"10402002006","UZI-Virgo","Vũ khí chính","SMG","SMG","SMG","Purple","","",398592,351843,46749,0,0,0,0,0,0,0,0,0,0,0,0,0,0,0,0,0,0,0,0,0,0,0,0,0,0,0,0,0,0,0,0,0,0,0,0,0,0,0,0,0,0,0,0,0,0,0,0,0,0,0,0,0,0,0,0,0,0,0,0,0,0,0,0,0,384583,3322,131,16
"10104006006","SCAR-Falling Snow","Vũ khí chính","Rifle","Rifle","Súng trường khác","Purple","","",395770,269209,54603,13692,10137,12754,22052,6171,7152,6812,5604,3051,7982,5849,2748,1948,1445,1176,1084,2629,1774,1589,1678,200,170,189,257,222,235,158,143,150,208,188,173,156,126,202,148,160,168,142,138,270,248,199,207,470,776,459,326,308,285,236,236,182,201,173,160,138,196,281,289,352,585,360,290,443,395706,5991,241,32
"10702012006","Butterfly Knife","Cận chiến","Melee","Melee","Cận chiến","Purple","","",390857,0,0,188109,721,100981,76943,14782,9321,12,132104,21536,10521,7927,5757,3756,3492,3237,3352,3632,2958,2429,1247,496,501,481,430,548,553,507,474,415,422,437,497,485,477,446,485,461,483,463,537,435,510,515,547,517,549,559,425,488,441,400,388,363,453,340,333,314,342,376,362,362,314,284,325,324,337152,7073,298,33
"10706047006","Dynasty Sword-Glory","Cận chiến","Melee","Melee","Cận chiến","Gold V","","",388874,0,0,375058,13816,0,0,0,0,0,0,0,0,0,0,0,0,0,0,0,0,0,0,0,0,0,0,0,0,0,0,0,0,0,0,0,0,0,0,0,0,0,0,0,0,0,0,0,0,0,0,0,0,0,0,0,0,0,0,0,0,0,0,0,0,0,0,0,388866,7049,300,35
"34801319000","Xu Rút Ảo Kho Thưởng Chính Dark Moon Quá Tải","Xu Gacha","Xu Gacha","","","Orange","","",386556,0,0,0,270008,116548,0,0,0,24092,2220,0,0,0,0,0,0,0,0,0,0,0,0,0,0,0,0,0,0,0,0,0,0,0,0,0,0,0,0,0,0,0,0,0,0,0,0,0,0,0,0,0,0,0,0,0,0,0,0,0,0,0,0,0,0,0,0,0,10087,3887,294,37
"10102006006","M4A1-Born Beast","Vũ khí chính","Rifle","Rifle","M4A1","Gold V","","",386064,13741,413,0,0,338967,27050,3892,2001,23086,21922,8089,3951,2679,1936,1148,912,765,836,814,639,523,256,134,141,118,113,118,151,114,90,117,110,111,102,121,123,139,95,103,126,111,139,106,125,134,113,111,113,112,84,106,102,96,78,72,101,71,79,71,82,80,59,81,51,69,54,82,369217,7403,315,37
"10105006006","AN94-Arnuvo","Vũ khí chính","Rifle","Rifle","Súng trường khác","Purple","","",384150,104,338260,4286,1161,13175,22376,2855,1933,72,24877,4873,2361,1784,1298,694,676,631,689,699,640,487,272,95,97,85,89,114,112,79,90,85,93,99,94,91,88,104,108,80,97,79,133,89,76,97,115,104,114,104,89,111,107,91,80,83,79,63,75,54,62,70,83,80,72,60,80,60,383983,6267,267,32
"30117360001","Khung S3【Kim Cương】","Cá nhân hóa","Khung","","","Orange","","",382330,0,0,0,0,100604,209469,58191,14066,0,161911,69141,35392,25533,18096,14988,12382,11813,12332,14476,3588,1892,786,1803,1726,1707,1729,1765,1813,1622,1623,1632,1590,1712,1770,1864,1599,1668,1667,1705,1809,1903,1981,1586,5090,2788,1694,1281,1042,995,738,622,555,492,403,365,413,291,281,284,266,278,233,259,209,192,182,203,227312,7117,312,36
"10305013006","Gatling Gun-Snake","Vũ khí chính","MG","Machine Gun","SMG","Gold V","","",379193,0,0,267206,90900,5917,10925,1723,2522,348,9267,2641,1327,981,691,421,416,353,385,704,876,708,382,49,72,60,48,60,68,41,56,42,51,45,60,58,49,49,44,57,51,59,76,48,100,113,107,105,101,130,118,135,122,147,119,119,116,123,93,93,105,86,101,107,85,102,104,91,378446,7023,298,35
"30121066001","Biểu tượng hạ gục S3【Vàng】","Cá nhân hóa","Khung","","","Blue","","",372143,0,0,0,0,195169,126466,50508,0,0,231383,36004,21353,17754,15141,12614,11553,11728,12943,1670,0,0,0,1584,1694,1559,1674,1662,1818,1655,1593,1585,1531,1627,1774,1963,1663,1657,1777,1683,1880,2108,2175,1670,0,0,0,0,0,0,0,0,0,0,0,0,0,0,0,0,0,0,0,0,0,0,0,0,372143,7317,310,36
"32501047000","Sơn Xịt Titan","Biến đổi vũ khí","Sơn xịt","","","C","","",370996,0,0,0,0,370996,0,0,0,20770,1941,0,0,0,0,0,0,0,0,0,0,0,0,0,0,0,0,0,0,0,0,0,0,0,0,0,0,0,0,0,0,0,0,0,0,0,0,0,0,0,0,0,0,0,0,0,0,0,0,0,0,0,0,0,0,0,0,0,370996,7288,315,37
"10602083006","Desert Eagle-Crystal","Vũ khí phụ","Pistol","Secondary","Súng lục","Purple","","",370596,190696,67918,104,22,14949,63042,33857,8,1,33695,16250,9397,9303,9330,8665,8194,7541,8417,1040,3,3,2,1259,1183,1198,1134,1011,1146,1369,1110,987,970,1002,1038,1065,1407,1344,1233,1166,1099,1054,1114,983,57,0,0,0,0,0,0,0,0,1,1,1,0,0,1,0,0,0,0,2,0,1,0,1,334185,6597,288,34
"10503004006","Armsel Striker-El Dorado","Vũ khí chính","Shotgun","Shotgun","Shotgun","Gold V","","",364549,0,0,330597,10277,6831,13921,1822,1101,221,12858,3329,1536,1113,810,461,439,378,424,425,363,277,156,61,81,46,43,76,74,57,58,48,55,39,67,54,53,54,54,49,71,69,74,64,56,59,67,52,74,53,55,72,46,56,45,38,51,36,49,43,29,35,42,43,32,29,50,45,364546,6961,293,34
"30310534000","Rương 500 Gem","Rương kho báu","Rương kho báu","","","Orange","","",362324,5789,89535,50781,51382,36937,47925,52657,27318,5334,6262,3508,5104,9162,27565,14178,11491,6866,15863,12209,6068,7907,5393,2099,2036,1622,1358,1138,1190,1209,1066,933,865,797,826,1170,2677,2968,2714,2357,2070,1735,1342,1437,2822,1823,1937,2043,1191,956,839,583,532,792,1364,1079,879,995,882,814,987,1298,1551,1380,1514,1225,1090,1564,176015,7791,320,37
"10802006001","Flashbang-Beast","Vật phóng","Grenade","Utility","Đặc biệt","Gold V","","",359095,93866,157094,55385,26313,10765,7615,4236,3821,1154,2654,1779,2038,1167,1478,930,1174,818,711,1807,804,1160,653,208,181,129,133,140,134,125,97,106,78,120,154,138,116,87,92,92,104,103,117,95,508,261,248,236,242,217,161,124,109,108,99,105,98,87,113,90,153,309,207,201,206,178,133,136,338947,6724,305,36
"10320001006","MG36","Vũ khí chính","MG","Machine Gun","SMG","Purple","","",358413,0,0,0,0,358413,0,0,0,124609,7999,0,0,0,0,0,0,0,0,0,0,0,0,0,0,0,0,0,0,0,0,0,0,0,0,0,0,0,0,0,0,0,0,0,0,0,0,0,0,0,0,0,0,0,0,0,0,0,0,0,0,0,0,0,0,0,0,0,358413,6997,304,36
"10108005006","FAMAS-G2-Black Gold Legend","Vũ khí chính","Rifle","Rifle","Súng trường khác","Purple","","",353507,0,0,0,353507,0,0,0,0,0,0,0,0,0,0,0,0,0,0,0,0,0,0,0,0,0,0,0,0,0,0,0,0,0,0,0,0,0,0,0,0,0,0,0,0,0,0,0,0,0,0,0,0,0,0,0,0,0,0,0,0,0,0,0,0,0,0,0,353456,7063,308,36
"10802094001","Flashbang-Beast Dragon","Vật phóng","Grenade","Utility","Đặc biệt","Orange","","",349744,11951,176008,100064,5486,15530,33495,4287,2923,34,33067,7669,3593,2604,1921,1001,992,948,1041,1108,958,747,415,132,146,129,140,137,166,127,136,104,157,139,133,152,162,136,132,154,143,138,176,148,157,139,169,175,154,166,141,173,142,128,127,99,148,110,119,78,100,108,105,127,98,102,104,111,338917,7309,306,34
"32301230000","Sticker: Limit-Surpassing Mark","Biến đổi vũ khí","Sticker","","","C","","",347715,0,0,0,0,188313,115063,44339,0,0,221908,33322,19181,15592,13373,11095,10222,10217,11341,1464,0,0,0,1416,1400,1417,1452,1510,1636,1369,1421,1381,1375,1404,1579,1688,1441,1473,1557,1436,1605,1841,1988,1464,0,0,0,0,0,0,0,0,0,0,0,0,0,0,0,0,0,0,0,0,0,0,0,0,347715,7363,316,37
"10602029006","Desert Eagle-El Dorado","Vũ khí phụ","Pistol","Secondary","Súng lục","Gold V","","",345326,0,0,0,323859,6514,12550,1454,949,276,10999,3068,1443,1036,699,388,354,296,329,365,304,239,128,57,67,42,46,42,54,59,42,34,37,40,44,40,39,50,40,34,56,55,55,39,48,44,59,52,65,58,45,46,43,49,34,30,57,34,27,31,38,41,27,41,30,35,31,32,345180,7079,299,36
"10101147006","AK47-Angel","Vũ khí chính","Rifle","Rifle","AK47","Gold V","","",343921,0,0,2,10,0,0,135558,208351,0,0,0,0,0,0,0,0,0,0,237774,53237,34831,18067,0,0,0,0,0,0,0,0,0,0,0,0,0,0,0,0,0,0,0,0,4,135554,37247,21386,15963,14144,13476,9989,8932,7728,7375,6754,6014,6445,5254,5014,4694,4739,5186,4736,5208,4243,4430,4658,4736,343910,6825,294,37
"30117353001","Khung S2 [Thần Súng]","Cá nhân hóa","Khung","","","Orange","","",340188,0,0,0,169370,139410,23151,4956,3301,18084,57840,7090,3565,2450,1702,1253,1009,928,917,2226,976,643,305,140,167,156,130,134,136,124,132,112,126,153,133,148,121,117,132,125,131,149,142,103,746,412,278,241,235,211,168,175,147,145,109,125,107,82,91,85,91,93,88,113,74,69,79,83,190025,7021,303,36
"31234386000","Bộ quà tặng lễ hội mùa hè","Phiếu dùng thử","Thẻ tự chọn","","","Orange","","",339690,0,0,0,0,0,0,133846,205844,0,0,0,0,0,0,0,0,0,0,233867,52677,35098,18048,0,0,0,0,0,0,0,0,0,0,0,0,0,0,0,0,0,0,0,0,4,133842,36640,20840,15614,13787,13140,9754,8769,7569,7181,6734,6142,6528,5335,5077,4755,4759,5206,4752,5214,4212,4389,4664,4783,339690,6826,294,37
"30135089000","Ảnh Đại Diện Mùa Hè 2026","Cá nhân hóa","Avatar","","","Orange","","",339237,0,0,0,0,0,0,133766,205471,0,0,0,0,0,0,0,0,0,0,233623,52578,35027,18009,0,0,0,0,0,0,0,0,0,0,0,0,0,0,0,0,0,0,0,0,4,133762,36570,20797,15600,13778,13112,9745,8753,7556,7176,6714,6123,6511,5322,5064,4746,4755,5200,4741,5199,4193,4385,4659,4772,339237,6822,293,37
"30132245000","Khung Ảnh Mùa Hè 2026","Cá nhân hóa","Avatar Frame","","","Orange","","",339237,0,0,0,0,0,0,133766,205471,0,0,0,0,0,0,0,0,0,0,233623,52578,35027,18009,0,0,0,0,0,0,0,0,0,0,0,0,0,0,0,0,0,0,0,0,4,133762,36570,20797,15600,13778,13112,9745,8753,7556,7176,6714,6123,6511,5322,5064,4746,4755,5200,4741,5199,4193,4385,4659,4772,339237,6822,293,37
"10120008006","QBZ03-Jewelry","Vũ khí chính","Rifle","Rifle","Súng trường khác","Gold V","","",338324,0,333025,0,5123,89,71,15,1,1,122,22,12,3,0,3,5,4,3,1,0,0,0,0,1,0,0,4,0,0,3,0,1,0,0,0,0,0,0,0,0,3,0,0,0,0,1,0,0,0,0,0,0,0,0,0,0,0,0,0,0,0,0,0,0,0,0,0,338194,6099,260,33
"32501045000","Sơn Xịt Born Beast","Biến đổi vũ khí","Sơn xịt","","","C","","",336880,0,0,0,0,336880,0,0,0,21007,1946,0,0,0,0,0,0,0,0,0,0,0,0,0,0,0,0,0,0,0,0,0,0,0,0,0,0,0,0,0,0,0,0,0,0,0,0,0,0,0,0,0,0,0,0,0,0,0,0,0,0,0,0,0,0,0,0,0,336880,7219,310,37
"10502010006","Jack Hammer-Confession","Vũ khí chính","Shotgun","Shotgun","Shotgun","Orange","","",333980,0,0,333979,1,0,0,0,0,0,0,0,0,0,0,0,0,0,0,0,0,0,0,0,0,0,0,0,0,0,0,0,0,0,0,0,0,0,0,0,0,0,0,0,0,0,0,0,0,0,0,0,0,0,0,0,0,0,0,0,0,0,0,0,0,0,0,0,333973,6814,287,33
"10201003006","AWM-Infernal Dragon","Vũ khí chính","Sniper","Sniper","AWM","Gold V","","",332699,35122,90104,74431,79639,22356,15516,7371,8160,3034,8498,5242,2266,1917,2120,1797,1927,1534,1560,2203,1693,3071,1746,327,304,201,220,244,261,214,181,162,182,193,306,296,209,205,214,184,216,300,232,216,337,289,287,399,360,315,257,253,224,239,235,261,224,239,232,232,468,833,538,529,554,469,377,346,328844,6982,310,37
"30121060001","Biểu tượng tiêu diệt S2 [Kim Cương]","Cá nhân hóa","Biểu tượng ","","","Orange","","",331847,0,0,0,300241,31606,0,0,0,6000,711,0,0,0,0,0,0,0,0,0,0,0,0,0,0,0,0,0,0,0,0,0,0,0,0,0,0,0,0,0,0,0,0,0,0,0,0,0,0,0,0,0,0,0,0,0,0,0,0,0,0,0,0,0,0,0,0,0,331759,7431,314,36
"10404005006","Thompson-Blue Pottery","Vũ khí chính","SMG","SMG","SMG","Purple","","",331556,0,0,0,27557,294745,8590,424,240,19949,10108,3831,943,290,203,120,123,84,66,118,89,48,16,21,19,15,11,19,20,19,13,9,8,9,12,14,13,14,6,7,10,7,9,14,17,21,18,17,8,23,16,17,11,12,11,11,11,6,4,10,6,9,7,6,3,2,6,5,321339,7195,311,36
"10201055006","AWM-Angel","Vũ khí chính","Sniper","Sniper","AWM","Gold V","","",329884,0,0,0,308760,10313,8819,1292,700,799,7019,2302,1125,796,619,335,319,258,295,303,230,165,87,37,39,51,45,46,56,45,35,35,41,36,31,35,47,36,40,38,43,42,49,40,45,44,47,44,43,40,35,41,28,31,39,27,29,18,17,21,23,29,26,31,29,18,15,25,329877,6993,302,36
"34801317000","Xu Rút Mùa Hè","Xu Gacha","Xu Gacha","","","Orange","","",329794,0,0,0,0,0,0,164053,165741,0,0,0,0,0,0,0,0,0,0,317250,12544,0,0,0,0,0,0,0,0,0,0,0,0,0,0,0,0,0,0,0,0,0,0,4,164049,47778,34521,30775,21437,18686,12531,13,0,0,0,0,0,0,0,0,0,0,0,0,0,0,0,0,236552,6546,289,37
"30117369001","Khung S4【Bạc】","Cá nhân hóa","Khung","","","Green","","",327041,0,0,0,0,0,0,123755,203286,0,0,0,0,0,0,0,0,0,0,221955,51505,35402,18179,0,0,0,0,0,0,0,0,0,0,0,0,0,0,0,0,0,0,0,0,2,123753,35939,20849,15597,13391,12424,9337,8856,7642,7384,6095,5948,6243,5415,5015,4668,4762,5211,4934,5397,4584,4443,4615,4537,256591,6563,286,34
"10702032006","KNIFE-Knight","Cận chiến","Melee","Melee","Cận chiến","Purple","","",325779,3802,321977,0,0,0,0,0,0,0,0,0,0,0,0,0,0,0,0,0,0,0,0,0,0,0,0,0,0,0,0,0,0,0,0,0,0,0,0,0,0,0,0,0,0,0,0,0,0,0,0,0,0,0,0,0,0,0,0,0,0,0,0,0,0,0,0,0,321979,4817,204,24
"10722001006","Stick-Winter Land","Cận chiến","Melee","Melee","Cận chiến","Purple","","",323598,251066,55620,7657,3592,1717,1858,1170,918,337,643,485,372,360,329,223,256,273,309,359,304,231,133,45,40,39,28,35,37,45,37,32,35,44,33,47,44,37,43,41,46,50,48,40,69,43,57,60,46,44,52,51,45,43,38,34,41,26,44,34,31,24,35,37,36,24,44,29,323595,2026,89,12
"10109017006","9A91-El Dorado","Vũ khí chính","Rifle","Rifle","Súng trường khác","Gold V","","",321395,0,0,0,295601,8765,13289,1585,2155,505,11961,3242,1535,1057,736,407,363,304,375,610,676,625,380,50,51,53,65,46,51,49,36,41,34,42,42,60,56,50,43,55,51,54,66,48,88,93,83,96,94,108,88,116,101,96,89,93,93,79,86,71,85,102,94,108,96,92,100,92,320754,6984,301,35
"32301231000","Sticker: Limit-Surpassing Record","Biến đổi vũ khí","Sticker","","","B","","",319914,0,0,0,0,172675,108109,39130,0,0,205409,32077,17571,13947,11780,9929,8956,8973,9873,1399,0,0,0,1239,1230,1253,1235,1335,1397,1244,1220,1240,1194,1237,1351,1487,1296,1262,1293,1301,1424,1590,1707,1399,0,0,0,0,0,0,0,0,0,0,0,0,0,0,0,0,0,0,0,0,0,0,0,0,319914,7333,315,36
"37301001000","Đường Parabol-Green","Biến đổi vũ khí","Parabol","","","C","","",319220,0,0,0,319219,1,0,0,0,0,0,0,0,0,0,0,0,0,0,0,0,0,0,0,0,0,0,0,0,0,0,0,0,0,0,0,0,0,0,0,0,0,0,0,0,0,0,0,0,0,0,0,0,0,0,0,0,0,0,0,0,0,0,0,0,0,0,0,319185,7103,305,35
"10607031006","Anaconda-Beast Dragon","Vũ khí phụ","Pistol","Secondary","Súng lục","Orange","","",318194,3017,115632,105915,5447,25848,51881,6357,4097,13,53700,11608,5368,4051,2882,1548,1476,1431,1496,1565,1325,1039,574,198,193,201,195,224,256,191,205,176,216,200,201,242,203,216,197,207,188,230,255,200,206,224,220,235,252,228,204,227,187,201,157,144,205,147,151,105,135,153,154,194,134,138,131,171,306943,7280,305,34
"10801055001","Grenade-Beast","Vật phóng","Grenade","Utility","Đặc biệt","Gold V","","",311488,53732,149169,54426,27041,10827,7892,4382,4019,1054,2954,1841,1976,1160,1567,938,1178,890,758,1766,833,1342,696,194,171,130,137,139,128,133,114,106,97,137,159,144,136,110,107,95,80,112,118,82,536,243,226,238,220,221,145,113,107,131,118,104,115,113,117,92,197,334,243,246,209,197,152,138,298679,6855,308,36
"32101018000","Búp Bê Thiên Sứ","Biến đổi vũ khí","Búp Bê","","","A","","",309695,0,189310,25378,50070,40469,2755,1670,43,8607,1564,634,316,168,1493,661,442,269,231,110,0,0,0,87,68,67,65,49,39,70,37,15,59,34,22,32,35,30,24,47,44,17,34,31,36,10,10,9,8,6,0,0,0,0,0,0,0,0,0,0,0,0,0,0,0,0,0,0,44640,4463,269,36
"30132212000","Khung Ảnh S2 [Kim Cương]","Cá nhân hóa","Avatar Frame","","","Orange","","",308477,0,0,0,276021,32456,0,0,0,5995,662,0,0,0,0,0,0,0,0,0,0,0,0,0,0,0,0,0,0,0,0,0,0,0,0,0,0,0,0,0,0,0,0,0,0,0,0,0,0,0,0,0,0,0,0,0,0,0,0,0,0,0,0,0,0,0,0,0,308380,7386,313,36
"34801331000","Nhật Ký Wu Mengmeng","Xu Gacha","Xu Gacha","","","Orange","","",307671,0,0,0,0,0,0,0,307671,0,0,0,0,0,0,0,0,0,0,0,213391,94280,0,0,0,0,0,0,0,0,0,0,0,0,0,0,0,0,0,0,0,0,0,0,0,0,0,0,0,0,0,0,0,36904,116072,36069,24346,17085,13976,12635,13432,15678,11903,9571,0,0,0,0,244184,6436,278,35
"30117361001","Khung S3【Vua Súng】","Cá nhân hóa","Khung","","","Orange","","",307420,0,0,0,0,20302,199525,72087,15506,0,60385,61522,41818,32757,23345,18442,15120,13801,14897,19375,3566,1751,641,2218,2187,2124,2131,2099,2103,1942,1875,1878,1864,2060,2070,2112,2001,2007,2066,2114,2156,2284,2269,1739,8088,3688,2159,1531,1191,979,725,658,560,480,398,372,373,312,285,235,252,235,202,230,161,170,163,147,176917,6907,305,35
"10101223006","AK47-Predator-Alpha","Vũ khí chính","Rifle","Rifle","AK47","Silver V","","",297077,0,0,0,259057,38020,0,0,0,6764,713,0,0,0,0,0,0,0,0,0,0,0,0,0,0,0,0,0,0,0,0,0,0,0,0,0,0,0,0,0,0,0,0,0,0,0,0,0,0,0,0,0,0,0,0,0,0,0,0,0,0,0,0,0,0,0,0,0,297000,7297,313,36
"10206004006","M200-Blue Pottery","Vũ khí chính","Sniper","Sniper","M200","Purple","","",294304,0,0,0,0,269177,23371,1176,580,23304,26246,10215,2432,765,489,327,327,241,204,255,204,138,60,50,51,46,46,40,33,40,32,32,31,39,36,31,41,31,30,29,24,20,29,21,56,48,43,39,26,22,36,35,31,23,29,24,26,19,10,16,20,23,30,20,16,15,20,9,269568,7061,304,35
"30121067001","Biểu tượng hạ gục S3【Bạch Kim】","Cá nhân hóa","Khung","","","Purple","","",294196,0,0,0,0,154328,104383,35485,0,0,187196,31517,16513,12874,10611,9087,8192,7983,8935,1288,0,0,0,1188,1136,1099,1159,1248,1230,1090,1076,1134,1067,1152,1193,1271,1178,1146,1188,1124,1323,1452,1524,1288,0,0,0,0,0,0,0,0,0,0,0,0,0,0,0,0,0,0,0,0,0,0,0,0,294196,7251,309,35
"32101021000","Búp Bê Cậu Bé Bí Ẩn","Biến đổi vũ khí","Búp Bê","","","C","","",292368,0,0,0,46212,53102,92617,81439,18998,0,0,0,53177,0,39440,0,40631,0,40808,0,0,18998,0,10150,8201,6239,3995,0,0,0,0,0,0,0,0,0,14050,10012,7422,5594,3730,0,0,0,0,0,0,0,0,0,0,0,0,0,0,0,0,4238,4609,4049,3502,2600,0,0,0,0,0,0,83216,4026,200,21
"10305019006","Gatling Gun-Pencil Sharpener","Vũ khí chính","MG","Machine Gun","SMG","Orange","","",286255,0,0,0,4799,281456,0,0,0,0,0,0,0,0,0,0,0,0,0,0,0,0,0,0,0,0,0,0,0,0,0,0,0,0,0,0,0,0,0,0,0,0,0,0,0,0,0,0,0,0,0,0,0,0,0,0,0,0,0,0,0,0,0,0,0,0,0,0,286255,6937,300,35
"10801082001","Grenade-Valentine","Vật phóng","Grenade","Utility","Đặc biệt","Purple","","",285109,220933,63906,157,41,27,22,9,14,3,8,4,3,5,6,3,1,3,2,7,3,3,1,1,0,0,0,0,0,1,1,0,1,0,0,0,0,0,1,0,0,1,0,0,0,1,3,0,2,1,0,2,0,0,0,1,0,0,2,0,0,0,0,1,0,0,0,1,283071,4671,194,23
"10110016006","M14EBR-El Dorado","Vũ khí chính","Rifle","Rifle","Súng trường khác","Gold V","","",284662,0,0,0,240983,26300,14934,1591,854,1066,13961,3656,1618,1040,753,452,370,331,338,351,254,228,121,62,53,48,54,49,60,59,43,40,38,42,53,56,51,40,56,50,51,40,50,46,54,44,53,52,53,49,39,50,36,40,32,21,36,31,37,37,33,31,31,28,28,28,31,34,284513,6856,299,34
"10101018006","AK47-Winter Land","Vũ khí chính","Rifle","Rifle","AK47","Purple","","",281116,205192,57312,9435,3908,1799,1698,1051,721,327,584,424,389,315,300,216,247,246,257,286,244,187,89,41,41,34,28,27,40,29,47,37,32,29,36,36,52,25,32,36,38,35,39,26,59,44,43,31,31,52,37,34,36,35,30,32,40,22,31,25,22,33,22,32,24,18,19,28,281109,3301,134,15
"10703012006","B.C Axe-Iron Beast","Cận chiến","Melee","Melee","Cận chiến","Gold V","","",280957,81158,99635,49583,25571,13181,6009,2887,2933,2281,2912,2075,901,848,738,676,684,685,607,787,640,997,744,119,111,88,57,82,101,82,92,86,74,96,116,139,95,86,79,67,89,97,94,80,155,91,85,144,135,97,102,106,90,73,89,94,86,74,88,74,160,217,174,210,209,180,179,176,273713,6045,276,35
"32401023000","Trang Sức Phao Bơi","Biến đổi vũ khí","Trang sức","","","C","","",278450,0,0,0,0,0,0,148178,130272,0,0,0,0,0,0,0,0,0,0,240468,37982,0,0,0,0,0,0,0,0,0,0,0,0,0,0,0,0,0,0,0,0,0,0,43142,105036,31059,19534,15026,13580,13091,9701,8442,7299,7008,5530,1,1,0,0,0,0,0,0,0,0,0,0,0,278450,6681,292,37
"10304005006","M249-Perfect Silver","Vũ khí chính","MG","Machine Gun","SMG","Purple","","",275244,0,0,0,0,14707,63512,33322,163703,0,33632,16387,9520,9563,9117,8292,7664,7563,8680,1123,98044,50962,14697,1172,1141,1085,1103,1013,1004,1274,1049,1014,1041,1058,1013,1114,1413,1248,1245,1234,1209,1183,1148,1047,76,0,0,0,0,0,0,0,9571,19757,23014,24561,21141,13826,9926,7157,5945,5317,4358,4433,4714,3714,3257,3012,205064,6525,291,37
"34001079000","Trang Sức Lục Nhĩ Mi Hầu","Thời Trang","Mũ","","","B","","",274833,0,0,0,0,141886,100638,32309,0,0,174480,30638,15758,12025,9623,8444,7418,7348,7990,1109,0,0,0,1053,1034,1035,993,1096,1145,1048,989,1024,968,1032,1136,1151,1026,1021,1045,1069,1144,1292,1393,1109,0,0,0,0,0,0,0,0,0,0,0,0,0,0,0,0,0,0,0,0,0,0,0,0,274833,7294,315,36
"10403015006","MK5-Connotation Mystery","Vũ khí chính","SMG","SMG","SMG","Orange","","",274091,0,211903,62188,0,0,0,0,0,0,0,0,0,0,0,0,0,0,0,0,0,0,0,0,0,0,0,0,0,0,0,0,0,0,0,0,0,0,0,0,0,0,0,0,0,0,0,0,0,0,0,0,0,0,0,0,0,0,0,0,0,0,0,0,0,0,0,0,274091,6071,264,33
"32501025000","Sơn Xịt Đỏ Zihan","Biến đổi vũ khí","Sơn xịt","","","C","","",273364,0,184962,88402,0,0,0,0,0,0,0,0,0,0,0,0,0,0,0,0,0,0,0,0,0,0,0,0,0,0,0,0,0,0,0,0,0,0,0,0,0,0,0,0,0,0,0,0,0,0,0,0,0,0,0,0,0,0,0,0,0,0,0,0,0,0,0,0,125092,3694,159,19
"30310571000","Rương Thần Súng Chiến Đấu","Rương kho báu","Rương kho báu","","","Orange","","",273115,0,0,0,78722,58647,61981,49989,23776,10985,3391,11454,16108,16913,15347,13108,11375,10936,13190,3719,8301,8659,4477,1769,1638,1603,1606,1564,1540,1475,1456,1426,1487,1718,1681,1693,1711,1871,1883,1905,1960,1966,1894,1380,0,21,174,510,744,890,967,1179,1204,1254,1219,1258,1220,1221,1312,1289,1214,1274,1193,1156,1109,1121,1098,1149,165340,7147,308,35
"20162002000","Zihan","Nhân vật","Nhân vật","","","Gold V","","",271826,0,0,0,0,235645,20694,9797,5690,30260,18274,5611,3991,3865,2656,2657,2506,2369,1564,2121,1922,1753,595,354,458,286,304,450,316,418,207,348,345,363,384,304,191,261,357,184,174,259,138,334,367,336,286,363,245,190,126,243,274,225,296,476,282,251,149,302,282,313,265,191,103,136,133,223,2507,1652,228,37
"10402004006","Dual UZI-Gold","Vũ khí chính","SMG","SMG","SMG","Orange","","",270410,0,0,0,270410,0,0,0,0,0,0,0,0,0,0,0,0,0,0,0,0,0,0,0,0,0,0,0,0,0,0,0,0,0,0,0,0,0,0,0,0,0,0,0,0,0,0,0,0,0,0,0,0,0,0,0,0,0,0,0,0,0,0,0,0,0,0,0,270376,6963,302,34
"30135070000","Ảnh Đại Diện Seraph (GR)","Cá nhân hóa","Avatar","","","Orange","","",269264,0,0,0,0,154999,114265,0,0,0,202692,41794,22265,2513,0,0,0,0,0,0,0,0,0,0,0,0,0,0,0,0,0,0,0,0,0,0,0,0,0,0,0,0,0,0,0,0,0,0,0,0,0,0,0,0,0,0,0,0,0,0,0,0,0,0,0,0,0,0,269264,7021,307,35
"10706043006","Keris","Cận chiến","Melee","Melee","Cận chiến","Blue","","",268948,0,0,0,0,6991,41442,200608,19907,0,12857,10451,8516,8590,8019,8505,173248,7719,8521,8706,7254,6326,236,1088,1118,29793,90822,30835,18506,1070,1118,1062,1083,1110,1107,1169,1170,1188,1127,1251,1242,1213,1330,1390,1225,1260,1276,1221,1180,1154,1081,1158,1025,1027,959,1041,963,954,897,875,911,943,944,802,64,61,61,50,246370,6194,277,33
"10101093006","AK47-Blue Pottery-Gold","Vũ khí chính","Rifle","Rifle","AK47","Orange","","",268279,41906,40867,19659,11071,79688,68668,3869,2551,1136,112649,26716,2341,810,1002,890,1042,818,642,1296,725,685,322,122,145,188,197,149,115,128,117,85,152,135,105,96,81,74,83,102,122,91,89,71,406,193,168,205,122,131,111,98,91,112,141,95,77,75,81,66,99,143,129,92,70,87,53,112,217726,7546,314,36
"10602018006","Desert Eagle-Toy","Vũ khí phụ","Pistol","Secondary","Súng lục","Purple","","",266836,0,0,0,136551,130285,0,0,0,0,0,0,0,0,0,0,0,0,0,0,0,0,0,0,0,0,0,0,0,0,0,0,0,0,0,0,0,0,0,0,0,0,0,0,0,0,0,0,0,0,0,0,0,0,0,0,0,0,0,0,0,0,0,0,0,0,0,0,266768,6862,292,33
"30117370001","Khung S4【Vàng】","Cá nhân hóa","Khung","","","Blue","","",265643,0,0,0,0,0,0,117431,148212,0,0,0,0,0,0,0,0,0,0,198939,34836,21454,10414,0,0,0,0,0,0,0,0,0,0,0,0,0,0,0,0,0,0,0,0,0,117431,32054,17795,12525,10159,8975,6750,6125,5256,4827,4050,3887,3941,3449,3126,2841,2899,3054,2876,3209,2722,2621,2560,2511,188572,6453,284,33
"10707031006","Shovel-Horus","Cận chiến","Melee","Melee","Cận chiến","Purple","","",264207,0,0,0,0,83467,141380,36664,2696,0,133529,43774,20432,15083,12029,9891,8629,8201,8399,2668,824,540,208,1275,1201,1198,1176,1221,1206,1140,1205,1103,1147,1143,1145,1318,1130,1172,1163,1171,1238,1278,1247,1116,428,292,238,217,212,165,138,150,137,133,93,89,84,83,84,73,72,74,83,71,53,52,47,56,264207,6962,308,37
"10719005006","Nunchaku-Gold","Cận chiến","Melee","Melee","Cận chiến","Orange","","",263417,0,0,0,0,0,263417,0,0,0,0,181148,55074,27192,3,0,0,0,0,0,0,0,0,0,0,0,0,0,0,0,0,0,0,0,0,0,0,0,0,0,0,0,0,0,0,0,0,0,0,0,0,0,0,0,0,0,0,0,0,0,0,0,0,0,0,0,0,0,263417,6949,308,37
"10802005001","Flashbang-Predator","Vật phóng","Grenade","Utility","Đặc biệt","Gold V","","",261879,52783,104911,46886,25174,12592,9929,4982,4622,1077,3086,2248,3161,1436,1860,1124,1308,900,763,2380,981,1390,758,212,172,158,138,161,166,132,105,106,102,115,164,176,127,113,96,109,84,125,109,98,789,347,273,333,294,246,179,161,133,125,137,119,127,114,84,83,194,398,280,237,207,202,180,169,250776,5253,256,35
"30121062001","Biểu tượng tiêu diệt S2 [Vua Súng]","Cá nhân hóa","Biểu tượng ","","","Orange","","",258592,0,0,0,220775,37817,0,0,0,6600,735,0,0,0,0,0,0,0,0,0,0,0,0,0,0,0,0,0,0,0,0,0,0,0,0,0,0,0,0,0,0,0,0,0,0,0,0,0,0,0,0,0,0,0,0,0,0,0,0,0,0,0,0,0,0,0,0,0,258504,7274,313,36
"10201028006","AWM-Jade","Vũ khí chính","Sniper","Sniper","AWM","Purple","","",256858,0,0,0,157513,67804,26423,3280,1838,8567,25873,6706,2686,1776,1228,831,623,559,550,1342,553,422,238,96,117,78,81,54,87,70,76,97,66,84,78,88,78,73,102,74,69,74,80,92,625,159,117,115,114,120,87,87,92,76,72,72,67,56,57,59,65,69,45,71,52,51,63,72,246256,7149,310,37
"30121073001","Biểu tượng hạ gục S4【Bạc】","Cá nhân hóa","Biểu tượng ","","","Green","","",256590,0,0,0,0,0,0,101978,154612,0,0,0,0,0,0,0,0,0,0,178412,38575,26249,13354,0,0,0,0,0,0,0,0,0,0,0,0,0,0,0,0,0,0,0,0,2,101976,28566,16255,11900,10208,9505,6985,6638,5708,5537,4598,4426,4683,4016,3719,3478,3559,3835,3674,3968,3321,3254,3452,3327,256590,6563,286,34
"10601004006","USP-Gold","Vũ khí phụ","Pistol","Secondary","Súng lục","Orange","","",256585,0,23902,232683,0,0,0,0,0,0,0,0,0,0,0,0,0,0,0,0,0,0,0,0,0,0,0,0,0,0,0,0,0,0,0,0,0,0,0,0,0,0,0,0,0,0,0,0,0,0,0,0,0,0,0,0,0,0,0,0,0,0,0,0,0,0,0,0,256585,6221,270,32
"32301101000","Sticker: Zihan","Biến đổi vũ khí","Sticker","","","C","","",253182,0,175651,77531,0,0,0,0,0,0,0,0,0,0,0,0,0,0,0,0,0,0,0,0,0,0,0,0,0,0,0,0,0,0,0,0,0,0,0,0,0,0,0,0,0,0,0,0,0,0,0,0,0,0,0,0,0,0,0,0,0,0,0,0,0,0,0,0,130574,3892,162,20
"10705002006","Dragon Fists-Chaos Dragon","Cận chiến","Melee","Melee","Cận chiến","Purple","","",252119,0,0,251507,416,95,54,26,21,20,32,9,12,14,4,4,6,5,9,10,8,4,1,1,2,0,1,1,1,3,2,0,0,0,0,0,2,3,0,1,3,0,0,1,1,0,2,4,1,1,2,1,0,1,3,0,1,2,0,0,0,0,0,2,0,1,0,0,252106,4152,164,22
"10101010006","AK47-Blue Pottery","Vũ khí chính","Rifle","Rifle","AK47","Purple","","",241829,0,0,0,0,215857,24235,1166,571,31595,30638,10172,2411,846,564,341,288,215,217,287,172,144,73,55,45,28,35,28,37,39,38,21,29,21,30,37,33,36,40,25,27,22,34,28,77,54,35,37,33,23,35,27,14,28,21,27,20,24,21,23,17,18,22,19,24,19,18,12,216153,6791,294,35
"10108001006","FAMAS","Vũ khí chính","Rifle","Rifle","Súng trường khác","Green","","",240944,4710,3904,1686,971,2845,19973,193605,13250,136,4980,4604,4099,4399,4224,177972,4374,4647,5146,4701,3937,3820,2258,592,615,578,630,619,724,646,654,640,563,619,710,815,730,696,748,690,722,768,792,732,734,661,667,582,632,693,628,621,551,559,525,519,534,525,488,540,517,552,568,630,548,549,554,607,230571,6096,279,32
"30117362001","Khung S3【Thần Súng】","Cá nhân hóa","Khung","","","Orange","","",240382,0,0,0,0,1660,122924,95557,20241,0,10805,29243,31180,29252,24104,20846,18157,17512,20880,31317,4191,2056,839,2642,2674,2620,2559,2510,2485,2415,2364,2356,2324,2695,2701,2657,2648,2775,2878,3006,3160,3155,3258,2383,15779,5713,2960,1883,1415,1184,844,786,633,601,480,438,409,351,326,288,260,276,259,296,233,190,215,201,135126,6673,299,35
"37301016000","Đường Parabol-Unlimited","Biến đổi vũ khí","Parabol","","","C","","",239449,0,0,237909,996,241,127,58,118,31,67,27,21,27,17,11,11,5,24,64,47,10,4,3,0,1,1,3,3,1,2,0,1,0,0,1,0,11,2,4,4,3,0,6,1,30,7,4,13,3,3,6,7,2,16,7,6,4,1,1,3,0,0,1,0,0,3,1,239449,5988,239,32
"10801057001","Dynamite Grenade","Vật phóng","Grenade","Utility","Đặc biệt","Purple","","",237881,0,0,236286,1049,224,129,69,124,26,76,23,26,29,17,12,11,9,23,77,45,10,6,3,0,0,0,3,3,2,3,0,2,0,0,2,0,13,2,2,2,4,0,10,4,32,12,4,13,2,2,12,6,3,13,5,4,2,2,1,2,1,0,2,1,2,3,0,237881,5986,232,34
"10707041006","Hand Clapper Toy","Cận chiến","Melee","Melee","Cận chiến","Orange","","",237322,0,0,0,0,237322,0,0,0,0,0,0,0,0,0,0,0,0,0,0,0,0,0,0,0,0,0,0,0,0,0,0,0,0,0,0,0,0,0,0,0,0,0,0,0,0,0,0,0,0,0,0,0,0,0,0,0,0,0,0,0,0,0,0,0,0,0,0,237322,6638,293,35
"10101060006","AK47-Emrald Rebirth","Vũ khí chính","Rifle","Rifle","AK47","Gold V","","",235391,0,0,0,233086,270,40,31,1964,43,26,6,5,17,3,4,2,3,3,330,643,620,390,0,0,1,0,1,0,0,0,0,2,0,1,0,0,0,1,0,0,1,1,0,19,43,52,60,78,78,89,101,80,92,81,90,110,101,81,74,95,86,95,88,88,95,107,100,235169,6665,291,36
"30117371001","Khung S4【Bạch Kim】","Cá nhân hóa","Khung","","","Purple","","",235224,0,0,0,0,0,0,96428,138796,0,0,0,0,0,0,0,0,0,0,179989,31058,16829,7348,0,0,0,0,0,0,0,0,0,0,0,0,0,0,0,0,0,0,0,0,0,96428,33769,19157,12583,9628,8424,6158,5695,4729,4203,3540,3409,3324,2894,2576,2241,2280,2347,2217,2274,1916,1897,1816,1719,150306,6327,277,33
"30132220000","Khung Ảnh Quốc Tế Thiếu Nhi","Cá nhân hóa","Avatar Frame","","","Orange","","",234906,0,0,0,0,0,33461,201445,0,0,0,0,0,0,33461,201444,1,0,0,0,0,0,0,0,1,0,0,0,0,0,0,0,0,0,0,0,0,0,0,0,0,0,0,0,0,0,0,0,0,0,0,0,0,0,0,0,0,0,0,0,0,0,0,0,0,0,0,0,234906,6559,291,36
"30135029000","Ảnh Đại Diện Yumo E Thẹn","Cá nhân hóa","Avatar","","","Orange","","",233386,0,0,0,0,0,1,231073,2312,0,0,0,0,0,1,152834,55943,19836,1966,1350,752,517,187,9799,8190,6901,6410,6007,5892,4945,4904,4449,3572,828,603,535,413,294,292,271,248,220,228,219,275,190,158,153,165,190,112,140,112,103,100,94,91,83,67,61,82,76,70,78,50,43,39,55,233386,6496,290,35
"30135071000","Ảnh Đại Diện Seraph (BL)","Cá nhân hóa","Avatar","","","Orange","","",230074,0,0,0,0,107287,122787,0,0,0,162436,44064,21502,2072,0,0,0,0,0,0,0,0,0,0,0,0,0,0,0,0,0,0,0,0,0,0,0,0,0,0,0,0,0,0,0,0,0,0,0,0,0,0,0,0,0,0,0,0,0,0,0,0,0,0,0,0,0,0,230074,6926,306,35
"10803006001","Smoke-Predator","Vật phóng","Grenade","Utility","Đặc biệt","Gold V","","",228499,39238,91020,44715,23701,11912,9030,4577,4306,1019,2707,2067,2921,1299,1709,1033,1247,782,644,2266,921,1303,687,219,181,121,126,136,156,128,98,91,80,115,132,138,119,86,80,77,78,97,107,81,790,329,244,325,281,216,182,150,120,107,112,124,126,116,80,96,188,361,242,220,202,184,154,147,220026,5277,261,34
"30121068001","Biểu tượng hạ gục S3【Kim Cương】","Cá nhân hóa","Khung","","","Orange","","",227311,0,0,0,0,88405,111220,27686,0,0,125814,36410,16564,12010,8827,7672,6396,6275,6491,852,0,0,0,935,892,834,905,913,969,871,853,863,837,882,952,1017,817,857,851,874,972,1007,1113,852,0,0,0,0,0,0,0,0,0,0,0,0,0,0,0,0,0,0,0,0,0,0,0,0,227311,7117,312,36
"10803059001","Smoke-Angel","Vật phóng","Grenade","Utility","Đặc biệt","Gold V","","",226733,4,0,0,0,80633,143917,1491,688,4,168985,46262,6115,2188,996,497,360,272,270,323,226,167,64,58,44,47,47,53,55,39,30,36,39,33,40,55,35,33,33,41,45,33,50,30,62,48,49,46,45,43,43,35,43,32,34,16,23,17,21,31,22,25,26,25,11,23,18,12,226729,6745,302,35
"10102134006","M4A1-Red & White Machine","Vũ khí chính","Rifle","Rifle","M4A1","Purple","","",226320,0,0,0,81602,144718,0,0,0,0,0,0,0,0,0,0,0,0,0,0,0,0,0,0,0,0,0,0,0,0,0,0,0,0,0,0,0,0,0,0,0,0,0,0,0,0,0,0,0,0,0,0,0,0,0,0,0,0,0,0,0,0,0,0,0,0,0,0,226287,6633,286,33
"32401009000","Trang Sức FOX","Biến đổi vũ khí","Trang sức","","","C","","",224104,93427,64743,29555,1251,0,0,32863,2265,0,0,0,0,0,0,0,0,22300,8584,4188,35,9,12,0,0,0,0,0,0,0,0,1463,7558,6101,4188,2990,2097,1627,1310,1042,1040,736,732,1063,916,887,741,514,48,19,5,11,4,3,3,6,3,2,0,0,2,0,2,3,6,3,3,0,202493,7382,313,36
"10141003006","SKS-Medusa","Vũ khí chính","Rifle","Rifle","Súng trường khác","Gold V","","",220307,0,0,137587,74940,3079,2294,1145,1262,466,1149,713,372,338,360,260,298,251,251,372,261,479,235,40,51,34,36,44,35,35,27,26,23,37,51,52,44,29,29,25,42,43,39,32,53,49,44,74,59,61,37,32,28,45,37,45,37,33,45,44,87,124,71,75,64,69,48,54,219564,6143,287,36
"10405008006","Steyr TMP-Eternal Dragon","Vũ khí chính","SMG","SMG","SMG","Orange","","",219394,0,0,0,87468,99628,29319,2019,960,11347,35631,6344,2388,1463,1005,568,463,434,420,405,311,233,145,75,68,58,61,67,67,63,67,54,53,62,64,71,55,67,56,62,59,51,70,75,59,64,53,49,50,55,49,43,61,43,41,28,46,29,32,33,27,38,37,37,34,26,34,51,208014,7120,310,37
"30460044000","Thẻ Battle Pass 20 S2","Vật liệu","Thẻ điểm kinh nghiệm BP","","","Purple","","",218923,0,0,0,129975,88948,0,0,0,18556,1288,0,0,0,0,0,0,0,0,0,0,0,0,0,0,0,0,0,0,0,0,0,0,0,0,0,0,0,0,0,0,0,0,0,0,0,0,0,0,0,0,0,0,0,0,0,0,0,0,0,0,0,0,0,0,0,0,0,10436,3929,285,37
"10707010006","Shovel-Eternal Dragon","Cận chiến","Melee","Melee","Cận chiến","Orange","","",218334,0,0,0,53305,117871,43471,2518,1169,14841,56433,9086,3196,1901,1249,712,562,565,515,493,371,302,167,81,74,68,82,83,84,82,76,75,79,79,85,89,72,72,69,74,77,62,89,67,97,66,60,65,61,77,64,64,76,33,43,37,54,37,47,43,40,41,40,54,38,31,42,56,206946,7123,310,37
"34101119000","Ba Lô Rồng Sữa","Thời trang","Balo","","","B","","",218049,0,0,0,0,0,218049,0,0,0,38959,173800,5290,0,0,0,0,0,0,0,0,0,0,0,0,0,0,0,0,0,0,0,0,0,0,0,0,0,0,0,0,0,0,0,0,0,0,0,0,0,0,0,0,0,0,0,0,0,0,0,0,0,0,0,0,0,0,0,218049,6716,291,35
"10603003006","M1896-Noble Dragon","Vũ khí phụ","Pistol","Secondary","Súng lục","Orange","","",211055,10283,29047,21711,48922,44459,34783,13111,8739,5169,14000,7757,11103,4570,6813,3076,3887,2259,1936,4614,1962,2866,1250,701,531,419,387,391,384,397,323,271,285,273,341,369,281,272,249,276,263,296,299,289,1664,731,508,544,455,423,339,320,268,248,258,260,269,245,236,210,383,769,532,491,390,307,275,278,173243,6535,304,37
"30132227000","Khung Ảnh S3【Kim Cương】","Cá nhân hóa","Avatar Frame","","","Orange","","",210800,0,0,0,0,64236,118714,27850,0,0,103211,39183,18570,12859,9127,7664,6449,6219,6695,823,0,0,0,1004,887,887,895,868,954,844,839,814,867,894,943,1018,966,915,887,890,928,1044,1065,823,0,0,0,0,0,0,0,0,0,0,0,0,0,0,0,0,0,0,0,0,0,0,0,0,210800,7058,309,36
"10705042006","Knuckles-Half Moon Tambourine","Cận chiến","Melee","Melee","Cận chiến","Orange","","",210554,100775,66965,19492,8749,4120,4400,3493,2560,708,1392,1133,904,786,901,821,914,707,809,896,677,764,465,141,123,153,107,119,105,97,91,94,73,74,143,135,108,104,139,107,109,121,121,90,152,126,99,151,158,120,112,112,110,97,74,78,94,80,73,69,95,178,126,143,135,99,106,125,201932,1735,94,19
"30310523000","Rương Battle Pass Cơ Bản","Rương kho báu","Rương kho báu","","","Orange","","",207823,55287,44534,20990,42388,19230,11109,7900,6385,2147,12181,3086,2456,1949,1330,1298,1329,1099,1162,5729,1982,1250,436,205,232,192,209,157,145,191,171,174,135,163,119,146,167,187,182,171,185,162,108,2,3010,955,568,497,380,317,333,249,248,251,392,279,230,215,192,163,194,180,168,138,110,125,101,100,154973,4515,123,7
"10702055006","Thorny Rose","Cận chiến","Melee","Melee","Cận chiến","Purple","","",206962,0,0,39621,0,0,0,167341,0,0,0,0,0,0,0,0,274,126888,37080,3099,0,0,0,0,0,0,0,0,274,6911,29415,33084,19712,15158,12604,10004,5517,6662,5508,4768,5549,4680,4396,3098,1,0,0,0,0,0,0,0,0,0,0,0,0,0,0,0,0,0,0,0,0,0,0,0,189208,6613,291,34
"30117354001","Khung S2 [Huyền Thoại]","Cá nhân hóa","Khung","","","Orange","","",203313,0,0,0,68586,120457,10625,2386,1259,20025,36927,3388,1607,1096,723,600,522,462,412,941,326,264,118,85,70,71,84,67,66,59,78,72,65,50,72,66,60,53,55,71,56,55,62,50,340,186,116,87,97,65,51,56,44,50,40,44,41,36,40,40,32,35,35,46,35,34,28,21,109857,6386,281,35
"32401169000","MISSTrang Sức","Biến đổi vũ khí","Trang sức","","","C","","",200217,0,0,199109,727,180,80,38,83,26,48,29,17,10,7,6,10,4,13,46,28,10,4,2,0,0,1,2,2,0,1,0,1,0,0,2,0,6,1,3,2,1,0,4,1,23,7,2,7,2,2,7,2,1,10,5,1,4,2,1,2,0,0,1,0,1,2,1,200217,5479,214,30
"10123006006","HK416-Monkey King-Alpha","Vũ khí chính","Rifle","Rifle","Súng trường khác","Orange","","",199003,0,0,0,0,13576,152908,32519,0,0,46027,65879,26062,17118,11398,10265,7534,7081,6740,899,0,0,0,1142,1072,1009,1038,1036,1096,1048,980,1035,966,956,991,1105,963,947,870,860,947,1061,1092,899,0,0,0,0,0,0,0,0,0,0,0,0,0,0,0,0,0,0,0,0,0,0,0,0,199003,6898,307,35
"10819006001","Doll Amplifier","Vật phóng","Grenade","Utility","Đặc biệt","Purple","","",194547,0,0,0,0,0,0,0,194547,0,0,0,0,0,0,0,0,0,0,2,119919,57502,17124,0,0,0,0,0,0,0,0,0,0,0,0,0,0,0,0,0,0,0,0,0,0,1,0,1,0,0,0,0,0,0,1,87382,32536,15903,9698,7296,6592,6820,5683,5510,4532,4415,4239,3938,194547,6001,267,31
"10320007006","MG36-Dark Knight-Alpha","Vũ khí chính","MG","Machine Gun","SMG","Gold V","","",194095,0,0,0,0,144556,47452,1499,588,87550,92231,7969,2195,1242,821,434,369,303,307,253,207,154,60,45,61,70,56,40,50,36,41,38,52,45,38,53,49,46,32,38,48,43,51,39,47,37,34,30,33,33,31,35,44,21,32,15,29,21,34,17,16,24,18,24,13,19,12,16,187584,6327,281,35
"10801038001","Grenade-Predator","Vật phóng","Grenade","Utility","Đặc biệt","Gold V","","",192803,19375,76880,40927,25060,11920,9455,4703,4483,963,2894,2081,2989,1417,1792,1081,1299,863,617,2209,956,1453,708,225,187,136,147,145,143,120,115,108,117,108,136,159,100,72,77,97,79,91,101,66,777,333,247,312,249,225,184,134,133,118,126,123,138,130,95,90,255,393,257,233,210,172,162,164,188031,5460,268,35
"10102230006","M4A1-Horus","Vũ khí chính","Rifle","Rifle","M4A1","Purple","","",191094,0,0,0,0,11129,147581,30908,1476,0,26993,69105,32414,18190,12008,9341,7431,6476,6536,1751,454,272,123,1193,1136,1057,969,939,915,1070,1002,949,794,886,880,895,1040,1038,976,815,955,864,848,831,293,182,131,122,111,81,75,73,80,66,69,42,49,35,42,31,33,51,40,40,27,33,27,36,191094,6777,305,37
"32101003000","Búp Bê Fox-Black List","Biến đổi vũ khí","Búp Bê","","","C","","",189662,92767,64836,29545,1256,0,0,0,1258,0,0,0,0,0,0,0,0,0,0,616,371,192,79,0,0,0,0,0,0,0,0,0,0,0,0,0,0,0,0,0,0,0,0,0,0,0,151,258,122,85,37,74,47,64,73,47,29,43,20,35,22,26,28,18,14,21,20,24,188697,7230,312,36
"30121074001","Biểu tượng hạ gục S4【Vàng】","Cá nhân hóa","Biểu tượng ","","","Blue","","",188572,0,0,0,0,0,0,89351,99221,0,0,0,0,0,0,0,0,0,0,143987,22989,14517,7079,0,0,0,0,0,0,0,0,0,0,0,0,0,0,0,0,0,0,0,0,0,89351,22136,11729,8219,6644,5908,4384,4050,3499,3236,2648,2580,2592,2300,2120,1922,1938,2100,1925,2212,1831,1781,1760,1707,188572,6453,284,33
"10102038006","M4A1-Gilt","Vũ khí chính","Rifle","Rifle","M4A1","Orange","","",188501,0,53,4656,27486,34442,51436,62652,7776,2724,12814,7112,13602,11865,14929,14466,17240,14713,12769,6191,1625,2351,1073,3288,2513,2129,2017,1779,1712,2709,2748,2332,1883,1723,1697,1621,2320,2239,2039,1659,1682,1526,1304,1377,2087,794,512,551,476,394,275,265,241,210,222,205,207,177,161,139,325,676,479,394,341,273,234,225,141294,6926,317,37
"10202073006","Barrett M82A1-Winter-Alpha","Vũ khí chính","Sniper","Sniper","Barrett","Gold VVIP","","",188412,92771,64836,29545,1256,4,0,0,0,4,0,0,0,0,0,0,0,0,0,0,0,0,0,0,0,0,0,0,0,0,0,0,0,0,0,0,0,0,0,0,0,0,0,0,0,0,0,0,0,0,0,0,0,0,0,0,0,0,0,0,0,0,0,0,0,0,0,0,188404,7190,309,36
"10703029006","B.C Axe-Lotus","Cận chiến","Melee","Melee","Cận chiến","Purple","","",187262,662,186600,0,0,0,0,0,0,0,0,0,0,0,0,0,0,0,0,0,0,0,0,0,0,0,0,0,0,0,0,0,0,0,0,0,0,0,0,0,0,0,0,0,0,0,0,0,0,0,0,0,0,0,0,0,0,0,0,0,0,0,0,0,0,0,0,0,185326,2041,94,11
"34801019000","Xu Rút Thưởng PVE","Xu Gacha","Xu Gacha","","","Orange","","",186612,0,0,0,0,0,0,0,186612,0,0,0,0,0,0,0,0,0,0,0,133041,39467,14104,0,0,0,0,0,0,0,0,0,0,0,0,0,0,0,0,0,0,0,0,0,0,0,0,0,0,0,0,9218,37987,27315,30176,16623,11722,8994,7119,5548,5037,4716,3992,4061,3840,3519,3451,3294,186612,6182,274,35
"32301196000","Sticker: Sunrise Oracle Mark","Biến đổi vũ khí","Sticker","","","C","","",184649,0,0,0,0,0,0,62779,121870,0,0,0,0,0,0,0,0,0,0,127774,29758,18568,8549,0,0,0,0,0,0,0,0,0,0,0,0,0,0,0,0,0,0,0,0,2,62777,24792,13727,10361,8452,7663,5738,5106,4558,4311,3462,3202,3381,2932,2650,2503,2431,2513,2714,2825,2292,2077,2105,2075,184649,5663,255,32
"10702003006","Light Blade","Cận chiến","Melee","Melee","Cận chiến","Orange","","",184182,0,0,0,0,0,0,0,184182,0,0,0,0,0,0,0,0,0,0,0,36403,145162,2617,0,0,0,0,0,0,0,0,0,0,0,0,0,0,0,0,0,0,0,0,0,0,0,0,0,0,0,0,0,0,0,0,0,36403,98385,25993,13612,2870,2214,1132,956,720,666,653,578,184182,6050,269,34
"10101053006","AK47-Earl Royal","Vũ khí chính","Rifle","Rifle","AK47","Gold VVIP","","",183457,3,0,0,144714,32859,3051,1302,1528,3223,2393,960,497,354,344,267,301,284,321,442,302,589,324,45,42,28,36,44,42,39,34,27,38,37,58,51,45,53,39,30,48,60,46,42,87,53,52,73,85,50,39,47,47,34,42,53,40,52,43,43,86,140,114,111,107,72,68,77,182832,5871,282,36
"10628005006","MK23-Silencer","Vũ khí phụ","Pistol","Secondary","Súng lục","Purple","","",180537,35749,56157,37807,15431,8805,7669,12400,6519,1729,524,299,282,3696,3270,3985,3118,2394,1950,3049,1902,1720,801,413,452,500,546,454,362,370,322,253,389,387,368,305,303,232,268,274,332,248,293,250,703,437,435,549,382,293,315,237,278,228,360,262,222,242,182,185,247,359,238,267,159,166,171,305,164718,7098,286,34
"30117355001","Khung S2 [Thần Thoại]","Cá nhân hóa","Khung","","","Orange","","",179269,0,0,0,23944,106780,32213,9978,6354,11064,71886,9217,5850,4643,3554,2736,1988,1535,1314,5149,1793,1233,584,331,277,293,278,261,263,218,216,220,202,234,225,220,204,196,197,156,185,183,193,100,2305,877,643,459,395,370,323,304,259,268,228,197,214,209,163,153,180,183,166,179,135,152,154,143,67058,5596,267,33
"10404002006","Thompson-Infernal Dragon","Vũ khí chính","SMG","SMG","SMG","Gold V","","",179262,0,0,0,0,0,0,1972,177290,0,0,0,0,0,0,2,38,316,1318,24931,118498,24264,9895,2,3,4,6,7,13,30,27,32,33,48,60,86,144,155,187,162,190,228,252,258,40,10,7,9,10,24597,53338,22882,13991,9798,7419,5957,5113,4481,3963,3476,3306,3410,2798,2830,2581,2404,2496,2414,177208,6248,278,36
"32301241000","Sticker: Galaxy Trip","Biến đổi vũ khí","Sticker","","","B","","",177659,0,0,0,0,0,0,87783,89876,0,0,0,0,0,0,0,0,0,0,138419,20583,12629,6028,0,0,0,0,0,0,0,0,0,0,0,0,0,0,0,0,0,0,0,0,0,87783,20690,10867,7532,6128,5419,3948,3603,3099,2918,2426,2294,2295,1979,1817,1693,1743,1863,1674,1860,1554,1503,1529,1442,177659,6440,283,33
"10801059001","Grenade-Born Beast","Vật phóng","Grenade","Utility","Đặc biệt","Gold V","","",177244,0,0,66611,63131,24025,11193,6291,5993,1743,4379,2623,2923,1679,2202,1492,1684,1225,965,2556,1129,2085,1148,273,232,200,223,211,176,170,182,159,154,162,220,178,127,131,160,118,149,143,137,120,805,384,298,345,333,271,190,162,167,159,146,151,154,144,144,128,332,576,393,368,336,309,249,254,169965,6161,284,37
"10802078001","Flashbang-Container","Vật phóng","Grenade","Utility","Đặc biệt","Orange","","",177140,0,0,0,0,0,0,0,177140,0,0,0,0,0,0,0,0,0,0,24591,118428,24241,9880,0,0,0,0,0,0,0,0,0,0,0,0,0,0,0,0,0,0,0,0,0,0,0,0,0,0,24591,53323,22860,13981,9785,7416,5953,5110,4473,3957,3471,3304,3407,2797,2832,2574,2401,2491,2414,177140,6238,277,36
"10803065001","Smoke-Container","Vật phóng","Grenade","Utility","Đặc biệt","Orange","","",177116,0,0,0,0,0,0,0,177116,0,0,0,0,0,0,0,0,0,0,24590,118417,24235,9874,0,0,0,0,0,0,0,0,0,0,0,0,0,0,0,0,0,0,0,0,0,0,0,0,0,0,24590,53314,22866,13974,9784,7414,5954,5111,4468,3959,3469,3304,3408,2797,2830,2573,2398,2491,2412,177116,6238,277,36
"10801206001","Grenade-Container","Vật phóng","Grenade","Utility","Đặc biệt","Orange","","",177109,0,0,0,0,0,0,0,177109,0,0,0,0,0,0,0,0,0,0,24590,118412,24230,9877,0,0,0,0,0,0,0,0,0,0,0,0,0,0,0,0,0,0,0,0,0,0,0,0,0,0,24590,53314,22859,13974,9782,7415,5956,5112,4469,3958,3468,3306,3408,2793,2828,2574,2399,2492,2412,177109,6238,277,36
"30121070001","Biểu tượng hạ gục S3【Vua Súng】","Cá nhân hóa","Khung","","","Orange","","",176916,0,0,0,0,19387,127786,29743,0,0,53722,43093,23214,16162,10982,8553,7021,6450,6849,870,0,0,0,1054,990,1007,953,1003,976,867,890,897,880,959,956,1001,908,927,935,975,999,1054,1051,870,0,0,0,0,0,0,0,0,0,0,0,0,0,0,0,0,0,0,0,0,0,0,0,0,176916,6907,305,35
"31234378000","Rương Sứ Thanh Hoa (4 Chọn 1)","Phiếu trải nghiệm","Thẻ tự chọn","","","Orange","","",176354,0,0,0,0,93592,82482,216,64,0,134931,36698,4100,216,129,80,70,32,26,29,21,18,4,11,10,8,12,13,6,4,7,3,7,4,1,6,6,4,3,2,3,4,4,4,4,9,9,1,1,1,2,6,3,5,2,1,2,1,4,0,0,5,3,5,0,2,0,2,176354,5753,255,30
"32401038000","Trang Sức Kết Cát Tường","Biến đổi vũ khí","Trang sức","","","C","","",176353,0,0,175415,705,98,56,35,44,10,31,13,11,11,6,4,8,5,13,24,19,5,1,1,0,0,1,3,2,1,1,0,1,1,0,1,0,5,1,3,1,2,1,4,1,10,1,2,4,2,1,5,3,1,6,3,0,2,0,2,1,0,0,0,0,0,1,0,176353,4980,201,24
"32101016000","Búp Bê Gấu Teddy","Biến đổi vũ khí","Búp Bê","","","C","","",176175,0,143160,32465,0,0,510,40,0,0,0,271,139,55,45,40,0,0,0,0,0,0,0,0,0,0,0,0,0,0,0,0,0,0,0,0,0,0,0,0,0,0,0,0,0,0,0,0,0,0,0,0,0,0,0,0,0,0,0,0,0,0,0,0,0,0,0,0,175803,4680,219,29
"30117372001","Khung S4【Kim Cương】","Cá nhân hóa","Khung","","","Orange","","",176119,0,0,0,0,0,0,36601,139518,0,0,0,0,0,0,0,0,0,0,115202,34625,18740,7552,0,0,0,0,0,0,0,0,0,0,0,0,0,0,0,0,0,0,0,0,0,36601,28379,20118,12506,9268,8330,6719,6215,5298,4870,4027,3804,3692,3299,2947,2603,2525,2569,2470,2327,2053,1973,1821,1705,116601,5987,266,33
"10801061001","Grenade-Soccer","Vật phóng","Grenade","Utility","Đặc biệt","Purple","","",176050,0,0,0,0,0,0,176050,0,0,0,0,0,0,0,0,0,119389,52239,4422,0,0,0,0,0,0,0,0,0,0,0,0,10386,57674,32397,18932,9584,9500,7479,6176,7053,6350,6097,4420,2,0,0,0,0,0,0,0,0,0,0,0,0,0,0,0,0,0,0,0,0,0,0,0,176050,6088,264,33
"10803010001","Smoke-Born Beast","Vật phóng","Grenade","Utility","Đặc biệt","Gold V","","",174584,0,0,71238,59793,23099,10001,5134,5319,1543,3949,2408,2746,1440,1895,1143,1363,1004,800,2305,1024,1809,1005,233,223,142,156,138,139,147,132,117,127,144,177,160,132,107,103,99,100,113,146,96,728,328,292,318,301,242,176,132,148,149,142,130,147,124,128,104,253,543,340,317,303,254,217,231,167708,5950,280,36
"32401138000","Trang Sức Hoa Hồng Pha Lê","Biến đổi vũ khí","Trang sức","","","C","","",173892,0,0,0,0,0,173892,0,0,0,0,0,0,173890,2,0,0,0,0,0,0,0,0,0,0,0,0,0,0,0,0,0,0,0,0,0,0,0,0,0,0,0,0,0,0,0,0,0,0,0,0,0,0,0,0,0,0,0,0,0,0,0,0,0,0,0,0,0,173892,6411,290,35
"10202074006","Barrett M82A1-Winter","Vũ khí chính","Sniper","Sniper","Barrett","Gold VVIP","","",173516,45532,91212,31478,1634,829,2104,403,324,5,1626,506,326,260,188,99,89,85,108,110,99,78,59,23,13,12,10,10,11,12,11,21,8,10,8,15,8,19,14,14,23,15,15,10,12,8,24,16,21,19,18,17,7,19,18,5,15,15,6,4,10,19,10,14,11,17,19,12,172773,7165,307,36
"10201052006","AWM-Ultimate Silversmith","Vũ khí chính","Sniper","Sniper","AWM","Purple","","",173171,0,0,0,0,14752,125080,33339,0,0,33621,16415,9390,31300,49106,8133,8038,7552,8512,1104,0,0,0,1204,1225,1181,1061,1104,1031,1309,1093,1044,997,972,1019,1118,1439,1306,1189,1144,1179,1145,1110,1031,73,0,0,0,0,0,0,0,0,0,0,0,0,0,0,0,0,0,0,0,0,0,0,0,138331,5915,272,34
"10703001006","B.C Axe","Cận chiến","Melee","Melee","Cận chiến","Green","","",168598,7679,4284,2053,1345,6206,53609,55576,37846,218,11894,12230,11429,11822,11606,12497,11896,12848,13962,13509,11017,11050,6643,1712,1611,1591,1735,1730,1927,1793,1771,1665,1664,1796,1999,2160,1888,1974,1922,1812,2062,2097,2207,2170,2203,1832,1830,1712,1821,1941,1713,1665,1565,1560,1534,1457,1523,1417,1454,1514,1516,1604,1713,1832,1524,1601,1713,1805,167705,358,23,8
"30117363001","Khung S3【Huyền Thoại】","Cá nhân hóa","Khung","","","Orange","","",167569,0,0,0,0,19,56870,98329,12351,0,811,7058,13374,17285,18361,18331,17791,18638,25877,25924,2354,1266,499,2632,2521,2668,2492,2531,2460,2360,2459,2510,2494,2986,2952,2877,2952,3361,3602,3741,3957,4022,4242,2987,14705,3953,1842,1003,768,666,471,463,346,336,266,241,231,227,186,189,158,179,170,157,146,119,115,119,91184,6276,285,35
"10803003001","Smoke-Red","Vật phóng","Grenade","Utility","Đặc biệt","Purple","","",166902,34182,36922,14464,7640,9554,26382,21910,15848,581,9506,7232,5481,5469,5166,5291,4840,4820,5191,6210,4630,4266,2510,660,698,662,689,708,713,637,652,648,646,698,715,824,670,681,676,729,777,835,823,770,998,919,865,885,876,897,750,734,603,665,585,677,616,565,524,600,607,664,685,621,633,607,603,667,145950,1547,70,15
"10305002006","Gatling Gun-Volcano","Vũ khí chính","MG","Machine Gun","SMG","Purple","","",166481,0,0,0,0,0,0,0,166481,0,0,0,0,0,0,0,0,0,0,0,107935,44982,13564,0,0,0,0,0,0,0,0,0,0,0,0,0,0,0,0,0,0,0,0,0,0,0,0,0,0,0,0,2763,16775,21831,25630,24748,16188,11414,8760,6512,5376,4879,4102,3939,3837,3416,3301,3010,166481,6025,269,31
"10102159006","M4A1-Blue Silver Dragon","Vũ khí chính","Rifle","Rifle","M4A1","Orange","","",165170,0,0,0,0,0,0,0,165170,0,0,0,0,0,0,0,0,0,0,0,0,35471,129699,0,0,0,0,0,0,0,0,0,0,0,0,0,0,0,0,0,0,0,0,0,0,0,0,0,0,0,0,0,0,0,0,0,0,0,0,0,0,0,0,35471,87187,24886,14232,3394,165170,5681,252,34
"10802008001","Flashbang-Born Beast","Vật phóng","Grenade","Utility","Đặc biệt","Gold V","","",163795,0,0,60567,58910,23712,10413,5025,5168,1633,4390,2479,2863,1466,1966,1142,1346,948,738,2281,937,1799,1002,210,216,155,151,154,124,137,123,117,126,139,163,143,110,114,94,104,87,106,123,89,762,366,267,293,280,224,145,144,125,121,119,131,152,126,135,110,259,505,374,290,309,246,231,216,157449,5901,277,36
"32301242000","Sticker: Galaxy Trip","Biến đổi vũ khí","Sticker","","","C","","",162662,0,0,0,0,0,0,81842,80820,0,0,0,0,0,0,0,0,0,0,128109,18307,11032,5214,0,0,0,0,0,0,0,0,0,0,0,0,0,0,0,0,0,0,0,0,0,81842,18871,10109,6845,5550,4892,3479,3262,2761,2543,2166,2048,2048,1769,1630,1512,1467,1573,1492,1589,1351,1259,1325,1279,162662,6395,279,33
"30121063001","Biểu tượng tiêu diệt S2 [Thần Súng]","Cá nhân hóa","Biểu tượng ","","","Orange","","",162545,0,0,0,105680,56865,0,0,0,10056,1031,0,0,0,0,0,0,0,0,0,0,0,0,0,0,0,0,0,0,0,0,0,0,0,0,0,0,0,0,0,0,0,0,0,0,0,0,0,0,0,0,0,0,0,0,0,0,0,0,0,0,0,0,0,0,0,0,0,162509,6869,293,36
"30132214000","Khung Ảnh S2 [Thần Súng]","Cá nhân hóa","Avatar Frame","","","Orange","","",162545,0,0,0,105680,56865,0,0,0,10056,1031,0,0,0,0,0,0,0,0,0,0,0,0,0,0,0,0,0,0,0,0,0,0,0,0,0,0,0,0,0,0,0,0,0,0,0,0,0,0,0,0,0,0,0,0,0,0,0,0,0,0,0,0,0,0,0,0,0,162509,6869,293,36
"10302008006","RPK-Medusa","Vũ khí chính","MG","Machine Gun","SMG","Gold V","","",162205,0,0,0,153210,7131,296,93,1475,185,378,88,49,52,35,29,22,12,20,244,486,479,276,3,4,2,4,3,4,1,1,1,1,1,2,5,3,1,2,1,2,8,3,3,7,26,35,44,46,83,71,66,68,68,78,62,73,61,63,62,66,74,74,79,78,67,56,75,161883,6184,273,32
"10607004006","Anaconda-Gilt","Vũ khí phụ","Pistol","Secondary","Súng lục","Orange","","",161989,0,6,203,4687,17985,61886,68423,8799,1266,9486,7442,15828,15256,20698,20628,19907,13352,10795,6900,1694,2715,1231,3712,3240,2636,2198,1963,1827,2385,2402,2130,1737,1617,1570,1511,1844,1748,1644,1497,1527,1357,1178,1146,2595,974,569,612,559,445,325,301,236,233,205,197,197,187,167,165,391,832,529,444,403,303,272,253,118166,6677,313,37
"10318003006","Lewis Gun-Angel","Vũ khí chính","MG","Machine Gun","SMG","Gold V","","",160906,0,0,0,2213,131841,25066,1198,588,318,41611,4553,1532,889,598,336,292,255,252,236,200,139,76,47,48,36,38,38,45,35,33,28,32,39,44,44,34,34,33,33,36,41,41,29,34,38,36,26,32,41,30,30,35,28,25,20,32,22,20,17,20,19,25,16,21,19,11,25,153437,5587,243,31
"10201004006","AWM-A-Gold","Vũ khí chính","Sniper","Sniper","AWM","Orange","","",158944,0,0,0,0,0,1,64668,94275,0,0,0,0,0,1,5995,28369,24387,466,31722,30323,24122,13559,2806,3597,5577,4736,4844,4700,4794,4351,3976,3596,1482,3284,2904,332,60,17,16,13,18,10,9,5442,7283,4371,5886,4502,4229,4164,4116,4101,3880,3824,5502,4736,3748,3411,3287,3184,3364,3537,3591,3490,3386,3394,3289,115178,5515,245,31
"10750007006","Cute Puppy on Beach","Cận chiến","Melee","Melee","Cận chiến","Orange","","",158018,0,0,0,0,0,0,25823,132195,0,0,0,0,0,0,0,0,0,0,126238,27017,3679,1084,0,0,0,0,0,0,0,0,0,0,0,0,0,0,0,0,0,0,0,0,0,25823,44720,21637,14851,10779,8428,6849,5725,4948,4296,2852,1281,1066,719,626,493,494,511,423,413,284,296,268,236,158018,6054,274,34
"32501077000","Sơn Xịt Yumo Spray Paint","Biến đổi vũ khí","Sơn xịt","","","C","","",154964,0,0,0,0,0,1,154538,425,0,0,0,0,0,1,61435,75893,16377,683,306,137,104,28,17286,13450,10224,8589,6984,6016,4258,4330,3589,2880,653,384,283,196,115,115,88,60,59,50,64,86,45,30,27,25,29,11,26,17,20,21,19,23,16,10,14,21,19,8,16,9,8,8,3,154964,6131,273,33
"30121075001","Biểu tượng hạ gục S4【Bạch Kim】","Cá nhân hóa","Biểu tượng ","","","Purple","","",150305,0,0,0,0,0,0,72748,77557,0,0,0,0,0,0,0,0,0,0,118531,17344,9915,4515,0,0,0,0,0,0,0,0,0,0,0,0,0,0,0,0,0,0,0,0,0,72748,18563,10200,6870,5408,4742,3397,3127,2625,2335,2011,1938,1911,1654,1486,1314,1332,1424,1304,1401,1185,1155,1104,1071,150305,6327,277,33
"30132222000","Khung Ảnh Seraph","Cá nhân hóa","Avatar Frame","","","Orange","","",150081,0,0,0,0,7286,142795,0,0,0,76460,51312,20559,1750,0,0,0,0,0,0,0,0,0,0,0,0,0,0,0,0,0,0,0,0,0,0,0,0,0,0,0,0,0,0,0,0,0,0,0,0,0,0,0,0,0,0,0,0,0,0,0,0,0,0,0,0,0,0,150081,5177,236,26
"32301171000","Sticker: Yumo","Biến đổi vũ khí","Sticker","","","C","","",146427,0,0,0,0,0,1,145986,440,0,0,0,0,0,1,2,127126,17969,738,307,155,108,21,47677,24364,15111,11166,8374,6774,4756,4890,3941,2992,682,418,290,192,134,110,103,78,68,53,54,97,47,31,31,21,26,13,21,15,31,33,22,20,20,9,15,21,16,11,16,6,7,6,2,146427,6010,267,32
"32301178000","Sticker: Yumo - Angry","Biến đổi vũ khí","Sticker","","","C","","",145699,0,0,0,0,0,1,109647,36051,0,0,0,0,0,1,22860,65463,21074,210,26898,8233,887,73,11036,10360,9748,9106,7807,6976,5771,5650,4827,3857,663,208,98,67,43,24,25,18,12,21,16,24,12377,5493,3724,3104,2160,1703,1440,1192,1069,1110,875,844,643,76,44,22,44,31,27,33,18,6,16,107055,5534,242,29
"10120016006","QBZ03-Beast Dragon","Vũ khí chính","Rifle","Rifle","Súng trường khác","Orange","","",145250,541,33923,84173,7816,8292,9350,686,469,15,14349,1748,721,416,341,180,159,156,146,174,135,134,71,20,25,24,14,30,19,18,24,19,23,26,22,24,21,27,20,10,20,26,22,23,22,26,25,25,26,27,26,14,26,14,20,18,17,20,24,19,26,18,18,9,16,19,18,18,143778,6833,301,34
"30117364001","Khung S3【Thần Thoại】","Cá nhân hóa","Khung","","","Orange","","",143838,0,0,0,0,0,21764,87769,34305,0,54,2013,4902,6818,7977,8636,8870,9661,14539,65410,8053,4766,2139,1324,1208,1350,1296,1280,1260,1188,1250,1286,1315,1590,1520,1512,1603,1872,2028,2097,2217,2311,2411,1618,44445,8545,4360,2558,2017,1867,1556,1424,1226,1161,976,881,829,780,820,590,649,626,657,644,544,560,520,515,63649,5811,273,34
"10607001006","Anaconda","Vũ khí phụ","Pistol","Secondary","Súng lục","Blue","","",143031,28225,16515,8456,6707,6844,27325,27604,21355,793,7147,6396,5621,5893,5809,6127,5962,6336,6947,7346,6296,6237,3708,841,852,839,836,866,948,910,885,827,811,873,965,1065,938,943,1013,902,987,1075,1089,1027,1205,1059,994,962,1024,1075,1015,943,897,905,871,827,838,796,802,878,870,866,964,1061,853,933,941,981,136884,1125,71,14
"34001102000","Kính Bảo Hộ Chiến Thuật","Thời trang","Mũ","","","B","","",142087,0,0,0,0,0,0,68428,73659,0,0,0,0,0,0,0,0,0,0,111451,17065,9367,4204,0,0,0,0,0,0,0,0,0,0,0,0,0,0,0,0,0,0,0,0,0,68428,16813,9629,6649,5283,4649,3388,3072,2549,2260,2001,1969,1826,1549,1424,1302,1226,1310,1258,1298,1114,1039,1063,988,142087,6311,279,33
"32301197000","Sticker: Sunrise Oracle Record","Biến đổi vũ khí","Sticker","","","B","","",140747,0,0,0,0,0,0,34040,106707,0,0,0,0,0,0,0,0,0,0,90947,26300,16105,7395,0,0,0,0,0,0,0,0,0,0,0,0,0,0,0,0,0,0,0,0,3,34037,20687,12432,9387,7671,6730,5235,4699,4029,3717,3015,2741,2864,2515,2235,2193,2053,2166,2441,2502,2019,1807,1778,1791,140747,4788,225,28
"30460048000","Thẻ Battle Pass 100 S2","Vật liệu","Thẻ điểm kinh nghiệm BP","","","Purple","","",140376,0,0,0,64375,74315,0,1482,204,10300,693,0,0,0,0,0,982,231,145,155,56,117,0,0,0,442,317,121,102,70,29,32,52,17,12,19,10,29,20,27,36,14,9,48,76,3,16,12,0,0,25,0,13,1,16,0,1,16,4,44,2,11,40,0,0,0,0,0,59935,5793,312,37
"10802073001","Flashbang-Angel","Vật phóng","Grenade","Utility","Đặc biệt","Gold V","","",139661,2,0,0,0,4981,134266,311,101,0,70527,64163,3730,613,214,103,80,67,47,45,31,30,9,11,11,13,9,9,14,12,10,10,11,3,9,12,7,4,13,6,5,6,6,4,10,9,8,7,2,5,9,4,10,1,0,4,3,3,4,3,4,7,5,4,2,2,2,3,139660,6137,270,32
"10710006006","Laborer's Iron Hammer","Cận chiến","Melee","Melee","Cận chiến","Purple","","",137615,0,0,0,0,6630,130985,0,0,0,137597,18,0,0,0,0,0,0,0,0,0,0,0,0,0,0,0,0,0,0,0,0,0,0,0,0,0,0,0,0,0,0,0,0,0,0,0,0,0,0,0,0,0,0,0,0,0,0,0,0,0,0,0,0,0,0,0,0,137615,5994,270,33
"32001387000","AK47-Beast-Yellow","Biến đổi vũ khí","Hiệu ứng ánh sáng","","","B","","",137383,25681,74582,18046,7996,3822,3775,2318,1163,702,1386,1148,669,668,479,388,450,732,644,442,251,371,203,66,66,79,69,52,54,143,51,318,51,44,62,63,61,41,56,292,36,58,100,54,50,183,25,42,45,43,29,30,41,35,31,43,42,45,38,42,67,68,54,57,59,53,41,50,127948,3659,188,25
"30135002000","Ảnh Đại Diện Cute-Yumo","Cá nhân hóa","Avatar","","","Orange","","",136941,0,0,0,0,0,0,136941,0,0,0,0,0,0,0,105679,31262,0,0,0,0,0,0,5457,4393,4306,3781,3408,2681,0,0,0,0,0,0,0,0,0,0,0,0,0,0,0,0,0,0,0,0,0,0,0,0,0,0,0,0,0,0,0,0,0,0,0,0,0,0,0,136941,5987,271,33
"30310552000","Rương 188 Gem","Rương kho báu","Rương kho báu","","","Orange","","",135110,0,29561,24624,1576,0,1686,17462,60201,0,0,936,330,246,174,111,0,11549,3735,34574,18316,4750,4628,0,0,0,0,0,0,0,0,0,4664,4297,1618,970,938,816,489,444,396,317,335,294,1773,1494,11246,11842,4585,3340,3143,2503,2330,2070,3733,2962,1575,798,571,814,874,654,502,537,477,430,530,3191,21399,5722,299,36
"10201049006","AWM-Red Frame Hawk","Vũ khí chính","Sniper","Sniper","AWM","Gold V","","",134430,0,0,0,0,105960,26709,814,947,10683,24434,10310,4498,2008,339,257,201,161,142,284,218,354,144,31,23,25,30,34,23,31,20,14,17,21,36,22,26,18,14,13,20,22,29,21,32,33,37,66,51,44,33,17,27,25,39,41,36,24,33,30,48,90,53,76,44,31,37,32,125315,6164,293,36
"20177002000","Yumo","Nhân vật","Nhân vật","","","Gold V","","",133476,0,0,0,0,0,0,116627,16849,0,0,0,0,0,0,42693,37232,19974,12604,13297,3859,2788,1029,6296,7293,5985,4726,4186,2769,3357,2276,2122,3102,4056,2405,2656,2591,1716,1728,1446,1743,1691,1689,1026,3098,2178,1459,2347,1498,1691,793,242,295,943,911,408,267,632,204,172,511,594,303,372,308,135,280,306,1475,928,115,30
"10705026006","Gloves-Blaze","Cận chiến","Melee","Melee","Cận chiến","Purple","","",132641,0,0,0,0,0,0,0,132641,0,0,0,0,0,0,0,0,0,0,0,50714,67718,14209,0,0,0,0,0,0,0,0,0,0,0,0,0,0,0,0,0,0,0,0,0,0,0,0,0,0,0,0,0,2449,10847,13103,10886,13429,14304,17114,11233,8444,6757,5152,4714,4222,3593,3377,3017,132641,5681,253,31
"20108002000","Lan","Nhân vật","Nhân vật","","","Purple","","",130823,0,0,0,0,0,0,130823,0,0,0,0,0,0,0,0,83517,32197,15109,0,0,0,0,7970,20826,18557,16372,10687,8280,6955,5512,4847,4136,3572,3716,3459,2056,2147,1916,1905,2818,2405,1862,0,0,0,0,0,0,0,0,0,0,0,0,0,0,0,0,0,0,0,0,0,0,0,0,0,130823,5990,256,32
"10303001006","MG3","Vũ khí chính","MG","Machine Gun","SMG","Green","","",130671,29213,16158,6717,4193,5701,25667,25826,17196,548,6545,6018,5238,5646,5432,5874,5646,5943,6501,6009,5093,4978,2978,784,786,789,795,859,890,820,859,757,746,839,886,1036,902,883,928,844,927,1013,1004,935,927,843,840,788,785,891,830,816,711,719,703,643,671,665,616,709,676,707,768,837,719,699,768,792,127477,403,28,8
"32401185000","Trang Sức Yumo","Biến đổi vũ khí","Trang sức","","","C","","",128748,0,0,0,0,0,1,128569,178,0,0,0,0,0,1,24089,85341,18725,347,135,71,34,5,24140,15301,10847,8999,7160,6457,5082,5077,4234,3314,596,268,154,92,69,44,45,39,33,25,22,45,24,7,14,9,14,6,15,9,11,10,12,8,5,1,5,6,6,5,6,1,2,2,0,125036,5834,255,30
"10214003006","FRF2-Horus","Vũ khí chính","Sniper","Sniper","Bắn tỉa khác","Purple","","",127717,0,0,0,0,1013,83227,42223,1254,0,3671,9663,16953,30379,23574,15239,10734,8026,7074,1738,363,207,96,1905,1779,1533,1328,1244,1211,1348,1370,1172,1135,1058,988,955,1082,1158,1121,1000,965,925,823,837,313,191,140,92,82,83,64,74,64,54,38,28,41,31,24,31,34,32,32,23,20,32,27,17,127717,6437,301,37
"10702028006","Butterfly Knife-Gold","Cận chiến","Melee","Melee","Cận chiến","Orange","","",127025,41906,40867,19659,11071,5066,2108,3807,2541,1134,294,174,205,736,929,853,1028,811,639,1293,720,682,322,118,142,186,196,149,114,126,116,84,150,134,105,96,81,74,82,102,122,91,87,70,406,193,168,203,122,131,111,98,89,111,141,93,77,74,80,66,98,143,129,92,70,87,53,112,123736,6795,293,35
"10503003006","Armsel Striker-Oriental Phoenix-Gold","Vũ khí chính","Shotgun","Shotgun","Shotgun","Orange","","",127019,41904,40867,19659,11071,5062,2108,3807,2541,1130,294,174,205,736,929,853,1028,811,639,1293,720,682,322,118,142,186,196,149,114,126,116,84,150,134,105,96,81,74,82,102,122,91,87,70,406,193,168,203,122,131,111,98,89,111,141,93,77,74,80,66,98,143,129,92,70,87,53,112,123733,6795,293,35
"30460013000","Thẻ Battle Pass 1000","Vật liệu","Thẻ điểm kinh nghiệm BP","","","Orange","","",125739,1575,9932,5641,820,800,29025,38129,39817,0,1558,1617,2300,18381,5969,11810,9301,5158,9014,11036,14280,11720,5627,1476,1373,1814,1418,943,886,899,712,684,791,884,664,524,307,274,263,177,5506,1569,918,595,2251,1298,1713,1798,1728,1653,1577,1639,1526,2424,3203,2058,1853,1771,1692,1516,1654,1874,1626,1587,1418,1383,1445,1381,85162,6557,313,37
"10209001006","QBU09","Vũ khí chính","Sniper","Sniper","Bắn tỉa khác","Blue","","",125160,71673,26362,9273,5983,4601,2930,2556,1782,978,871,833,620,542,551,594,612,553,640,530,544,530,335,96,79,88,90,97,79,83,75,79,91,64,86,75,86,86,65,75,92,110,126,101,56,70,84,83,69,67,90,73,83,84,72,56,86,60,72,64,72,81,86,95,99,82,62,92,121584,658,43,11
"30310524000","Rương Battle Pass Siêu","Rương kho báu","Rương kho báu","","","Orange","","",122216,38147,20204,8566,28578,11168,6321,5109,4123,700,8773,2029,1291,869,676,680,688,484,496,4711,1220,678,275,95,117,97,105,83,82,98,80,69,57,66,50,64,73,71,91,78,73,63,47,0,2761,743,441,311,239,216,201,160,165,146,257,162,129,116,112,110,105,93,75,67,75,78,58,64,90641,6371,313,37
"10212003006","MR1-White Dragon Horse","Vũ khí chính","Sniper","Sniper","Bắn tỉa khác","Orange","","",122181,0,0,0,0,0,0,6484,115697,0,0,0,0,0,0,0,0,0,0,66039,33545,16044,6553,0,0,0,0,0,0,0,0,0,0,0,0,0,0,0,0,0,0,0,0,0,6484,14181,14092,12042,10283,8957,7326,6208,5006,4365,3839,3498,3303,2902,2585,2269,2107,2135,2004,2042,1713,1672,1574,1594,122181,5752,258,33
"30132229000","Khung Ảnh S3【Thần Súng】","Cá nhân hóa","Avatar Frame","","","Orange","","",121324,0,0,0,0,587,75667,45070,0,0,4943,16845,20070,18971,15425,12555,10606,9818,10958,1133,0,0,0,1580,1521,1469,1509,1472,1404,1378,1263,1253,1287,1576,1547,1514,1474,1669,1575,1564,1586,1564,1526,1133,0,0,0,0,0,0,0,0,0,0,0,0,0,0,0,0,0,0,0,0,0,0,0,0,121324,6567,296,35
"30121071001","Biểu tượng hạ gục S3【Thần Súng】","Cá nhân hóa","Khung","","","Orange","","",121324,0,0,0,0,587,75667,45070,0,0,4943,16845,20070,18971,15425,12555,10606,9818,10958,1133,0,0,0,1580,1521,1469,1509,1472,1404,1378,1263,1253,1287,1576,1547,1514,1474,1669,1575,1564,1586,1564,1526,1133,0,0,0,0,0,0,0,0,0,0,0,0,0,0,0,0,0,0,0,0,0,0,0,0,121324,6567,296,35
"34901032000","Xu Đổi PVE","Xu Đổi Thưởng","Xu Đổi Thưởng","","","Purple","","",121196,0,0,0,0,0,0,0,121196,0,0,0,0,0,0,0,0,0,0,0,0,0,121196,0,0,0,0,0,0,0,0,0,0,0,0,0,0,0,0,0,0,0,0,0,0,0,0,0,0,0,0,0,0,0,0,0,0,0,0,0,0,0,0,0,0,0,0,121196,1911,471,67,16
"34801320000","Xu Rút Ảo Kho Thưởng Chính Frost Quá Tải","Xu Gacha","Xu Gacha","","","Orange","","",121116,0,0,0,0,14792,106324,0,0,0,56688,34452,15824,9348,4804,0,0,0,0,0,0,0,0,0,0,0,0,0,0,0,0,0,0,0,0,0,0,0,0,0,0,0,0,0,0,0,0,0,0,0,0,0,0,0,0,0,0,0,0,0,0,0,0,0,0,0,0,0,4654,2105,186,34
"10702096006","Knife Ultimate Goldsmith","Cận chiến","Melee","Melee","Cận chiến","Gold V","","",120665,0,0,0,54492,34293,29058,1365,1457,9,54775,4963,1704,1005,661,392,319,287,271,463,459,407,224,54,35,34,56,46,48,31,50,35,41,44,48,38,43,33,32,47,43,31,42,50,46,56,86,73,72,80,77,74,63,57,66,48,74,43,47,60,59,67,65,66,46,63,47,68,114110,4848,218,24
"32301179000","Sticker: Yumo - Love","Biến đổi vũ khí","Sticker","","","C","","",120585,0,0,0,0,0,0,120320,265,0,0,0,0,0,0,55679,50349,13875,341,178,90,59,14,9340,7753,6655,5941,5108,4758,3615,3881,3088,2454,455,220,162,97,62,53,42,32,29,26,34,42,33,12,18,16,23,11,19,10,11,8,15,16,12,8,8,8,12,3,8,5,3,5,1,120585,5611,249,30
"10710009006","Hammer-Lollipop","Cận chiến","Melee","Melee","Cận chiến","Purple","","",119232,0,0,0,0,0,2753,116479,0,0,0,0,0,0,2753,116479,0,0,0,0,0,0,0,0,0,0,0,0,0,0,0,0,0,0,0,0,0,0,0,0,0,0,0,0,0,0,0,0,0,0,0,0,0,0,0,0,0,0,0,0,0,0,0,0,0,0,0,0,119232,5672,255,30
"32301162000","Sticker: Heartshot-cloud","Biến đổi vũ khí","Sticker","","","C","","",118392,0,0,0,107536,10856,0,0,0,632,0,0,0,0,0,0,0,0,0,0,0,0,0,0,0,0,0,0,0,0,0,0,0,0,0,0,0,0,0,0,0,0,0,0,0,0,0,0,0,0,0,0,0,0,0,0,0,0,0,0,0,0,0,0,0,0,0,0,14799,3979,287,37
"30121076001","Biểu tượng hạ gục S4【Kim Cương】","Cá nhân hóa","Biểu tượng ","","","Orange","","",116600,0,0,0,0,0,0,33510,83090,0,0,0,0,0,0,0,0,0,0,83310,18812,10286,4192,0,0,0,0,0,0,0,0,0,0,0,0,0,0,0,0,0,0,0,0,0,33510,20513,12041,7200,5362,4684,3602,3353,2791,2624,2204,2148,2090,1855,1617,1398,1424,1418,1317,1257,1111,1101,1050,930,116600,5987,266,33
"20133002000","Subject Alpha","Nhân vật","Nhân vật","","","Gold V","","",116316,44510,37144,15182,8129,3792,2003,3351,2205,693,257,160,167,699,905,810,929,689,547,1106,683,545,247,89,143,169,214,118,107,120,96,76,128,113,93,63,101,73,77,74,99,64,59,64,312,150,172,190,106,112,95,103,84,78,155,88,80,93,55,71,74,112,79,61,66,56,50,75,113985,7112,302,34
"10102036006","M4A1-Angel","Vũ khí chính","Rifle","Rifle","M4A1","Gold V","","",115004,0,16,2,0,0,79759,35201,26,0,0,0,0,25212,54547,29194,5915,61,27,15,9,4,2,2450,262,80,42,26,16,19,6,8,10,6,7,5,5,6,4,2,3,2,5,1,3,5,2,1,2,1,0,3,1,4,1,0,0,0,0,0,0,1,1,2,0,2,0,0,114996,5673,255,30
"37133005000","Âm Thanh hạ gục-Ragnarok","Biến đổi vũ khí","Hiệu ứng âm thanh","","","B","","",114862,3682,13796,3271,0,53858,35042,0,5213,2152,47382,11671,6423,4364,0,0,0,0,0,0,0,3958,1255,0,0,0,0,0,0,0,0,0,0,0,0,0,0,0,0,0,0,0,0,0,0,0,0,0,0,0,0,0,0,0,0,0,0,0,0,0,1006,1546,923,483,460,282,300,213,31917,6071,286,36
"10602134006","FX Air Pistol-Blood Moon","Vũ khí phụ","Pistol","Secondary","Súng lục","Gold V","","",114706,0,0,0,0,0,0,38438,76268,0,0,0,0,0,0,0,0,0,0,75752,19588,12660,6706,0,0,0,0,0,0,0,0,0,0,0,0,0,0,0,0,0,0,0,0,0,38438,13137,7681,6081,5233,5182,3838,3481,2865,2713,2209,2208,2274,1973,1856,1724,1737,1771,1705,1894,1560,1697,1691,1758,114706,2668,118,15
"32001014000","AK47-Iron Beast-Rhythmic Yellow","Biến đổi vũ khí","Hiệu ứng ánh sáng","","","B","","",114231,18605,39321,22748,16008,7230,5071,2880,2368,1231,2340,1448,888,954,776,677,725,569,683,866,631,710,387,115,112,81,114,99,101,62,74,70,88,95,87,93,67,92,85,166,75,79,119,75,151,213,121,104,104,98,96,93,69,74,95,111,93,93,76,106,105,115,117,98,99,98,96,94,103380,3320,167,25
"10515014006","KSG-Iron Shark","Vũ khí chính","Shotgun","Shotgun","Shotgun","Gold V","","",111933,5,4,0,0,71990,39447,321,166,0,92850,6000,5446,4876,2263,102,71,66,54,87,56,36,15,10,11,9,10,12,8,15,9,9,6,13,9,5,4,7,6,9,9,5,14,5,23,13,16,9,14,7,9,10,11,4,13,4,5,6,6,4,2,9,7,2,4,5,2,4,111933,5217,221,29
"10609005006","Dual Glock","Vũ khí phụ","Pistol","Secondary","Súng lục","Purple","","",111817,0,0,0,0,14748,63435,33634,0,0,33346,16542,9569,9453,9273,8406,8056,7568,8583,1021,0,0,0,1278,1193,1136,1052,1103,1095,1286,1110,1060,1043,1050,980,1039,1399,1335,1254,1116,1190,1138,1151,954,67,0,0,0,0,0,0,0,0,0,0,0,0,0,0,0,0,0,0,0,0,0,0,0,110122,5087,240,28
"10110011006","M14EBR-Gold","Vũ khí chính","Rifle","Rifle","Súng trường khác","Orange","","",111728,0,0,0,0,14868,63285,33575,0,0,33847,16188,9492,9443,9183,8361,7822,7753,8571,1068,0,0,0,1184,1118,1095,1078,1016,1098,1312,1123,1086,1015,1025,1057,1135,1440,1340,1189,1240,1169,1152,1041,1003,65,0,0,0,0,0,0,0,0,0,0,0,0,0,0,0,0,0,0,0,0,0,0,0,110029,5146,231,32
"10211013006","98K-Volcano","Vũ khí chính","Sniper","Sniper","Bắn tỉa khác","Purple","","",111718,0,0,0,0,14944,62888,33886,0,0,33726,16236,9317,9292,9261,8511,7964,7570,8769,1072,0,0,0,1272,1097,1107,1066,1036,1115,1275,1139,1047,1026,973,1049,1061,1486,1380,1238,1250,1188,1178,1049,1011,61,0,0,0,0,0,0,0,0,0,0,0,0,0,0,0,0,0,0,0,0,0,0,0,109979,5122,238,25
"10102004006","M4A1-Royal Dragon","Vũ khí chính","Rifle","Rifle","M4A1","Purple","","",111687,0,0,0,0,15083,63006,33598,0,0,33838,16089,9710,9255,9197,8514,8248,7227,8506,1103,0,0,0,1264,1252,1196,1115,1088,1045,1230,1025,958,951,903,1027,1133,1433,1314,1207,1157,1158,1145,1092,1034,69,0,0,0,0,0,0,0,0,0,0,0,0,0,0,0,0,0,0,0,0,0,0,0,110039,5136,235,30
"10120013006","QBZ03-Volcano","Vũ khí chính","Rifle","Rifle","Súng trường khác","Purple","","",111633,0,0,0,0,14972,63271,33390,0,0,33906,16296,9493,9261,9287,8236,7920,7512,8645,1077,0,0,0,1233,1130,1118,1100,1012,1060,1275,1076,1013,993,1001,986,1168,1428,1327,1197,1186,1225,1176,1106,1013,64,0,0,0,0,0,0,0,0,0,0,0,0,0,0,0,0,0,0,0,0,0,0,0,109935,5050,235,30
"10617009006","Dual Double Barrel-Crystal","Vũ khí phụ","Pistol","Secondary","Súng lục","Purple","","",111630,0,0,0,0,15054,63142,33434,0,0,33841,16419,9435,9338,9163,8567,7864,7479,8455,1069,0,0,0,1160,1104,1169,1094,1030,1071,1245,1028,1086,998,1007,1011,1104,1397,1320,1232,1215,1133,1079,1079,1004,65,0,0,0,0,0,0,0,0,0,0,0,0,0,0,0,0,0,0,0,0,0,0,0,109892,5060,244,27
"10607010006","Python-Breeze","Vũ khí phụ","Pistol","Secondary","Súng lục","Purple","","",111615,0,0,0,0,14858,63260,33497,0,0,33598,16501,9520,9359,9140,8400,7939,7552,8531,1075,0,0,0,1190,1188,1106,1082,1098,1080,1238,1086,1038,991,985,1044,1170,1446,1287,1159,1189,1215,1149,1086,999,76,0,0,0,0,0,0,0,0,0,0,0,0,0,0,0,0,0,0,0,0,0,0,0,109860,5116,237,32
"10602003006","Desert Eagle-Gold","Vũ khí phụ","Pistol","Secondary","Súng lục","Orange","","",111559,0,0,0,0,15194,62814,33551,0,0,33986,15951,9328,9448,9295,8833,7597,7547,8529,1045,0,0,0,1097,1083,1036,1051,1020,1108,1306,1146,1032,1002,1001,1027,1033,1375,1382,1261,1157,1200,1072,1082,966,79,0,0,0,0,0,0,0,0,0,0,0,0,0,0,0,0,0,0,0,0,0,0,0,109834,5052,238,30
"10105007006","AN94-Royal Dragon","Vũ khí chính","Rifle","Rifle","Súng trường khác","Purple","","",111524,0,0,0,0,15054,62971,33499,0,0,33405,16259,9579,9561,9221,8237,7872,7573,8638,1179,0,0,0,1259,1139,1090,1033,1017,1105,1254,1124,1096,965,1015,1029,1090,1525,1302,1248,1114,1164,1149,1136,1102,77,0,0,0,0,0,0,0,0,0,0,0,0,0,0,0,0,0,0,0,0,0,0,0,109835,5165,238,31
"10607002006","Anaconda-Royal Fire","Vũ khí phụ","Pistol","Secondary","Súng lục","Purple","","",111491,0,0,0,0,14840,63163,33488,0,0,33369,16508,9510,9284,9332,8490,7798,7431,8673,1096,0,0,0,1187,1155,1114,1082,1036,1042,1289,1075,1015,1058,902,1029,1063,1439,1296,1245,1270,1138,1131,1154,1028,68,0,0,0,0,0,0,0,0,0,0,0,0,0,0,0,0,0,0,0,0,0,0,0,109811,5079,233,31
"10602082006","Desert Eagle-Azure","Vũ khí phụ","Pistol","Secondary","Súng lục","Purple","","",111399,0,0,0,0,14701,63290,33408,0,0,33687,16251,9482,9471,9100,8551,7773,7455,8504,1125,0,0,0,1196,1156,1114,1098,984,1012,1264,1029,1042,1054,1032,990,1044,1435,1289,1183,1123,1216,1145,1113,1050,75,0,0,0,0,0,0,0,0,0,0,0,0,0,0,0,0,0,0,0,0,0,0,0,109682,5096,240,27
"10101115006","AK47-Red Crystal","Vũ khí chính","Rifle","Rifle","AK47","Purple","","",111369,0,0,0,0,15019,63141,33209,0,0,33918,16183,9658,9297,9104,8093,7855,7464,8677,1120,0,0,0,1213,1084,1149,1101,998,1032,1230,1123,986,1001,1036,1001,1087,1415,1346,1237,1180,1165,1208,1126,1047,73,0,0,0,0,0,0,0,0,0,0,0,0,0,0,0,0,0,0,0,0,0,0,0,109699,5123,233,31
"10201024006","AWM-Blue Crystal","Vũ khí chính","Sniper","Sniper","AWM","Purple","","",111355,0,0,0,0,14797,63219,33339,0,0,33661,16212,9745,9385,9013,8585,7861,7328,8461,1104,0,0,0,1194,1142,1118,1060,1042,1067,1211,1056,995,972,1014,1024,1056,1400,1268,1238,1116,1176,1099,1164,1017,87,0,0,0,0,0,0,0,0,0,0,0,0,0,0,0,0,0,0,0,0,0,0,0,109704,5131,235,28
"10502003006","Jack Hammer-Ultimate Silversmith","Vũ khí chính","Shotgun","Shotgun","Shotgun","Purple","","",111337,0,0,0,0,14896,63193,33248,0,0,33557,16605,9510,9282,9135,8228,7766,7749,8418,1087,0,0,0,1205,1173,1096,1068,996,1022,1335,1128,1095,1048,1006,1020,1117,1365,1268,1228,1133,1180,1112,1132,1017,70,0,0,0,0,0,0,0,0,0,0,0,0,0,0,0,0,0,0,0,0,0,0,0,109720,5074,245,28
"10603008006","Mauser M1896-Ultimate Silversmith","Vũ khí phụ","Pistol","Secondary","Súng lục","Purple","","",111286,0,0,0,0,14675,63261,33350,0,0,33388,16481,9484,9376,9207,8410,7950,7446,8450,1094,0,0,0,1221,1120,1197,1085,1044,1058,1257,1064,1030,1016,1014,983,1082,1388,1278,1228,1143,1177,1191,1045,1011,83,0,0,0,0,0,0,0,0,0,0,0,0,0,0,0,0,0,0,0,0,0,0,0,109635,5089,244,29
"10101011006","AK47-A-Gold","Vũ khí chính","Rifle","Rifle","AK47","Orange","","",111243,0,0,0,0,15036,63206,33001,0,0,33814,16291,9491,9430,9216,8276,7757,7667,8236,1065,0,0,0,1211,1148,1058,1087,966,1098,1342,1098,1080,1007,1013,1028,1099,1419,1239,1216,1138,1131,1044,1049,1004,61,0,0,0,0,0,0,0,0,0,0,0,0,0,0,0,0,0,0,0,0,0,0,0,109536,5128,242,28
"10101176006","AK47-Chroma","Vũ khí chính","Rifle","Rifle","AK47","Purple","","",111118,0,0,0,0,14838,62767,33513,0,0,33314,16306,9603,9239,9143,8274,7767,7574,8779,1119,0,0,0,1228,1150,1076,1017,1013,989,1312,1151,1010,1047,988,975,1091,1434,1410,1282,1192,1195,1149,1117,1059,60,0,0,0,0,0,0,0,0,0,0,0,0,0,0,0,0,0,0,0,0,0,0,0,109470,5135,237,27
"10303002006","MG3-Gold","Vũ khí chính","MG","Machine Gun","SMG","Orange","","",111052,0,0,0,0,15065,62819,33168,0,0,33672,16125,9530,9325,9232,8248,7819,7809,8264,1028,0,0,0,1192,1160,1110,1082,1037,1133,1363,1123,1060,1053,1003,1048,1159,1484,1220,1141,1110,1107,1074,1128,961,67,0,0,0,0,0,0,0,0,0,0,0,0,0,0,0,0,0,0,0,0,0,0,0,109351,5117,239,30
"10110008006","M14EBR-Red Crystal","Vũ khí chính","Rifle","Rifle","Súng trường khác","Purple","","",111031,0,0,0,0,14628,63031,33372,0,0,32864,16580,9436,9395,9384,8254,7831,7605,8581,1101,0,0,0,1163,1138,1119,1080,999,1064,1305,1071,1123,1005,947,1032,1122,1369,1274,1224,1152,1271,1170,1121,1029,72,0,0,0,0,0,0,0,0,0,0,0,0,0,0,0,0,0,0,0,0,0,0,0,109335,5131,234,27
"10103018006","QBZ95-Volcano","Vũ khí chính","Rifle","Rifle","Súng trường khác","Purple","","",111011,0,0,0,0,14625,63394,32992,0,0,33509,16293,9433,9554,9230,8250,7805,7668,8202,1067,0,0,0,1202,1147,1109,1065,1090,983,1356,1124,1066,1027,992,1057,1046,1389,1247,1185,1096,1152,1109,1024,987,80,0,0,0,0,0,0,0,0,0,0,0,0,0,0,0,0,0,0,0,0,0,0,0,109353,5119,250,29
"10113004006","M16-Blue Crystal","Vũ khí chính","Rifle","Rifle","Súng trường khác","Purple","","",110885,0,0,0,0,14834,62930,33121,0,0,33152,16431,9520,9329,9332,8266,7863,7561,8377,1054,0,0,0,1208,1118,1077,1055,1073,1074,1281,1083,1076,1019,949,1001,1152,1392,1252,1187,1127,1186,1113,1120,993,61,0,0,0,0,0,0,0,0,0,0,0,0,0,0,0,0,0,0,0,0,0,0,0,109156,5072,233,30
"10603004006","Mauser M1896-Gold","Vũ khí phụ","Pistol","Secondary","Súng lục","Orange","","",110774,4,0,0,0,14971,62145,33654,0,4,33171,16263,9171,9185,9322,8891,7718,7622,8313,1110,0,0,0,1111,1138,1085,1057,1021,1067,1245,1204,1072,1005,1012,1033,1051,1349,1225,1238,1157,1164,1091,1089,1047,63,0,0,0,0,0,0,0,0,0,0,0,0,0,0,0,0,0,0,0,0,0,0,0,109117,5089,242,30
"10502002006","Jack Hammer-Gold","Vũ khí chính","Shotgun","Shotgun","Shotgun","Orange","","",110738,0,0,0,0,14383,62606,33749,0,0,32697,16367,9488,9227,9210,8829,7853,7715,8270,1082,0,0,0,1225,1085,1083,1044,1050,1103,1297,1072,1093,1051,1078,1040,1084,1412,1247,1193,1156,1143,1070,1049,1010,72,0,0,0,0,0,0,0,0,0,0,0,0,0,0,0,0,0,0,0,0,0,0,0,108947,5071,237,34
"10515002006","KSG-Royal Dragon","Vũ khí chính","Shotgun","Shotgun","Shotgun","Purple","","",110685,0,0,0,0,14909,62621,33155,0,0,33507,15929,9645,9391,9058,8362,7815,7482,8428,1068,0,0,0,1197,1185,1074,1062,1061,1033,1333,1047,1032,1003,1013,962,1092,1412,1264,1212,1152,1136,1136,1116,1001,67,0,0,0,0,0,0,0,0,0,0,0,0,0,0,0,0,0,0,0,0,0,0,0,109053,5119,245,30
"30121061001","Biểu tượng tiêu diệt S2 [Huyền Thoại]","Cá nhân hóa","Biểu tượng ","","","Orange","","",109868,0,0,0,52897,56971,0,0,0,11786,1288,0,0,0,0,0,0,0,0,0,0,0,0,0,0,0,0,0,0,0,0,0,0,0,0,0,0,0,0,0,0,0,0,0,0,0,0,0,0,0,0,0,0,0,0,0,0,0,0,0,0,0,0,0,0,0,0,0,109856,6386,281,35
"10206001006","M200","Vũ khí chính","Sniper","Sniper","M200","Blue","","",109336,0,0,0,0,7054,42245,34392,25645,0,12068,11505,8915,8617,8194,8536,7642,7723,8032,8548,7273,6924,5359,1173,1093,1023,1050,1105,1066,1066,1061,996,1073,1114,1168,1245,1074,1104,981,1137,1187,1204,1345,1270,1189,1130,1193,1208,1298,1260,1122,1060,989,1033,1025,1033,1011,987,931,889,944,985,1000,1188,1322,1362,1329,1346,105114,833,44,7
"30117373001","Khung S4【Vua Súng】","Cá nhân hóa","Khung","","","Orange","","",108561,0,0,0,0,0,0,3532,105029,0,0,0,0,0,0,0,0,0,0,43242,34616,21508,9195,0,0,0,0,0,0,0,0,0,0,0,0,0,0,0,0,0,0,0,0,0,3532,9171,10976,7215,6034,6314,6000,5917,5314,4945,4437,4027,3976,3493,3255,3116,2895,3097,2852,2800,2532,2312,2227,2124,78937,5402,241,33
"37301002000","Đường Parabol-Ragnarok ","Biến đổi vũ khí","Parabol","","","A","","",107870,15699,21753,3836,0,44845,13273,0,8464,2175,22982,4805,2419,1518,0,0,0,0,0,0,0,6516,1948,0,0,0,0,0,0,0,0,0,0,0,0,0,0,0,0,0,0,0,0,0,0,0,0,0,0,0,0,0,0,0,0,0,0,0,0,0,1859,2309,1330,1018,708,438,432,370,27874,5673,312,37
"10101224006","AK47-Predator","Vũ khí chính","Rifle","Rifle","AK47","Gold V","","",106985,0,0,0,0,0,90915,14717,1353,0,0,16405,52377,12884,9249,5805,5135,3191,396,624,348,425,146,982,715,562,613,629,545,452,398,401,355,415,651,519,55,57,54,42,51,81,56,52,138,68,69,141,99,57,64,41,62,55,45,37,44,34,28,30,80,120,71,62,43,33,39,31,106815,4360,240,32
"10307001006","KAC-Vanguard","Vũ khí chính","MG","Machine Gun","SMG","Blue","","",106278,52383,32600,7695,5043,2969,2398,1915,1275,582,595,678,508,450,455,489,429,421,468,400,400,377,206,66,55,48,59,56,64,72,50,47,40,46,75,91,68,82,50,64,66,75,63,69,39,37,48,69,70,68,61,76,59,52,52,49,51,51,54,55,49,46,54,68,64,48,43,51,102930,817,56,12
"30132233000","Khung Ảnh S4【Kim Cương】","Cá nhân hóa","Avatar Frame","","","Orange","","",105786,0,0,0,0,0,0,13630,92156,0,0,0,0,0,0,0,0,0,0,68334,21578,11240,4634,0,0,0,0,0,0,0,0,0,0,0,0,0,0,0,0,0,0,0,0,0,13630,17508,13587,9950,7480,6179,4539,3842,3180,2839,2587,2300,2291,1970,1812,1548,1556,1538,1451,1365,1256,1195,1163,1020,105786,5832,259,33
"10612001006","Toy Slingshot","Vũ khí phụ","Pistol","Secondary","Súng lục","Purple","","",105153,0,0,0,0,105153,0,0,0,0,0,0,0,0,0,0,0,0,0,0,0,0,0,0,0,0,0,0,0,0,0,0,0,0,0,0,0,0,0,0,0,0,0,0,0,0,0,0,0,0,0,0,0,0,0,0,0,0,0,0,0,0,0,0,0,0,0,0,105153,4802,200,26
"10208001006","Colt WA2000","Vũ khí chính","Sniper","Sniper","Bắn tỉa khác","Blue","","",104880,0,0,0,0,3836,39582,39744,21718,0,8476,9191,8375,8888,8488,9236,8472,9086,9962,9574,7981,7081,70,1172,1246,1143,1176,1257,1245,1282,1304,1217,1235,1236,1366,1446,1406,1389,1395,1398,1421,1463,1490,1521,1467,1409,1326,1244,1302,1305,1263,1215,1143,1129,1074,1121,1036,994,1027,1044,1009,1094,1102,811,12,12,23,23,104688,331,22,6
"30117378001","Khung S-I【E】","Cá nhân hóa","Khung","","","Green","","",104864,0,0,0,0,0,0,6172,98692,0,0,0,0,0,0,0,0,0,0,50867,29801,16727,7469,0,0,0,0,0,0,0,0,0,0,0,0,0,0,0,0,0,0,0,0,0,6172,10633,9709,9181,7977,7195,5991,5437,4505,4279,3496,3079,3014,2639,2392,2208,2157,2164,2636,2531,2096,1889,1801,1683,90893,3639,165,21
"10102066006","M4A1-XS-Eternal Dragon","Vũ khí chính","Rifle","Rifle","M4A1","Orange","","",104308,0,0,0,15631,79058,9159,319,141,20350,19880,1304,434,190,135,90,66,73,65,66,46,35,19,14,8,9,6,5,10,14,9,16,8,8,10,8,4,15,9,12,9,8,8,11,14,6,6,5,8,16,7,7,4,9,10,6,3,4,5,5,9,5,4,3,1,6,8,4,101602,6625,306,37
"10801115001","Grenade-Born Beast-A","Vật phóng","Grenade","Utility","Đặc biệt","Gold V","","",104198,2,0,0,0,40580,37936,14334,11346,6925,19019,9216,10863,4975,6642,3498,4068,2438,2111,5678,2454,3616,1817,712,567,442,474,424,445,334,325,311,290,337,417,424,277,285,273,285,320,356,315,267,1952,858,653,717,646,585,440,376,338,330,295,351,324,281,256,265,507,1011,652,644,531,497,383,406,101155,5069,251,34
"10714003006","Spring Festival Feather Duster","Cận chiến","Melee","Melee","Cận chiến","Orange","","",103195,0,0,91730,11422,24,10,6,3,2,3,0,2,1,4,1,2,2,0,2,1,1,0,1,0,0,0,1,0,0,0,1,0,0,1,0,0,0,0,0,0,0,0,1,0,1,0,0,0,0,0,0,0,0,0,0,1,0,0,0,1,0,0,0,0,0,0,0,103189,4836,216,28
"20191002000","Sicarios","Nhân vật","Nhân vật","","","Gold V","","",102316,550,33608,63007,5145,4,1,1,0,4,0,1,0,0,0,0,1,0,0,0,0,0,0,0,0,0,0,1,0,0,0,0,0,0,0,0,0,0,0,0,0,0,0,0,0,0,0,0,0,0,0,0,0,0,0,0,0,0,0,0,0,0,0,0,0,0,0,0,102307,6731,302,34
"10802081001","Flashbang-Angler Fish","Vật phóng","Grenade","Utility","Đặc biệt","Orange","","",102313,25898,32691,19427,9896,5380,2522,3802,2697,1027,293,143,135,917,1263,984,1016,824,635,1316,704,684,336,123,129,196,233,137,100,117,110,78,140,145,137,97,70,80,93,76,126,93,97,80,263,172,227,207,203,164,111,77,95,113,136,93,79,64,69,114,98,147,84,108,69,68,70,129,98133,6258,271,32
"10803069001","Octopus Smoke","Vật phóng","Grenade","Utility","Đặc biệt","Orange","","",102308,25897,32691,19427,9896,5376,2522,3802,2697,1023,293,143,135,917,1263,984,1016,824,635,1316,704,684,336,123,129,196,233,137,100,117,110,78,140,145,137,97,70,80,93,76,126,93,97,80,263,172,227,207,203,164,111,77,95,113,136,93,79,64,69,114,98,147,84,108,69,68,70,129,98131,6258,271,32
"10801103001","Grenade-Shark","Vật phóng","Grenade","Utility","Đặc biệt","Orange","","",102307,25896,32691,19427,9896,5376,2522,3802,2697,1023,293,143,135,917,1263,984,1016,824,635,1316,704,684,336,123,129,196,233,137,100,117,110,78,140,145,137,97,70,80,93,76,126,93,97,80,263,172,227,207,203,164,111,77,95,113,136,93,79,64,69,114,98,147,84,108,69,68,70,129,98130,6258,271,32
"37301018000","Đường Parabol-Shadow Core","Biến đổi vũ khí","Parabol","","","A","","",102079,13722,7113,51240,25650,2798,0,0,1556,619,70,0,0,0,0,0,0,0,0,0,0,0,1556,0,0,0,0,0,0,0,0,0,0,0,0,0,0,0,0,0,0,0,0,0,0,0,0,0,0,0,0,0,0,0,0,0,0,0,0,0,0,0,0,0,0,0,0,1556,27655,5824,310,37
"10505003006","AA12-Buster","Vũ khí chính","Shotgun","Shotgun","Shotgun","Orange","","",101392,0,0,0,1,0,0,0,101391,0,0,0,0,0,0,0,0,0,0,0,24253,53613,23525,0,0,0,0,0,0,0,0,0,0,0,0,0,0,0,0,0,0,0,0,0,0,0,0,0,0,0,0,0,0,882,4371,8784,10216,8694,7935,7361,7102,7346,7226,7949,7693,6228,5163,4441,101392,5112,238,27
"10133001006","NAR-Gold","Vũ khí chính","Rifle","Rifle","Súng trường khác","Orange","","",99807,0,0,0,0,0,0,5130,94677,0,0,0,0,0,0,0,0,0,0,31786,30242,24201,13578,0,0,0,0,0,0,0,0,0,0,0,0,0,0,0,0,0,0,0,0,0,5130,7189,4423,6002,4645,4397,4181,4019,4069,3915,3734,5526,4798,3647,3391,3151,3268,3536,3487,3721,3497,3460,3442,3179,91478,4708,204,25
"10146001006","MK18-Ocean Blue","Vũ khí chính","Rifle","Rifle","Súng trường khác","Purple","","",98949,0,0,0,0,0,0,4679,94270,0,0,0,0,0,0,0,0,0,0,30684,30689,24146,13430,0,0,0,0,0,0,0,0,0,0,0,0,0,0,0,0,0,0,0,0,0,4679,7118,4203,5828,4457,4399,4244,4211,4120,3652,3673,5937,4852,3828,3239,3293,3088,3528,3576,3594,3437,3460,3415,3118,91174,4695,207,27
"10101177006","AK47-Azure","Vũ khí chính","Rifle","Rifle","AK47","Purple","","",98924,0,0,0,0,0,0,4820,94104,0,0,0,0,0,0,0,0,0,0,31091,30290,23809,13734,0,0,0,0,0,0,0,0,0,0,0,0,0,0,0,0,0,0,0,0,0,4820,7155,4374,5992,4623,4127,4182,4130,4140,3869,3765,5394,4810,3664,3355,3140,3198,3411,3563,3478,3451,3474,3504,3305,91179,4658,217,24
"10801200001","Grenade-Angel","Vật phóng","Grenade","Utility","Đặc biệt","Gold V","","",98616,4,17,1,0,4,98479,78,33,4,18594,78188,1514,131,52,19,30,13,8,18,6,14,3,8,2,5,6,4,3,0,0,2,2,0,6,3,2,0,1,1,3,1,0,3,5,5,0,3,1,1,1,0,2,0,2,1,0,2,3,0,2,2,3,2,1,1,1,0,98606,5452,251,31
"10118003006","QBZ03-Summer Limited","Vũ khí chính","Rifle","Rifle","Súng trường khác","Purple","","",98525,0,0,0,0,0,0,4663,93862,0,0,0,0,0,0,0,0,0,0,30865,30493,23662,13505,0,0,0,0,0,0,0,0,0,0,0,0,0,0,0,0,0,0,0,0,0,4663,7278,4249,5823,4582,4270,4328,4220,4079,3824,3702,5572,4768,3587,3370,3146,3101,3305,3563,3590,3488,3391,3420,3206,90820,4681,212,28
"10414001006","CZS2-Azure Beach","Vũ khí chính","SMG","SMG","SMG","Purple","","",98475,0,0,0,0,0,0,4633,93842,0,0,0,0,0,0,0,0,0,0,30834,30695,23557,13389,0,0,0,0,0,0,0,0,0,0,0,0,0,0,0,0,0,0,0,0,2,4631,7014,4298,6003,4578,4308,4382,4067,4161,3881,3840,5525,4839,3536,3357,3164,3081,3313,3560,3546,3502,3363,3368,3156,90784,4650,204,29
"10110017006","M14EBR-Ocean Blue","Vũ khí chính","Rifle","Rifle","Súng trường khác","Purple","","",98403,0,0,0,0,0,0,4664,93739,0,0,0,0,0,0,0,0,0,0,30903,30668,23679,13153,0,0,0,0,0,0,0,0,0,0,0,0,0,0,0,0,0,0,0,0,0,4664,6989,4336,5967,4517,4430,4256,4095,4240,3783,3820,5632,4842,3550,3304,3254,2999,3417,3503,3652,3402,3394,3284,3073,90904,4637,213,25
"10102172006","M4A1-Azure","Vũ khí chính","Rifle","Rifle","M4A1","Purple","","",98307,0,0,0,0,0,0,4727,93580,0,0,0,0,0,0,0,0,0,0,30572,30549,23679,13507,0,0,0,0,0,0,0,0,0,0,0,0,0,0,0,0,0,0,0,0,0,4727,6827,4286,5849,4678,4205,4233,4053,4191,3899,3764,5505,4904,3676,3379,3116,3011,3421,3556,3520,3478,3451,3386,3192,90714,4674,212,27
"10615002006","QSZ92-Summer Limited","Vũ khí phụ","Pistol","Secondary","Súng lục","Purple","","",98145,0,0,0,0,0,0,4712,93433,0,0,0,0,0,0,0,0,0,0,30512,30647,23545,13441,0,0,0,0,0,0,0,0,0,0,0,0,0,0,0,0,0,0,0,0,0,4712,7026,4327,5874,4468,4105,4402,4103,4231,3882,3772,5422,4835,3552,3430,3162,3095,3396,3453,3457,3595,3322,3352,3172,90465,4657,212,29
"10101058006","AK47-Soccer Babe","Vũ khí chính","Rifle","Rifle","AK47","Orange","","",97155,0,0,0,0,0,0,97155,0,0,0,0,0,0,0,0,7556,69959,19640,0,0,0,0,0,0,0,0,0,7556,26962,10336,7964,7288,6723,5842,4844,3279,3302,2707,2516,3227,2619,1990,0,0,0,0,0,0,0,0,0,0,0,0,0,0,0,0,0,0,0,0,0,0,0,0,0,97155,5283,227,28
"10107001006","AUG","Vũ khí chính","Rifle","Rifle","Súng trường khác","Green","","",96952,9367,8538,3063,2110,1930,26637,28353,16954,416,2234,6097,6099,6399,6114,6829,6170,6361,6909,7337,6179,5403,119,864,853,886,829,949,891,829,880,852,961,957,953,929,913,933,920,1029,967,1032,1115,1069,1015,976,1061,1060,1108,1048,911,900,807,939,837,935,850,800,799,782,764,793,817,648,29,23,28,39,94868,284,23,6
"20105802000","Seraph","Nhân vật","Nhân vật","","","Orange","","",96032,0,0,0,0,0,96032,0,0,0,4961,69689,19692,1690,0,0,0,0,0,0,0,0,0,0,0,0,0,0,0,0,0,0,0,0,0,0,0,0,0,0,0,0,0,0,0,0,0,0,0,0,0,0,0,0,0,0,0,0,0,0,0,0,0,0,0,0,0,0,96032,4488,202,19
"30135069000","Ảnh Đại Diện Bóng Đá","Cá nhân hóa","Avatar","","","Orange","","",93747,0,0,0,0,0,0,93291,456,0,0,0,0,0,0,0,57830,34115,1199,340,148,84,31,0,5970,22163,11962,9371,8364,7460,5975,5324,4836,2022,4131,4367,551,220,119,93,71,84,61,61,86,41,42,33,45,32,27,17,11,19,15,28,31,16,6,10,13,13,15,11,10,7,7,7,93747,4442,207,26
"30132221000","Khung Ảnh Bóng Đá","Cá nhân hóa","Avatar Frame","","","Orange","","",93747,0,0,0,0,0,0,93291,456,0,0,0,0,0,0,0,57830,34115,1199,340,148,84,31,0,5970,22163,11962,9371,8364,7460,5975,5324,4836,2022,4131,4367,551,220,119,93,71,84,61,61,86,41,42,33,45,32,27,17,11,19,15,28,31,16,6,10,13,13,15,11,10,7,7,7,93747,4442,207,26
"10515004006","KSG-Born Beast","Vũ khí chính","Shotgun","Shotgun","Shotgun","Gold V","","",93254,4,37757,50128,1509,2008,916,496,436,261,557,286,139,149,123,114,118,104,119,123,140,150,64,14,20,13,17,16,17,9,20,11,6,17,22,19,14,23,12,11,15,19,25,18,23,18,14,22,17,11,9,22,25,31,23,15,15,17,17,4,16,39,27,30,26,13,9,16,93052,3434,226,32
"10606006006","Croaking Cannon","Vũ khí phụ","Pistol","Secondary","Súng lục","Orange","","",93197,0,0,0,0,0,0,0,93197,0,0,0,0,0,0,0,0,0,0,0,28873,10869,53455,0,0,0,0,0,0,0,0,0,0,0,0,0,0,0,0,0,0,0,0,0,0,0,0,0,0,0,0,0,0,0,2994,14209,11670,7016,11,33,80,226,841,2662,6807,16085,18592,11971,74951,4321,190,24
"10102069006","M4A1-Earl","Vũ khí chính","Rifle","Rifle","M4A1","Orange","","",91990,0,5,831,11956,29311,30284,11942,7661,3745,12753,5957,9839,3820,6998,2686,3778,1800,1459,4762,1484,2511,1123,673,488,334,337,322,329,284,256,222,202,251,300,285,210,189,216,204,202,221,217,177,2042,679,534,515,433,382,260,257,216,203,201,179,168,181,164,144,359,739,488,436,342,286,251,244,88333,5458,297,37
"30121069001","Biểu tượng hạ gục S3【Huyền Thoại】","Cá nhân hóa","Khung","","","Orange","","",91184,0,0,0,0,19,42477,48688,0,0,778,6073,10479,12558,12608,11871,10896,10829,13534,1558,0,0,0,1618,1581,1623,1503,1507,1477,1410,1459,1486,1430,1703,1703,1638,1642,1798,1874,1961,2080,2034,2145,1558,0,0,0,0,0,0,0,0,0,0,0,0,0,0,0,0,0,0,0,0,0,0,0,0,91184,6276,285,35
"30460014000","Thẻ Battle Pass 3000","Vật liệu","Thẻ điểm kinh nghiệm BP","","","Orange","","",90038,38147,20203,8566,291,7278,6321,5109,4123,0,8734,2029,1291,869,676,680,688,484,496,4711,1220,678,275,95,117,97,105,83,82,98,80,69,57,66,50,64,73,71,91,78,73,63,47,0,2761,743,441,311,239,216,201,160,165,146,257,162,129,116,112,110,105,93,75,67,75,78,58,64,77754,5824,305,36
"34001059000","Phụ Kiện Tóc Yumo","Thời Trang","Mũ","","","C","","",89988,0,0,0,0,0,0,89901,87,0,0,0,0,0,0,9185,64393,16124,165,64,34,20,3,17070,10963,8810,7812,6547,5643,4532,4394,3642,2826,501,159,70,46,36,24,19,13,13,14,14,20,10,5,6,2,7,5,6,1,5,9,6,2,3,3,2,1,6,2,3,1,1,1,0,89988,5295,232,29
"10802037001","Flashbang-Born Beast-A","Vật phóng","Grenade","Utility","Đặc biệt","Gold V","","",89581,4,0,0,0,32617,33954,12645,10361,5123,17046,8138,9970,4369,6233,2947,3717,2157,1683,5524,2181,3179,1618,613,548,424,408,377,375,329,324,279,240,269,350,366,242,233,237,218,238,270,245,213,1928,858,632,715,638,540,413,340,273,303,288,272,292,230,230,251,450,879,572,567,480,420,374,344,87285,4817,243,33
"10138002006","QBZ19-Angel","Vũ khí chính","Rifle","Rifle","Súng trường khác","Gold V","","",89318,0,0,0,0,26,5,33269,56018,0,28,1,1,1,0,0,0,0,0,61284,14176,9314,4513,0,0,0,0,0,0,0,0,0,0,0,0,0,0,0,0,0,0,0,0,0,33269,10242,5927,4474,3806,3566,2657,2487,2066,1890,1694,1607,1775,1357,1330,1305,1268,1354,1264,1436,1096,1129,1103,1185,89315,1941,93,17
"32301092000","Sticker: Ragnarok ","Biến đổi vũ khí","Sticker","","","B","","",88208,13458,17855,3245,0,35529,11254,0,6867,1680,18665,4240,1900,1379,0,0,0,0,0,0,0,4962,1905,0,0,0,0,0,0,0,0,0,0,0,0,0,0,0,0,0,0,0,0,0,0,0,0,0,0,0,0,0,0,0,0,0,0,0,0,0,1237,1707,1215,803,690,513,396,306,27955,5557,311,37
"10704007006","Kukri-Peony","Cận chiến","Melee","Melee","Cận chiến","Purple","","",87045,15912,21570,19920,12999,7445,4259,3029,1911,1437,1352,1207,835,852,811,746,728,662,665,657,551,587,344,116,107,80,93,95,108,106,83,93,68,91,110,111,102,93,103,97,80,79,111,118,110,81,69,96,84,99,87,68,85,95,82,68,66,78,62,66,78,101,100,102,88,95,68,93,83025,2389,157,24
"10803127001","Smoke-Rồng Sữa","Vật phóng","Grenade","Utility","Đặc biệt","Gold V","","",85995,0,0,0,0,0,85709,271,15,0,0,33447,32734,12493,7035,210,36,14,9,10,6,0,1,7,6,2,5,10,2,5,2,1,3,1,1,1,0,2,3,2,0,1,1,2,0,1,3,3,0,1,1,0,0,1,2,1,1,0,0,0,0,0,0,0,1,0,0,0,85995,4369,196,22
"10101007006","AK47-Gold","Vũ khí chính","Rifle","Rifle","AK47","Orange","","",85736,664,336,0,0,0,1,84659,76,0,0,0,0,0,1,17097,40557,26347,628,57,19,23,7,4841,5419,7928,6452,6006,5626,5262,4717,4166,4013,1646,3333,3210,380,111,52,30,21,16,18,11,19,4,4,9,4,6,2,1,2,3,3,3,5,4,4,2,3,3,3,4,1,3,2,1,85615,4691,209,28
"32401053000","Trang Sức Bạch Mã","Biến đổi vũ khí","Trang sức","","","C","","",85722,0,0,85523,183,7,7,1,1,2,3,0,2,3,1,0,1,0,0,0,0,0,1,1,0,0,0,0,0,0,0,0,0,0,0,0,0,0,0,0,0,0,0,0,0,0,0,0,0,0,0,0,0,0,0,0,0,0,0,0,0,0,0,0,0,0,1,0,85722,3541,144,17
"30460009000","Thẻ Battle Pass 200","Vật liệu","Thẻ điểm kinh nghiệm BP","","","Purple","","",85652,13065,15111,14770,1326,1341,8225,17912,13902,1,2166,2270,2274,1612,1243,1366,8950,3750,2214,5774,4577,4282,901,206,256,2561,3356,1459,894,1007,612,500,452,529,331,319,331,367,353,296,367,297,203,167,1465,963,923,770,726,760,647,684,532,616,817,585,696,668,717,641,592,571,584,509,212,196,209,284,21129,5907,319,37
"30460051000","Thẻ Battle Pass 500 S2","Vật liệu","Thẻ điểm kinh nghiệm BP","","","Purple","","",85294,0,0,0,17028,64157,4084,24,1,8373,6200,2191,118,4,1,1,18,2,2,1,1,0,0,0,0,10,3,1,3,0,1,0,1,0,0,0,0,0,0,1,0,0,1,1,0,0,0,0,0,0,0,0,1,0,0,0,0,0,0,0,0,0,0,0,0,0,0,0,62768,6146,290,37
"10212005006","MR1-Dragon's Roar","Vũ khí chính","Sniper","Sniper","Bắn tỉa khác","Gold V","","",84853,0,0,0,0,0,0,2967,81886,0,0,0,0,0,0,0,0,0,0,35287,26961,16135,6470,0,0,0,0,0,0,0,0,0,0,0,0,0,0,0,0,0,0,0,0,0,2967,7900,8992,5846,4642,4940,4772,4619,4124,3806,3395,3141,3104,2776,2536,2430,2181,2288,1953,1971,1749,1702,1577,1442,84853,5452,246,32
"10803027001","Smoke-Born Beast-A","Vật phóng","Grenade","Utility","Đặc biệt","Gold V","","",84033,4,0,0,0,30579,31364,12155,9931,4894,15476,7483,9254,4067,5858,2806,3582,2036,1559,5412,2072,3093,1526,625,513,402,360,367,358,295,274,239,237,259,372,360,225,239,191,202,229,251,222,182,1990,819,600,693,621,507,382,337,271,284,277,258,263,209,214,241,425,888,561,555,459,389,349,329,82179,4762,245,34
"32401045000","Trang Sức Subject Alpha","Biến đổi vũ khí","Trang sức","","","C","","",82935,0,0,0,69701,13234,0,0,0,2851,39,0,0,0,0,0,0,0,0,0,0,0,0,0,0,0,0,0,0,0,0,0,0,0,0,0,0,0,0,0,0,0,0,0,0,0,0,0,0,0,0,0,0,0,0,0,0,0,0,0,0,0,0,0,0,0,0,0,82925,6698,311,37
"32101030000","Búp Bê Kẻ Ẩn Nấp Subject Alpha","Biến đổi vũ khí","Búp Bê","","","B","","",82454,0,0,0,69185,13269,0,0,0,2866,40,0,0,0,0,0,0,0,0,0,0,0,0,0,0,0,0,0,0,0,0,0,0,0,0,0,0,0,0,0,0,0,0,0,0,0,0,0,0,0,0,0,0,0,0,0,0,0,0,0,0,0,0,0,0,0,0,0,82443,6697,311,37
"10101239006","AK47-Spring-Alpha","Vũ khí chính","Rifle","Rifle","AK47","Gold VVIP","","",82454,0,0,0,69185,13269,0,0,0,2866,40,0,0,0,0,0,0,0,0,0,0,0,0,0,0,0,0,0,0,0,0,0,0,0,0,0,0,0,0,0,0,0,0,0,0,0,0,0,0,0,0,0,0,0,0,0,0,0,0,0,0,0,0,0,0,0,0,0,82443,6697,311,37
"10101031006","AK47-Noble Dragon","Vũ khí chính","Rifle","Rifle","AK47","Orange","","",80572,7164,19067,11729,18271,11910,6525,3876,2030,2628,2239,1915,1307,1356,1022,1013,880,817,858,760,608,609,361,120,99,141,100,115,131,150,122,114,109,104,103,115,145,95,101,114,119,157,127,167,141,95,78,81,94,104,119,89,81,75,89,67,88,96,63,86,91,94,78,101,104,90,81,86,78788,3376,197,27
"10101240006","AK47-Spring","Vũ khí chính","Rifle","Rifle","AK47","Gold VVIP","","",80061,0,0,0,62891,15379,1452,208,131,3103,1275,376,160,122,101,76,38,46,41,46,42,31,19,9,6,7,5,4,4,4,7,6,6,4,7,12,5,2,3,7,3,11,10,2,5,10,3,7,9,10,1,9,5,4,8,2,13,3,3,7,5,3,5,5,7,3,6,3,79495,6674,311,37
"10519001006","M1216","Vũ khí chính","Shotgun","Shotgun","Shotgun","Blue","","",79989,0,0,0,0,1681,30199,30363,17746,0,4507,7041,6711,6984,6637,7314,6546,6834,7405,7773,6540,5647,50,916,921,949,895,989,933,897,970,968,1005,1011,973,1010,971,1062,998,1093,1079,1104,1098,1215,1049,1074,1146,1144,1088,1057,962,1018,944,947,848,926,895,855,855,777,801,832,865,662,13,15,12,10,79781,262,16,6
"10601003006","USP-Earl","Vũ khí phụ","Pistol","Secondary","Súng lục","Orange","","",79750,0,0,1,26735,31381,8065,10041,3527,15557,5606,1952,1581,1438,1356,1248,1290,1335,5329,1832,1037,993,504,166,183,169,174,164,201,195,203,190,184,174,193,196,231,406,1564,1026,805,690,607,433,406,225,197,186,188,197,210,187,153,141,125,108,113,105,109,107,159,195,164,154,152,130,108,114,75681,2085,148,30
"30121078001","Biểu tượng hạ gục S4【Vua Súng】","Cá nhân hóa","Biểu tượng ","","","Orange","","",78936,0,0,0,0,0,0,3398,75538,0,0,0,0,0,0,0,0,0,0,34258,24297,14546,5835,0,0,0,0,0,0,0,0,0,0,0,0,0,0,0,0,0,0,0,0,0,3398,8137,9103,5261,4005,4354,4227,4178,3717,3421,3103,2859,2792,2458,2259,2153,1933,2115,1835,1793,1625,1508,1381,1321,78936,5402,241,33
"30135087000","Avatar Fox GR","Cá nhân hóa","Avatar","","","Orange","","",78389,0,0,0,0,0,0,4203,74186,0,0,0,0,0,0,0,0,0,12,20263,20357,23215,14542,0,0,0,0,0,0,0,0,0,0,0,0,0,0,0,0,4,6,2,0,5,4186,3167,3173,3090,3203,3439,2956,2883,2795,2830,3101,2890,2902,2657,2863,3052,3239,3584,3729,4091,3292,3510,3799,3941,78389,3,0,0
"30135086000","Avatar SWAT BL","Cá nhân hóa","Avatar","","","Orange","","",78389,0,0,0,0,0,0,4203,74186,0,0,0,0,0,0,0,0,0,12,20263,20357,23215,14542,0,0,0,0,0,0,0,0,0,0,0,0,0,0,0,0,4,6,2,0,5,4186,3167,3173,3090,3203,3439,2956,2883,2795,2830,3101,2890,2902,2657,2863,3052,3239,3584,3729,4091,3292,3510,3799,3941,78389,3,0,0
"30135088000","Avatar SWAT GR","Cá nhân hóa","Avatar","","","Orange","","",78389,0,0,0,0,0,0,4203,74186,0,0,0,0,0,0,0,0,0,12,20263,20357,23215,14542,0,0,0,0,0,0,0,0,0,0,0,0,0,0,0,0,4,6,2,0,5,4186,3167,3173,3090,3203,3439,2956,2883,2795,2830,3101,2890,2902,2657,2863,3052,3239,3584,3729,4091,3292,3510,3799,3941,78389,3,0,0
"30135084000","Avatar Blade BL","Cá nhân hóa","Avatar","","","Orange","","",78389,0,0,0,0,0,0,4203,74186,0,0,0,0,0,0,0,0,0,12,20263,20357,23215,14542,0,0,0,0,0,0,0,0,0,0,0,0,0,0,0,0,4,6,2,0,5,4186,3167,3173,3090,3203,3439,2956,2883,2795,2830,3101,2890,2902,2657,2863,3052,3239,3584,3729,4091,3292,3510,3799,3941,78389,3,0,0
"30135085000","Avatar Fox BL","Cá nhân hóa","Avatar","","","Orange","","",78389,0,0,0,0,0,0,4203,74186,0,0,0,0,0,0,0,0,0,12,20263,20357,23215,14542,0,0,0,0,0,0,0,0,0,0,0,0,0,0,0,0,4,6,2,0,5,4186,3167,3173,3090,3203,3439,2956,2883,2795,2830,3101,2890,2902,2657,2863,3052,3239,3584,3729,4091,3292,3510,3799,3941,78389,3,0,0
"32101039000","Búp Bê Thủy Thủ Mùa Hè","Biến đổi vũ khí","Búp Bê","","","C","","",78258,0,0,0,0,163,1425,0,76670,0,714,455,221,121,77,0,0,0,0,11325,45270,18538,1537,0,0,0,0,0,0,0,0,0,0,0,0,0,0,0,0,0,0,0,0,0,0,0,21,970,4047,6287,8418,8388,7606,6543,5595,4610,4110,3634,2995,2734,2416,2475,2253,2031,1536,1,0,0,76323,4502,220,30
"10211004006","98K","Vũ khí chính","Sniper","Sniper","Bắn tỉa khác","Purple","","",76442,0,0,0,0,4753,28120,26136,17433,0,8830,6781,5794,5843,5625,5825,5764,6023,6574,6200,5108,5096,2979,807,813,769,823,836,936,889,879,759,746,803,927,1020,914,905,952,891,917,1003,992,992,958,884,876,779,826,885,821,763,713,760,714,674,663,687,650,694,689,724,776,876,714,732,753,780,75363,504,44,8
"10801086001","Wide Grenade-Gold Phoenix","Vật phóng","Grenade","Utility","Đặc biệt","Purple","","",75731,17376,35303,11561,4289,2300,1931,1675,1296,360,531,342,470,389,488,399,488,351,318,468,295,415,237,70,73,55,82,56,54,48,43,49,54,39,55,63,47,38,45,47,44,53,44,37,82,59,61,93,73,63,51,52,32,42,34,45,39,33,32,45,58,113,69,65,79,48,52,58,68391,1112,49,9
"10101108006","AK47-Royal Blue Gold Dragon","Vũ khí chính","Rifle","Rifle","AK47","Orange","","",73996,5501,20967,22131,8997,9433,3350,2968,649,4501,3797,633,357,412,443,384,423,400,1610,346,199,155,100,47,54,56,59,60,74,62,51,59,54,60,49,65,65,117,473,309,216,203,227,122,29,34,37,46,36,42,28,35,24,18,37,29,28,20,21,25,21,21,16,31,20,29,34,17,72309,2172,126,24
"10502001006","Jack Hammer","Vũ khí chính","Shotgun","Shotgun","Shotgun","Green","","",72990,6996,5333,1315,762,2895,20744,20869,14076,100,5208,4784,4264,4520,4425,4719,4538,4749,5301,4967,4215,4039,2417,620,668,612,634,679,717,682,695,607,613,660,702,790,748,734,757,711,756,829,766,782,780,692,692,624,656,741,669,655,598,616,596,527,554,556,508,574,543,588,604,666,588,589,593,647,72539,209,18,5
"10602002006","Desert Eagle-Winter Land","Vũ khí phụ","Pistol","Secondary","Súng lục","Purple","","",72314,55573,13926,1276,561,292,284,212,190,63,97,73,55,53,52,49,39,54,54,63,60,49,34,4,6,2,5,9,5,5,5,4,13,8,8,11,6,8,11,4,10,6,9,6,10,11,9,11,10,6,10,5,13,13,7,4,8,6,11,3,5,8,7,9,7,9,10,8,72312,500,27,3
"37301017000","Đường Parabol-Prime II","Biến đổi vũ khí","Parabol","","","A","","",71605,2157,44664,18726,2571,2894,586,5,2,344,349,158,110,88,42,0,5,0,0,2,0,0,0,0,0,0,1,4,0,0,0,0,0,0,0,0,0,0,0,0,0,0,0,0,0,0,2,0,0,0,0,0,0,0,0,0,0,0,0,0,0,0,0,0,0,0,0,0,21083,4195,277,36
"10606009006","Pháo Rồng Sữa","Vũ khí phụ","Pistol","Secondary","Súng lục","Gold V","","",71164,0,0,0,0,0,70870,286,8,0,0,0,0,49705,21165,236,26,15,7,6,1,1,2,4,4,3,5,4,0,5,2,2,2,1,1,2,4,1,1,0,0,1,0,1,1,0,0,1,2,1,1,0,0,0,0,0,0,0,0,0,0,0,0,1,1,0,1,0,71164,4051,178,22
"20136002000","JNS-Sport","Nhân vật","Nhân vật","","","Purple","","",70994,0,0,0,0,0,0,70994,0,0,0,0,0,0,0,0,0,9655,61339,0,0,0,0,0,0,0,0,0,0,0,0,0,0,0,0,9655,30193,9320,5198,4610,5381,3871,2766,0,0,0,0,0,0,0,0,0,0,0,0,0,0,0,0,0,0,0,0,0,0,0,0,0,70994,4330,187,23
"30310551000","Rương 288 Gem","Rương kho báu","Rương kho báu","","","Orange","","",70857,0,16687,13777,884,0,4061,10355,25093,0,0,519,218,2318,1006,846,1,6445,2187,14539,7623,2109,1698,0,0,1,0,0,0,0,0,0,2509,2390,980,566,586,475,279,251,268,163,165,166,710,535,4701,4974,1873,1580,1361,991,940,873,1669,981,808,293,274,385,451,304,224,178,258,203,187,1050,17780,5380,291,36
"10802003001","Flashbang-Nightmare","Vật phóng","Grenade","Utility","Đặc biệt","Purple","","",70547,0,0,0,0,7934,27079,21339,14195,0,11778,7271,5473,5404,5087,5235,4691,4719,5142,5453,4096,3909,2289,648,692,677,685,674,643,617,627,685,658,684,712,736,696,700,664,697,736,780,869,771,781,742,781,773,785,820,720,632,521,588,541,573,521,562,508,540,527,602,596,574,564,567,579,579,65912,570,37,6
"10704001006","Kukri","Cận chiến","Melee","Melee","Cận chiến","Blue","","",69681,0,0,0,0,1120,24043,25459,19059,0,2275,5695,5580,5822,5791,6206,5610,5728,6022,6767,5876,5394,2915,819,858,777,762,808,793,752,783,744,795,823,891,940,830,846,745,821,908,913,959,964,929,908,930,980,1037,1019,901,875,782,807,800,890,821,786,721,719,785,794,799,790,709,702,775,729,68745,351,25,3
"30413001000","Thẻ Mở Rộng Kho 100","Vật liệu","Thẻ tích điểm","","","Purple","","",69297,12375,25602,12699,6939,4059,3399,1889,2335,641,1349,920,739,578,583,435,521,361,446,506,723,779,453,86,72,59,57,69,82,53,61,33,44,41,66,63,59,56,63,69,72,55,72,53,73,75,54,79,58,114,118,115,102,92,104,102,90,89,90,64,80,167,138,151,143,101,97,112,48103,1631,135,25
"10607044006","Anaconda-Gold","Vũ khí phụ","Pistol","Secondary","Súng lục","Orange","","",68138,1905,1093,0,0,0,1,65046,93,0,0,0,0,0,1,10835,25735,27736,710,66,16,25,16,2293,2564,4370,4413,4837,5120,5140,4527,4335,4130,1674,3896,4034,450,102,57,46,19,22,14,12,18,8,7,9,8,4,1,4,0,3,1,3,4,3,3,3,4,3,5,4,4,11,1,0,67793,4027,192,21
"10102193006","M4A1-S-Born Beast Ice Soul","Vũ khí chính","Rifle","Rifle","M4A1","Gold V","","",68029,0,0,0,0,0,18208,48939,882,0,0,31,918,5520,11739,13196,12091,10897,11212,1932,225,180,88,1978,1860,1623,1500,1459,1509,2109,1658,1478,1425,1426,1362,1439,2054,1740,1618,1514,1508,1414,1364,1242,301,118,77,65,65,64,38,48,39,32,29,18,21,28,31,23,18,26,28,26,23,15,23,27,68029,5115,236,28
"20179002000","Wu Mengmeng","Nhân vật","Nhân vật","","","Gold V","","",67890,0,0,0,0,0,0,0,67890,0,0,0,0,0,0,0,0,0,0,0,37835,22814,7241,0,0,0,0,0,0,0,0,0,0,0,0,0,0,0,0,0,0,0,0,0,0,0,0,0,0,0,0,0,0,9592,16337,6543,5363,3983,3395,3465,4121,3618,1823,2409,2788,1017,1812,1624,942,515,91,25
"30135007000","Hình Đại Diện Oai Phong Mãnh Hổ","Cá nhân hóa","Avatar","","","Orange","","",67556,0,0,0,0,23630,31570,12356,0,0,30167,7930,7288,5896,3919,3947,3221,2596,2348,244,0,0,0,431,443,458,497,461,421,418,370,343,328,425,343,369,325,331,352,282,394,327,337,244,0,0,0,0,0,0,0,0,0,0,0,0,0,0,0,0,0,0,0,0,0,0,0,0,67556,6817,313,37
"10106001006","XM8","Vũ khí chính","Rifle","Rifle","Súng trường khác","Blue","","",67387,0,0,0,0,2919,24123,24555,15790,0,6129,5487,4958,5308,5160,5539,5304,5694,6190,5696,4697,4551,2674,729,756,708,775,787,868,788,823,752,676,795,892,968,828,890,878,864,883,929,918,937,891,807,785,694,741,841,738,728,661,692,634,628,616,644,594,609,633,646,676,749,627,676,649,722,67366,62,2,0
"10405019006","Steyr TMP-Death Eye","Vũ khí chính","SMG","SMG","SMG","Silver V","","",67074,0,0,0,0,29264,34822,2209,779,0,40049,12300,5373,3379,2985,1722,180,137,131,219,165,326,108,23,27,14,23,30,22,16,20,16,13,21,29,22,23,17,12,13,22,20,24,13,26,31,27,48,40,34,30,23,18,18,27,32,17,13,16,22,54,113,57,51,29,29,25,25,66953,2553,159,28
"30121064001","Biểu tượng tiêu diệt S2 [Thần Thoại]","Cá nhân hóa","Biểu tượng ","","","Orange","","",67061,0,0,0,22517,44544,0,0,0,10961,1196,0,0,0,0,0,0,0,0,0,0,0,0,0,0,0,0,0,0,0,0,0,0,0,0,0,0,0,0,0,0,0,0,0,0,0,0,0,0,0,0,0,0,0,0,0,0,0,0,0,0,0,0,0,0,0,0,0,67058,5596,267,33
"10304001006","M249","Vũ khí chính","MG","Machine Gun","SMG","Green","","",67043,30829,16379,7393,3968,3250,2089,2203,932,699,562,518,414,458,444,471,486,550,568,366,261,284,149,70,72,68,67,64,78,66,77,81,69,63,90,104,76,75,74,77,86,91,89,85,43,35,44,50,53,56,35,46,46,34,28,28,44,42,38,25,33,57,44,45,38,42,33,36,62692,332,28,7
"32001151000","AK47-Beast-Space Purple","Biến đổi vũ khí","Hiệu ứng ánh sáng","","","C","","",65209,9998,37638,8171,3725,2032,1963,1026,656,397,669,580,383,358,233,237,300,218,205,190,196,204,132,44,48,39,46,36,46,23,44,25,29,23,31,43,37,22,29,32,19,36,30,36,30,24,25,28,26,21,24,28,26,17,27,42,32,22,29,22,28,42,36,25,32,28,40,32,62078,1657,101,17
"31910115001","AK47-Iron Beast-Heroic Battlegear","Biến đổi vũ khí","Skin","","","C","","",65129,0,0,0,152,44589,15842,2313,2233,1711,53000,2132,791,576,489,458,513,457,575,1057,682,511,293,80,71,71,70,59,69,75,94,61,50,57,50,70,89,92,82,79,99,71,63,45,265,226,169,153,103,96,114,96,100,84,118,98,72,99,62,73,67,71,69,70,86,65,71,71,35314,4332,235,26
"10104003006","SCAR-Camo","Vũ khí chính","Rifle","Rifle","Súng trường khác","Blue","","",64570,24633,19186,8262,4674,3109,2094,1863,749,670,544,609,381,419,412,454,418,413,465,279,205,244,134,59,79,47,59,51,53,63,51,49,51,60,61,78,48,81,59,67,52,80,78,81,32,25,38,34,31,38,30,45,24,29,30,22,25,28,39,29,26,35,35,52,32,34,33,35,62322,743,51,15
"10102181006","M4A1-S-Steel Empire","Vũ khí chính","Rifle","Rifle","M4A1","Gold V","","",63985,0,0,0,0,0,37739,23162,3084,0,0,0,0,8356,29383,7591,6758,4189,3491,3578,253,290,96,1290,998,704,810,753,665,584,514,443,422,555,922,749,596,490,456,381,467,631,470,384,749,468,447,666,529,335,46,36,40,35,25,44,27,30,21,23,52,85,34,45,45,21,15,15,63874,3511,212,30
"10401001006","MP5","Vũ khí chính","SMG","SMG","SMG","Whtie","","",63748,25129,16346,8366,4360,3535,2283,2860,869,784,689,508,417,501,561,777,617,590,736,326,271,265,147,89,99,81,77,99,91,95,89,73,71,75,97,90,76,96,189,91,69,120,95,96,44,36,29,48,36,37,46,36,30,33,45,39,42,28,28,34,38,48,51,38,42,23,36,46,57247,566,46,12
"30121072001","Biểu tượng hạ gục S3【Thần Thoại】","Cá nhân hóa","Khung","","","Orange","","",63649,0,0,0,0,0,20625,43024,0,0,54,1704,4357,6645,7865,8532,8796,9604,14479,1613,0,0,0,1318,1194,1339,1283,1273,1250,1181,1243,1279,1306,1576,1514,1505,1591,1863,2022,2087,2211,2300,2405,1613,0,0,0,0,0,0,0,0,0,0,0,0,0,0,0,0,0,0,0,0,0,0,0,0,63649,5811,273,34
"10401004006","MP5KA4","Vũ khí chính","SMG","SMG","SMG","Green","","",62678,0,0,0,0,3069,22544,22650,14415,0,6201,5308,4540,4884,4680,5152,4909,5234,5693,5154,4295,4155,2473,671,700,667,686,721,815,743,755,684,647,690,827,888,809,770,821,756,815,855,867,855,807,713,713,646,682,738,705,674,577,622,606,562,549,573,529,571,566,595,638,683,593,605,612,663,62516,216,16,4
"10603002006","Mauser M1896","Vũ khí phụ","Pistol","Secondary","Súng lục","Purple","","",62028,18093,25456,6865,4434,2902,1937,1420,921,643,632,548,387,372,382,361,310,324,326,320,253,275,172,41,46,41,48,44,44,46,45,36,37,44,66,50,55,41,34,52,34,48,62,58,41,41,43,43,46,48,37,50,40,28,39,34,25,34,37,28,42,47,34,53,48,42,44,38,58528,888,53,8
"10413002006","P90","Vũ khí chính","SMG","SMG","SMG","Blue","","",61735,0,0,0,0,3059,22171,22203,14302,0,6120,5207,4488,4824,4591,4997,4742,5166,5687,5105,4253,4108,2447,641,671,650,689,672,791,737,749,672,620,717,787,884,812,776,811,746,784,903,855,853,758,719,735,621,676,743,680,673,588,586,577,568,581,576,530,554,559,588,632,669,577,631,600,639,61577,178,13,5
"10408008006","QCW05-Yumo","Vũ khí chính","SMG","SMG","SMG","Orange","","",61520,0,0,0,0,0,0,61520,0,0,0,0,0,0,0,9757,51763,0,0,0,0,0,0,8296,8716,7995,7300,6328,4642,0,0,0,0,0,0,0,0,0,0,0,0,0,0,0,0,0,0,0,0,0,0,0,0,0,0,0,0,0,0,0,0,0,0,0,0,0,0,0,61520,4062,188,24
"32001149000","AK47-Beast-Blue","Biến đổi vũ khí","Hiệu ứng ánh sáng","","","C","","",60943,7710,33596,8184,3897,2407,3144,1418,587,392,1241,868,515,539,417,335,582,231,205,181,159,201,111,63,171,38,31,31,194,38,33,18,40,29,41,32,30,32,24,21,38,28,32,36,29,29,21,27,22,17,31,30,17,23,17,24,17,17,24,21,29,35,42,33,32,34,20,25,57987,1970,101,18
"10602064006","Dual Desert Eagle-Drake","Vũ khí phụ","Pistol","Secondary","Súng lục","Gold V","","",60324,0,0,0,27205,11375,10463,5499,5782,1239,4224,2615,2547,1550,1860,1303,1580,1005,845,2216,1190,2104,1038,254,194,185,173,185,178,159,132,133,114,132,167,168,125,137,114,95,109,151,114,102,664,310,250,337,295,258,217,186,141,165,165,151,165,148,141,152,322,573,417,351,321,266,225,226,59994,1522,103,19
"10706008006","Keris-Mithril","Cận chiến","Melee","Melee","Cận chiến","Purple","","",59583,0,0,0,0,0,0,59583,0,0,0,0,0,0,0,0,59568,15,0,0,0,0,0,0,0,1072,17046,23500,17950,12,2,1,0,0,0,0,0,0,0,0,0,0,0,0,0,0,0,0,0,0,0,0,0,0,0,0,0,0,0,0,0,0,0,0,0,0,0,0,59583,4060,186,21
"10115002006","AR-15-SS","Vũ khí chính","Rifle","Rifle","Súng trường khác","Purple","","",59401,0,0,0,0,1046,21078,21150,16127,0,2860,5014,4598,4913,4739,5146,4488,4713,5239,5685,4456,4202,3348,633,601,648,610,711,675,599,646,658,692,679,689,750,632,687,719,769,795,810,827,774,790,828,837,828,835,793,682,653,589,664,588,659,621,588,564,590,556,591,601,712,782,826,896,844,58581,312,32,10
"20167002000","Ultimatum","Nhân vật","Nhân vật","","","Gold V","","",59375,0,0,0,15519,43822,27,5,2,8985,582,7,5,2,2,1,2,1,1,1,1,0,0,0,0,0,1,1,0,0,0,0,0,1,0,0,0,0,1,0,0,0,0,0,0,0,1,0,0,0,1,0,0,0,0,0,0,0,0,0,0,0,0,0,0,0,0,0,59367,6365,309,37
"10702037006","Knife-Ice Cream","Cận chiến","Melee","Melee","Cận chiến","Purple","","",59364,0,0,0,0,0,0,0,59364,0,0,0,0,0,0,0,0,0,0,0,59362,2,0,0,0,0,0,0,0,0,0,0,0,0,0,0,0,0,0,0,0,0,0,0,0,0,0,0,0,0,0,0,0,0,10754,34304,14304,2,0,0,0,0,0,0,0,0,0,0,59364,2959,138,14
"10104018006","SCAR-Electric Organ","Vũ khí chính","Rifle","Rifle","Súng trường khác","Orange","","",57698,0,0,0,0,21442,26898,9358,0,0,27072,6993,6551,4629,3095,2792,2518,2045,1839,164,0,0,0,339,343,370,425,361,324,322,311,281,251,338,265,277,253,274,269,214,344,235,250,164,0,0,0,0,0,0,0,0,0,0,0,0,0,0,0,0,0,0,0,0,0,0,0,0,57698,6769,312,37
"10102032006","M4A1-Jewelry","Vũ khí chính","Rifle","Rifle","M4A1","Gold V","","",57596,27,43,2,0,0,0,56779,745,0,0,0,0,0,0,0,0,4841,46437,5948,191,77,30,0,0,0,0,0,0,0,0,0,0,0,880,3961,6668,7460,6918,6608,6746,6072,5965,4805,696,202,92,54,55,44,39,42,26,32,19,17,16,17,11,5,9,11,8,16,4,10,8,8,57592,3893,180,24
"32101012000","Búp Bê Bé Điên","Biến đổi vũ khí","Búp Bê","","","B","","",57386,0,4699,6465,475,18402,19624,7721,0,0,22936,5828,4063,3055,2144,2105,2204,1661,1748,3,0,0,0,332,381,335,338,251,252,296,272,254,199,242,170,228,256,271,283,262,278,226,172,3,0,0,0,0,0,0,0,0,0,0,0,0,0,0,0,0,0,0,0,0,0,0,0,0,45910,6204,312,37
"20127002000","FOX-Summer","Nhân vật","Nhân vật","","","Purple","","",56765,0,0,0,0,0,0,0,56765,0,0,0,0,0,0,0,0,0,0,525,31150,23179,1911,0,0,0,0,0,0,0,0,0,0,0,0,0,0,0,0,0,0,0,0,0,0,0,0,0,5,520,2209,3512,4736,5553,5637,4979,4524,4330,3795,3492,3180,3101,2705,2576,1911,0,0,0,56765,3631,172,20
"30121081001","Biểu tượng hạ gục S-I【E】","Cá nhân hóa","Biểu tượng ","","","Green","","",56306,0,0,0,0,0,0,1050,55256,0,0,0,0,0,0,0,0,0,0,20878,20971,9917,4540,0,0,0,0,0,0,0,0,0,0,0,0,0,0,0,0,0,0,0,0,0,1050,3077,3552,4291,4391,4517,4156,3876,3363,3106,2538,2074,1858,1666,1490,1360,1205,1225,1502,1469,1261,1153,1121,1005,56306,2512,114,17
"10515013006","KSG-Angel","Vũ khí chính","Shotgun","Shotgun","Shotgun","Gold V","","",56295,0,0,0,0,26,1,20125,36143,0,1,0,0,0,0,0,0,0,0,38408,9196,5732,2932,0,0,0,0,0,0,0,0,0,0,0,0,0,0,0,0,0,0,0,0,0,20125,6730,3861,2908,2496,2288,1675,1624,1432,1325,1087,1003,1050,855,801,758,818,861,797,842,738,702,756,736,56295,1349,59,9
"10105012006","AN94-Phoenix","Vũ khí chính","Rifle","Rifle","Súng trường khác","Purple","","",55855,0,0,0,0,0,0,2793,53062,0,0,0,0,0,0,0,0,0,5,17508,16091,14351,7900,0,0,0,0,0,0,0,0,0,0,0,0,0,0,0,1,1,3,0,0,3,2785,3160,2834,2735,2857,3134,2515,2661,2299,2228,2119,2023,2246,1937,2005,1859,1993,2205,2056,2296,1886,1997,2043,1974,55796,257,8,1
"30310514000","Quà Ném Thunder","Rương kho báu","Rương kho báu","","","Orange","","",55446,0,0,33099,10866,0,8904,2577,0,0,0,0,6206,1972,726,802,773,554,401,47,0,0,0,98,156,132,130,76,99,118,98,62,71,71,80,54,52,66,62,49,45,69,58,47,0,0,0,0,0,0,0,0,0,0,0,0,0,0,0,0,0,0,0,0,0,0,0,0,47362,6610,313,37
"32001108000","M4A1-Predator-Pink","Biến đổi vũ khí","Hiệu ứng ánh sáng","","","C","","",55111,11369,22390,9703,5858,2214,1717,928,932,375,544,612,295,297,237,202,216,174,248,287,238,314,181,30,41,32,34,31,26,21,24,17,22,23,35,32,35,35,35,36,28,45,34,35,53,44,39,43,34,39,33,31,25,42,31,37,39,39,36,29,39,58,57,56,60,30,45,46,53534,818,43,10
"10802063001","Flashbang-Titanium Beast","Vật phóng","Grenade","Utility","Đặc biệt","Gold VVIP","","",54473,0,0,32756,10910,47,8242,2474,44,7,8,4,5631,1878,727,775,723,515,396,86,14,8,1,94,146,127,116,73,85,116,83,63,66,62,71,54,53,60,62,50,46,72,53,50,15,2,8,1,4,6,0,1,1,4,4,2,2,2,0,2,1,1,2,0,1,0,0,0,47227,6606,313,37
"10801172001","Wide Grenade-Titanium Beast","Vật phóng","Grenade","Utility","Đặc biệt","Gold VVIP","","",54473,0,0,32756,10910,47,8242,2474,44,7,8,4,5631,1878,727,775,723,515,396,86,14,8,1,94,146,127,116,73,85,116,83,63,66,62,71,54,53,60,62,50,46,72,53,50,15,2,8,1,4,6,0,1,1,4,4,2,2,2,0,2,1,1,2,0,1,0,0,0,47227,6606,313,37
"10803048001","Smoke-Titanium Beast","Vật phóng","Grenade","Utility","Đặc biệt","Gold VVIP","","",54473,0,0,32756,10910,47,8242,2474,44,7,8,4,5631,1878,727,775,723,515,396,86,14,8,1,94,146,127,116,73,85,116,83,63,66,62,71,54,53,60,62,50,46,72,53,50,15,2,8,1,4,6,0,1,1,4,4,2,2,2,0,2,1,1,2,0,1,0,0,0,47227,6606,313,37
"32001162000","AK47-Born Beast-Space Purple","Biến đổi vũ khí","Hiệu ứng ánh sáng","","","C","","",53352,148,82,35027,7732,2742,1483,1180,4958,428,450,406,283,312,275,261,280,266,304,188,505,2928,1406,35,49,44,39,32,46,54,30,42,30,30,43,37,35,35,88,29,40,38,39,40,29,11,21,31,31,25,27,64,124,85,82,69,54,58,59,50,486,1151,639,485,462,328,315,301,50983,1934,142,24
"10501002006","SPAS-12","Vũ khí chính","Shotgun","Shotgun","Shotgun","Whtie","","",52516,18163,16523,6344,3038,2556,2681,2168,1043,563,573,607,553,671,588,523,520,483,520,333,303,354,175,74,77,76,66,73,79,75,69,56,47,69,81,86,64,66,77,71,62,84,96,86,36,46,42,41,40,42,42,48,44,36,46,36,51,50,53,52,45,54,53,47,54,49,31,41,50102,780,46,10
"32401051000","Phụ Kiện Switcher","Biến đổi vũ khí","Trang sức","","","C","","",52436,0,0,0,0,0,0,1,52435,0,0,0,0,0,0,0,0,0,1,38076,7302,4105,2952,0,0,0,0,0,0,0,0,0,0,0,0,0,0,0,0,1,0,0,0,0,0,0,0,14053,19490,4533,2084,1368,1136,839,763,570,542,667,458,335,523,707,674,741,1273,645,477,557,52436,3554,147,19
"32401028000","Trang Sức Victoria","Biến đổi vũ khí","Trang sức","","","C","","",52073,0,0,0,0,0,0,1,52072,0,0,0,0,0,0,0,0,0,1,37848,7217,4066,2941,0,0,0,0,0,0,0,0,0,0,0,0,0,0,0,0,1,0,0,0,0,0,0,0,13969,19438,4441,2046,1360,1134,823,753,563,538,666,448,328,516,691,668,749,1263,641,476,561,52073,3526,145,20
"32301205000","Sticker: Yumo - STAR","Biến đổi vũ khí","Sticker","","","C","","",51858,0,0,0,0,0,0,51817,41,0,0,0,0,0,0,18600,25202,7932,63,36,15,9,1,4328,3755,3462,3453,2994,2781,2285,2202,1895,1337,137,54,22,21,12,7,9,0,6,8,11,9,10,1,1,1,3,1,3,2,2,3,1,3,1,0,2,0,2,1,3,0,1,0,0,51858,4220,190,27
"32401052000","Trang Sức Ảo Ảnh","Biến đổi vũ khí","Trang sức","","","C","","",51810,0,0,0,0,0,0,1,51809,0,0,0,0,0,0,0,0,0,1,37704,7136,4019,2950,0,0,0,0,0,0,0,0,0,0,0,0,0,0,0,0,1,0,0,0,0,0,0,0,13966,19343,4395,2024,1350,1111,819,739,562,531,651,443,323,511,700,659,732,1279,638,468,565,51810,3532,145,20
"10101026006","AK47-Peony","Vũ khí chính","Rifle","Rifle","AK47","Purple","","",51786,5139,11708,13427,10136,5523,3022,1965,866,977,913,887,557,643,524,510,459,431,443,291,271,280,146,65,71,55,57,51,80,61,60,73,48,43,71,75,81,49,71,65,53,58,66,81,41,21,29,37,39,43,48,32,46,42,38,24,41,50,41,31,30,39,44,45,41,36,28,41,50251,1983,140,22
"30460049000","Thẻ Battle Pass 200 S2","Vật liệu","Thẻ điểm kinh nghiệm BP","","","Purple","","",51016,0,0,0,15871,34305,0,768,72,4494,331,0,0,0,0,0,520,123,69,70,18,40,0,0,0,261,154,65,40,49,10,19,22,7,7,9,3,12,10,9,20,13,2,22,34,2,5,7,0,0,9,0,3,0,5,0,1,8,0,13,0,8,11,0,0,0,0,0,10980,4610,307,37
"30117374001","Khung S4【Thần Súng】","Cá nhân hóa","Khung","","","Orange","","",50953,0,0,0,0,0,0,79,50874,0,0,0,0,0,0,0,0,0,0,9068,18716,15340,7829,0,0,0,0,0,0,0,0,0,0,0,0,0,0,0,0,0,0,0,0,0,79,747,1556,1688,2324,2674,2728,2975,2861,2830,2534,2397,2391,2177,2206,2100,2261,2207,2158,2231,2026,1927,1905,1971,40957,4450,205,32
"32001386000","AK47-Beast-Red","Biến đổi vũ khí","Hiệu ứng ánh sáng","","","C","","",50683,8451,26723,7572,3165,1746,1651,831,544,386,513,494,305,304,226,206,234,198,144,146,169,176,102,34,44,35,30,26,27,27,29,28,33,27,27,27,19,23,26,17,16,27,16,30,19,15,22,14,27,19,26,34,17,18,20,28,26,28,24,13,18,33,37,23,21,22,28,31,45555,1432,90,15
"10602045006","Desert Eagle-Royal Blue Gold Dragon","Vũ khí phụ","Pistol","Secondary","Súng lục","Orange","","",50667,5885,11869,13517,6295,6892,2198,3360,651,3818,1892,506,353,334,368,340,374,397,2029,423,204,151,93,46,58,56,46,54,57,56,64,47,55,57,62,56,68,145,524,401,345,288,258,191,29,54,44,39,33,33,36,33,22,23,35,32,23,18,27,19,26,21,18,22,23,16,33,21,48958,1576,90,22
"32301096000","Sticker: Continue","Biến đổi vũ khí","Sticker","","","C","","",49882,0,0,12212,1900,0,0,33707,2063,0,0,0,0,0,0,0,0,25676,5512,4539,32,5,6,0,0,0,0,0,0,0,1966,10656,5432,3643,2316,1663,1134,956,853,734,696,564,575,1257,1262,888,688,402,32,10,7,6,4,1,3,7,4,0,0,2,0,2,1,0,0,2,2,2,37428,3281,229,35
"10401010006","MP5-Gold","Vũ khí chính","SMG","SMG","SMG","Orange","","",48528,0,0,0,0,0,1,48461,66,0,0,0,0,0,1,3402,18202,26281,551,47,18,16,10,1241,1760,3189,3282,3612,4031,4386,4304,4152,4087,1760,3834,3758,376,83,28,24,16,17,7,8,17,3,3,6,5,5,3,1,0,4,2,4,4,2,2,2,2,1,4,3,1,5,4,0,48528,3142,153,19
"10102042006","M4A1-SSS","Vũ khí chính","Rifle","Rifle","M4A1","Orange","","",47898,4203,10814,6888,11226,7123,4000,2371,1273,1537,1374,1206,819,814,617,628,515,533,528,432,376,416,216,76,77,60,71,53,81,82,71,84,72,61,65,98,97,85,54,66,70,75,81,83,84,40,45,58,57,65,63,52,52,57,58,51,43,43,65,52,64,70,57,65,71,53,46,46,47614,1818,113,22
"30460053000","Thẻ Battle Pass 1000 S2","Vật liệu","Thẻ điểm kinh nghiệm BP","","","Purple","","",47529,0,0,0,37556,9863,110,0,0,569,97,64,0,0,0,0,0,0,0,0,0,0,0,0,0,0,0,0,0,0,0,0,0,0,0,0,0,0,0,0,0,0,0,0,0,0,0,0,0,0,0,0,0,0,0,0,0,0,0,0,0,0,0,0,0,0,0,0,19362,4156,278,36
"10104001006","SCAR","Vũ khí chính","Rifle","Rifle","Súng trường khác","Green","","",46199,17964,12364,5357,3111,2729,1932,1864,878,585,518,436,425,407,443,464,439,389,473,251,204,262,260,73,58,64,57,63,66,51,54,43,48,47,75,71,58,65,52,73,63,69,93,69,30,28,41,29,26,28,19,38,28,26,30,30,33,25,28,27,40,40,55,47,49,60,86,65,44059,636,49,11
"32001005000","AK47-Iron Beast-Space Purple","Biến đổi vũ khí","Hiệu ứng ánh sáng","","","C","","",45364,5097,16103,10056,6677,3328,2069,1113,921,555,959,645,379,344,289,252,266,261,247,306,261,282,159,37,35,27,39,33,53,48,33,31,33,44,32,40,34,28,44,33,31,31,46,40,47,49,35,50,46,39,33,44,29,29,45,38,43,30,32,37,43,60,45,35,36,41,38,44,43475,1207,63,14
"10707001006","Shovel","Cận chiến","Melee","Melee","Cận chiến","Blue","","",45169,19555,9920,6042,4019,2613,1364,790,866,583,508,375,240,266,246,198,182,166,189,240,239,271,171,25,26,23,25,15,29,22,25,15,22,24,30,28,30,24,25,21,32,28,29,26,29,22,43,34,40,46,27,53,38,32,25,42,22,32,26,28,46,41,45,53,52,40,42,37,43372,686,49,11
"10104011006","SCAR-Dark Knight","Vũ khí chính","Rifle","Rifle","Súng trường khác","Gold V","","",45145,0,0,0,0,0,0,59,45086,0,0,0,0,0,0,0,0,0,0,2420,10677,18246,13802,0,0,0,0,0,0,0,0,0,0,0,0,0,0,0,0,0,0,0,0,0,59,214,408,508,532,699,1185,1161,1076,1104,2274,2171,1706,3033,2815,2417,2291,2289,2410,2991,4004,3947,3169,2682,45145,4650,243,33
"10602014006","Desert Eagle-Peony","Vũ khí phụ","Pistol","Secondary","Súng lục","Purple","","",44002,4119,9239,11494,9267,5090,2527,1464,802,972,841,780,458,495,420,393,351,323,310,259,240,250,140,46,48,49,37,56,58,46,47,47,42,37,52,52,35,37,47,50,44,46,51,49,38,42,32,34,34,30,43,40,22,30,31,41,33,37,35,32,24,38,34,50,43,35,26,36,41923,1892,138,25
"10101036006","AK47-SSS","Vũ khí chính","Rifle","Rifle","AK47","Orange","","",43690,3270,9270,6333,10530,6882,3948,2253,1204,1413,1323,1224,787,760,600,555,510,492,516,424,347,378,235,74,83,62,58,82,59,81,77,60,66,60,65,83,73,64,69,97,54,86,73,101,79,42,45,53,61,43,54,46,49,36,59,50,53,56,48,49,66,37,59,63,66,50,59,60,43449,1733,120,18
"20104002000","ULP","Nhân vật","Nhân vật","","","Purple","","",43566,25279,5482,4,1,2,0,0,12798,0,1,0,0,0,0,0,0,0,0,0,0,118,12680,0,0,0,0,0,0,0,0,0,0,0,0,0,0,0,0,0,0,0,0,0,0,0,0,0,0,0,0,0,0,0,0,0,0,0,0,0,0,0,0,118,5989,3392,1870,1429,41574,1713,109,15
"10702006006","Invisible Assassin Sword-Ultimate Gold","Cận chiến","Melee","Melee","Cận chiến","Orange","","",43369,0,0,0,0,0,0,31979,11390,0,0,0,0,0,0,18262,6535,3683,1956,5712,2704,3292,1225,1062,808,794,872,637,583,553,452,399,555,834,460,430,297,246,239,261,380,305,228,293,1250,961,780,815,900,713,513,492,331,294,346,373,355,549,689,466,462,387,377,362,325,330,283,287,43369,5509,273,36
"32401056000","Linh Kiện Cảnh Báo Thay Đạn","Biến đổi vũ khí","Trang sức","","","A","","",42564,0,28796,5104,318,0,0,3727,4619,0,0,0,0,0,0,0,0,2579,928,2277,1710,596,256,0,0,0,0,0,0,0,0,0,855,1025,464,235,182,190,156,125,125,85,65,98,122,83,495,779,395,305,239,232,199,210,364,241,225,109,104,87,79,65,75,77,54,59,68,75,23520,3894,258,28
"30135065000","Ảnh Đại Diện Giỗ Tổ Hùng Vương","Cá nhân hóa","Avatar","","","Orange","","",42357,0,0,0,0,0,1,19724,22632,0,0,0,1,0,0,0,0,0,0,31627,4154,3633,2942,0,0,0,0,0,0,0,0,0,0,0,0,0,0,0,0,0,0,0,0,13741,5983,2065,1350,2900,4023,1565,975,706,620,542,487,385,439,489,370,275,442,682,612,763,1235,633,450,624,42357,3134,149,16
"32101087000","Búp Bê GR Yumo","Biến đổi vũ khí","Búp Bê","","","C","","",42115,0,0,0,0,0,0,42103,12,0,0,0,0,0,0,3,34038,8020,36,12,3,3,0,10632,5380,4071,3750,3221,2918,2405,2198,1973,1293,107,35,9,14,8,1,5,3,3,2,3,3,2,0,2,0,2,1,0,0,0,0,1,1,0,1,1,0,1,0,0,0,0,0,0,42115,3890,176,26
"10602039006","Desert Eagle-Gold Phoenix","Vũ khí phụ","Pistol","Secondary","Súng lục","Purple","","",41762,10904,17280,6493,2109,1270,1412,1068,1226,237,441,394,275,251,280,257,264,222,220,346,295,436,254,37,43,28,28,29,31,38,28,23,29,21,32,51,28,30,24,24,33,46,35,37,68,45,35,65,48,48,45,50,36,33,41,44,46,35,31,46,65,110,78,71,83,51,51,69,40466,665,37,12
"10102255006","M4A1-Summer-Alpha","Vũ khí chính","Rifle","Rifle","M4A1","Gold V","","",41682,0,0,0,0,16352,18087,7243,0,0,20519,5303,3773,2837,2007,1979,2020,1585,1656,3,0,0,0,303,350,291,314,239,225,288,253,243,189,233,166,213,237,258,274,247,257,224,159,3,0,0,0,0,0,0,0,0,0,0,0,0,0,0,0,0,0,0,0,0,0,0,0,0,41682,5641,293,37
"10102016006","M4A1-Custom Elite","Vũ khí chính","Rifle","Rifle","M4A1","Blue","","",41388,13187,11484,5763,3865,2866,1899,1588,736,622,507,522,407,356,377,357,362,394,382,260,188,238,143,55,58,57,55,39,48,67,52,55,41,47,62,70,47,54,53,38,63,63,64,69,24,38,20,42,31,36,24,25,30,23,33,27,26,31,31,33,32,21,42,48,47,27,33,36,39751,673,48,12
"30310529000","Rương 666 Gem","Rương kho báu","Rương kho báu","","","Orange","","",41332,0,8371,6467,486,0,422,15328,10258,0,0,219,89,64,50,33,0,3339,9534,8703,2690,655,632,0,0,0,0,0,0,2,0,0,1309,1280,460,288,292,753,1976,2038,1779,1399,1297,1318,1104,1045,2011,2067,683,475,412,370,358,272,612,415,251,102,83,114,124,88,46,98,94,51,60,427,23419,4751,275,37
"10520001006","M1216-Fish","Vũ khí chính","Shotgun","Shotgun","Shotgun","Silver V","","",41077,0,0,0,0,0,0,0,41077,0,0,0,0,0,0,0,0,0,0,0,14555,24182,2340,0,0,0,0,0,0,0,0,0,0,0,0,0,0,0,0,0,0,0,0,0,0,0,0,0,0,0,3,352,1630,2507,3017,3447,3599,3847,3741,3586,3511,3321,3191,2985,2340,0,0,0,41077,2990,145,16
"10303003006","MG3-Perfect Silver","Vũ khí chính","MG","Machine Gun","SMG","Purple","","",40338,10389,12491,3120,7171,3674,1813,1010,670,663,604,579,328,348,294,263,244,208,234,223,209,191,108,43,33,40,35,28,29,28,25,33,35,24,34,29,40,29,32,35,21,37,40,40,21,25,41,31,28,37,37,41,28,30,26,19,28,23,30,20,24,36,26,32,29,28,26,25,39409,882,93,16
"10609010006","Modified Glock-Beast","Vũ khí phụ","Pistol","Secondary","Súng lục","Gold V","","",40228,29701,10509,9,3,1,2,1,2,0,2,0,0,0,0,0,0,0,1,0,0,1,1,0,0,0,0,0,0,0,0,0,0,0,0,0,0,0,0,0,1,0,0,0,0,0,0,0,0,0,0,0,0,0,0,0,0,0,0,0,0,0,0,1,0,1,0,0,40228,2371,134,19
"10221002006","TAC-Angel","Vũ khí chính","Sniper","Sniper","Bắn tỉa khác","Gold V","","",39822,0,0,0,0,0,0,31251,8571,0,0,0,0,0,0,4681,15053,5353,4551,5113,2211,2752,108,2389,1653,1122,1073,982,795,756,644,596,571,709,1145,932,806,628,576,528,576,804,633,475,1138,737,654,928,685,496,403,332,284,321,297,313,261,230,239,238,443,838,442,322,46,29,21,12,39777,3040,185,27
"32001152000","AK47-Beast-Pink","Biến đổi vũ khí","Hiệu ứng ánh sáng","","","C","","",39542,5771,21930,5436,2597,1368,1380,645,415,229,451,410,251,270,166,147,181,136,150,124,106,139,77,32,33,26,23,23,13,18,17,13,21,18,23,26,18,15,20,24,20,27,26,13,18,8,28,16,25,16,13,7,20,20,14,22,10,11,14,15,32,20,28,19,23,17,16,21,37475,1080,71,10
"10102256006","M4A1-Summer","Vũ khí chính","Rifle","Rifle","M4A1","Gold V","","",39163,0,0,0,0,1039,30271,7819,34,0,3757,9052,9581,6115,2805,2263,2097,1660,1763,50,11,6,3,309,362,295,318,256,230,323,270,252,198,224,168,225,244,262,303,263,271,249,171,24,12,5,0,1,2,6,0,2,4,0,1,0,4,0,0,2,1,0,2,1,1,0,1,1,39163,5559,290,37
"32101064000","Búp Bê Tiểu Ác Quỷ Zombie","Biến đổi vũ khí","Búp Bê","","","A","","",38905,0,11902,18519,1445,0,0,0,7039,0,0,0,0,0,0,0,0,0,0,3878,1939,862,360,0,0,0,0,0,0,0,0,0,0,0,0,0,0,0,0,0,0,0,0,0,0,0,1333,1535,599,411,378,284,235,269,394,212,167,113,126,169,146,120,82,106,109,74,78,99,15855,4584,288,34
"10101029006","AK47-Earl","Vũ khí chính","Rifle","Rifle","AK47","Orange","","",38897,0,0,0,9978,20149,4080,3742,948,9327,5742,724,441,465,527,540,509,496,2005,466,309,237,128,81,79,62,73,55,71,77,70,77,73,74,60,65,91,142,579,398,313,263,219,146,46,66,60,45,53,50,61,64,31,37,39,43,34,32,38,30,35,34,33,35,37,30,29,32,37757,1110,70,21
"10802020001","Flashbang-Happy Sound","Vật phóng","Grenade","Utility","Đặc biệt","Orange","","",38789,0,0,38789,0,0,0,0,0,0,0,0,0,0,0,0,0,0,0,0,0,0,0,0,0,0,0,0,0,0,0,0,0,0,0,0,0,0,0,0,0,0,0,0,0,0,0,0,0,0,0,0,0,0,0,0,0,0,0,0,0,0,0,0,0,0,0,0,38789,1482,57,9
"32001150000","AK47-Beast-Xanh","Biến đổi vũ khí","Hiệu ứng ánh sáng","","","C","","",37496,4980,20618,5570,2374,1258,1227,576,893,244,387,339,245,248,165,141,167,117,122,229,187,259,247,27,23,33,23,16,26,18,13,19,16,12,21,18,13,16,17,13,17,28,18,20,9,9,64,15,98,14,18,16,8,13,19,23,90,30,111,22,23,13,31,29,106,14,21,106,35626,1236,62,16
"10751003006","Golden Soccer Trophy","Cận chiến","Melee","Melee","Cận chiến","Orange","","",36978,0,0,0,0,0,1,36957,20,0,0,0,0,0,1,0,12549,24147,251,15,8,5,2,0,477,1812,2680,3700,3880,4013,3769,3964,3775,1499,3808,3319,182,35,8,6,9,6,5,3,7,1,0,1,1,2,1,0,0,3,0,2,2,0,1,1,1,1,1,0,0,1,1,0,36978,2964,145,18
"10201017006","AWM-Gilt","Vũ khí chính","Sniper","Sniper","AWM","Orange","","",36410,0,0,0,0,8,5581,30538,283,0,22,75,383,1671,3438,5692,6760,7325,9403,1484,76,46,35,1103,851,903,889,731,876,1652,1240,991,864,785,820,973,1764,1390,1360,1201,1381,1243,1064,1182,176,45,23,21,20,17,16,12,10,7,14,7,10,6,4,6,6,8,11,5,6,17,6,6,36407,5277,275,37
"10405003006","Steyr TMP-SS","Vũ khí chính","SMG","SMG","SMG","Purple","","",36338,8494,11618,3074,6555,2954,1675,1202,766,560,529,495,299,350,296,304,287,270,247,256,224,246,134,49,32,42,34,42,37,46,50,34,32,35,37,36,36,35,44,32,23,32,45,53,41,32,25,36,25,44,35,33,28,26,26,37,39,40,30,42,24,32,33,45,37,38,30,29,35128,655,73,16
"10704004006","Kukri-Dragon","Cận chiến","Melee","Melee","Cận chiến","Gold V","","",36074,18877,4392,2,0,0,10163,2640,0,0,0,0,7295,2074,794,809,818,523,445,45,0,0,0,105,193,138,135,90,84,100,70,84,77,83,53,56,65,73,77,40,54,58,78,45,0,0,0,0,0,0,0,0,0,0,0,0,0,0,0,0,0,0,0,0,0,0,0,0,30800,4976,277,36
"30310533000","Rương 400 Gem","Rương kho báu","Rương kho báu","","","Orange","","",34634,0,0,0,18613,8878,6994,51,98,1695,3884,2165,1040,628,340,0,0,0,0,122,12,10,5,0,0,0,0,0,0,0,0,0,0,0,0,0,0,0,0,0,0,0,0,0,51,18,19,16,10,8,5,2,3,0,0,0,2,2,2,1,2,2,1,0,1,2,1,1,9010,4033,289,37
"20183001000","Wukong","Nhân vật","Nhân vật","","","Orange","","",34349,0,0,0,18753,5838,4530,2786,2442,416,4524,1264,1015,820,605,339,271,223,242,2838,655,450,210,29,44,39,36,40,47,29,40,27,24,31,33,39,32,32,42,31,33,38,34,39,1672,441,248,181,133,124,111,100,105,93,76,93,77,80,69,61,58,54,71,57,72,48,48,42,34342,427,20,2
"32401109000","Trang Sức Tiểu Ác Quỷ Zombie","Biến đổi vũ khí","Trang sức","","","B","","",33873,0,9929,17641,1510,0,0,0,4793,0,0,0,0,0,0,0,0,0,0,2041,1561,829,362,0,0,0,0,0,0,0,0,0,0,0,0,0,0,0,0,0,0,0,0,0,0,0,542,823,399,277,275,244,215,190,310,186,141,118,117,128,136,136,111,83,91,85,84,102,13457,3390,202,27
"30460054000","Thẻ Battle Pass 3000 S2","Vật liệu","Thẻ điểm kinh nghiệm BP","","","Orange","","",32176,0,0,0,28286,3890,0,0,0,700,39,0,0,0,0,0,0,0,0,0,0,0,0,0,0,0,0,0,0,0,0,0,0,0,0,0,0,0,0,0,0,0,0,0,0,0,0,0,0,0,0,0,0,0,0,0,0,0,0,0,0,0,0,0,0,0,0,0,32171,4356,267,36
"31920105001","AWM-Infernal Dragon-Heroic Battlegear","Biến đổi vũ khí","Skin","","","C","","",31235,5,69,608,2205,18552,7148,1305,1343,1257,17980,1168,506,364,301,262,261,257,304,671,395,323,175,30,38,50,30,36,42,51,46,24,33,28,34,41,37,52,48,43,47,45,32,36,185,168,81,73,55,73,65,61,45,43,74,60,47,60,61,48,42,35,34,43,45,50,52,28,21950,3397,219,28
"10801105001","Grenade-Booming","Vật phóng","Grenade","Utility","Đặc biệt","Orange","","",31139,0,0,31139,0,0,0,0,0,0,0,0,0,0,0,0,0,0,0,0,0,0,0,0,0,0,0,0,0,0,0,0,0,0,0,0,0,0,0,0,0,0,0,0,0,0,0,0,0,0,0,0,0,0,0,0,0,0,0,0,0,0,0,0,0,0,0,0,31139,1329,49,8
"10602092006","Desert Eagle-Illusion","Vũ khí phụ","Pistol","Secondary","Súng lục","Purple","","",30755,0,0,0,0,0,30753,2,0,0,0,0,0,8322,22431,2,0,0,0,0,0,0,0,0,0,0,0,0,0,0,0,0,0,0,0,0,0,0,0,0,0,0,0,0,0,0,0,0,0,0,0,0,0,0,0,0,0,0,0,0,0,0,0,0,0,0,0,0,30755,3799,175,29
"30310515000","Quà Ném Sấm Nổ","Rương kho báu","Rương kho báu","","","Orange","","",30723,1464,24945,4314,0,0,0,0,0,0,0,0,0,0,0,0,0,0,0,0,0,0,0,0,0,0,0,0,0,0,0,0,0,0,0,0,0,0,0,0,0,0,0,0,0,0,0,0,0,0,0,0,0,0,0,0,0,0,0,0,0,0,0,0,0,0,0,0,30199,4479,262,34
"30135012000","Ảnh Đại Diện Tuổi Thơ Ngọt Ngào","Cá nhân hóa","Avatar","","","Orange","","",30669,0,0,0,0,0,0,7222,23447,0,0,0,0,0,0,0,0,0,0,17637,6804,4315,1913,0,0,0,0,0,0,0,0,0,0,0,0,0,0,0,0,0,0,0,0,0,7222,2873,2328,2448,1545,1221,1097,943,951,893,1315,896,709,609,609,543,654,747,597,556,465,475,426,547,30669,5072,270,34
"10803046001","Smoke-Fury Beast","Vật phóng","Grenade","Utility","Đặc biệt","Gold VVIP","","",30655,1433,24892,4319,8,1,1,0,1,0,1,0,1,0,0,0,0,0,0,1,0,0,0,0,0,0,0,0,0,0,0,0,0,0,0,0,0,0,0,0,0,0,0,0,0,0,1,0,0,0,0,0,0,0,0,0,0,0,0,0,0,0,0,0,0,0,0,0,30159,4479,262,34
"10801165001","Grenade-Fury Beast","Vật phóng","Grenade","Utility","Đặc biệt","Gold VVIP","","",30655,1433,24892,4319,8,1,1,0,1,0,1,0,1,0,0,0,0,0,0,1,0,0,0,0,0,0,0,0,0,0,0,0,0,0,0,0,0,0,0,0,0,0,0,0,0,0,1,0,0,0,0,0,0,0,0,0,0,0,0,0,0,0,0,0,0,0,0,0,30159,4479,262,34
"10802059001","Flashbang-Fury Beast","Vật phóng","Grenade","Utility","Đặc biệt","Gold VVIP","","",30655,1433,24892,4319,8,1,1,0,1,0,1,0,1,0,0,0,0,0,0,1,0,0,0,0,0,0,0,0,0,0,0,0,0,0,0,0,0,0,0,0,0,0,0,0,0,0,1,0,0,0,0,0,0,0,0,0,0,0,0,0,0,0,0,0,0,0,0,0,30159,4479,262,34
"10102122006","M4A1-Royal Blue Gold Dragon","Vũ khí chính","Rifle","Rifle","M4A1","Orange","","",30354,2283,6490,10200,4733,3951,1682,804,211,1478,2343,316,182,156,121,103,114,118,412,129,56,52,31,23,11,13,17,12,20,15,22,21,19,18,11,12,26,24,100,65,63,75,59,41,16,7,13,12,18,22,12,7,7,8,15,2,5,10,3,4,8,7,9,11,7,9,10,5,29856,1305,85,19
"30121079001","Biểu tượng hạ gục S4【Thần Súng】","Cá nhân hóa","Biểu tượng ","","","Orange","","",30169,0,0,0,0,0,0,2,30167,0,0,0,0,0,0,0,0,0,0,4193,11110,9770,5096,0,0,0,0,0,0,0,0,0,0,0,0,0,0,0,0,0,0,0,0,0,2,140,542,1055,1123,1331,1425,1651,1758,1730,1595,1503,1448,1439,1417,1341,1427,1450,1344,1352,1265,1283,1286,1262,30169,4020,194,29
"30132235000","Khung Ảnh S4【Thần Súng】","Cá nhân hóa","Avatar Frame","","","Orange","","",30169,0,0,0,0,0,0,2,30167,0,0,0,0,0,0,0,0,0,0,4193,11110,9770,5096,0,0,0,0,0,0,0,0,0,0,0,0,0,0,0,0,0,0,0,0,0,2,140,542,1055,1123,1331,1425,1651,1758,1730,1595,1503,1448,1439,1417,1341,1427,1450,1344,1352,1265,1283,1286,1262,30169,4020,194,29
"32301163000","Sticker: HeartShot-Yun (Laser)","Biến đổi vũ khí","Sticker","","","B","","",29656,0,0,0,26280,3376,0,0,0,316,0,0,0,0,0,0,0,0,0,0,0,0,0,0,0,0,0,0,0,0,0,0,0,0,0,0,0,0,0,0,0,0,0,0,0,0,0,0,0,0,0,0,0,0,0,0,0,0,0,0,0,0,0,0,0,0,0,0,6299,2839,261,35
"20101302000","Ve Sầu","Nhân vật","Nhân vật","","","Gold V","","",29575,0,0,0,0,8,5737,23811,19,0,24,77,393,1728,3523,5618,6259,5712,5846,387,7,0,1,1042,799,838,831,651,775,1374,972,790,652,600,630,694,1108,856,872,756,846,770,638,364,12,5,1,1,2,2,1,1,3,0,1,1,0,0,0,0,0,0,0,0,0,0,1,0,29575,5082,275,37
"30135066000","Ảnh Đại Diện Lễ 30/4","Cá nhân hóa","Avatar","","","Orange","","",29574,0,0,0,0,0,1,0,29573,0,0,0,1,0,0,0,0,0,0,0,0,24460,5113,0,0,0,0,0,0,0,0,0,0,0,0,0,0,0,0,0,0,0,0,0,0,0,0,0,0,0,0,0,0,0,0,0,0,12389,4556,1304,1615,1893,1288,1415,2229,1083,749,1052,29574,2494,118,19
"10101047006","AK47-Fire Hawk","Vũ khí chính","Rifle","Rifle","AK47","Purple","","",29548,3967,7076,6671,5085,3146,1774,1210,619,624,521,526,368,349,294,308,302,258,259,217,169,206,110,46,50,38,43,40,32,37,38,24,38,44,41,36,43,35,29,40,33,33,46,54,29,22,26,24,35,27,24,31,21,22,24,26,21,35,28,23,31,30,32,27,36,31,18,25,28599,1006,109,21
"10113001006","M16","Vũ khí chính","Rifle","Rifle","Súng trường khác","Green","","",29151,7492,7776,5970,2574,2891,1075,913,460,451,352,263,220,216,224,230,190,174,259,134,127,142,117,33,28,22,17,23,38,14,29,23,29,24,28,27,31,29,26,42,42,41,48,42,18,17,17,14,13,13,21,21,17,12,17,15,24,22,14,17,14,23,25,27,27,36,29,25,26992,820,57,11
"32001161000","AK47-Born Beast-Blue","Biến đổi vũ khí","Hiệu ứng ánh sáng","","","C","","",28233,69,71,16446,3711,1492,2015,1265,3164,248,474,722,338,369,319,317,299,260,327,214,408,1753,851,41,40,40,41,43,40,42,35,32,33,47,28,43,40,51,43,41,45,49,58,41,21,34,17,33,37,31,31,47,85,73,57,54,61,64,59,47,268,610,400,305,259,215,191,186,26596,1183,95,16
"30460023000","Thẻ Battle Pass 2500","Vật liệu","Thẻ điểm kinh nghiệm BP","","","Orange","","",27917,1557,9771,4061,664,745,5651,3265,2203,1,1333,1419,1254,1263,1126,1061,951,777,327,731,697,612,312,133,119,138,130,139,123,130,109,114,117,103,94,110,114,99,88,23,2,1,0,0,149,122,115,106,111,128,116,112,83,95,101,84,106,98,86,87,108,83,75,75,91,79,66,76,22058,2363,123,17
"10206005006","M200-Dominator","Vũ khí chính","Sniper","Sniper","M200","Gold VVIP","","",27818,0,15494,1876,5917,527,848,1164,1992,116,234,167,187,183,212,233,310,246,263,597,360,797,350,55,41,33,44,38,35,38,27,10,34,40,55,42,47,33,43,25,28,58,29,21,91,99,73,144,118,51,59,42,44,42,63,60,50,61,58,61,156,163,137,161,141,76,62,71,27778,4162,260,34
"10618001006","Kolibri","Vũ khí phụ","Pistol","Secondary","Súng lục","Purple","","",27443,0,0,25688,1755,0,0,0,0,0,0,0,0,0,0,0,0,0,0,0,0,0,0,0,0,0,0,0,0,0,0,0,0,0,0,0,0,0,0,0,0,0,0,0,0,0,0,0,0,0,0,0,0,0,0,0,0,0,0,0,0,0,0,0,0,0,0,0,26618,2201,129,24
"30117379001","Khung S-I【D】","Cá nhân hóa","Khung","","","Blue","","",26932,0,0,0,0,0,0,47,26885,0,0,0,0,0,0,0,0,0,0,4109,10778,8046,3999,0,0,0,0,0,0,0,0,0,0,0,0,0,0,0,0,0,0,0,0,0,47,241,464,855,1153,1349,1469,1587,1523,1730,1627,1482,1360,1282,1163,1071,1050,967,1265,1248,1078,1120,967,834,22749,1090,62,12
"20164002000","SOV-Beach Swimsuit","Nhân vật","Nhân vật","","","Purple","","",26372,0,0,0,15524,4173,3724,1424,1527,448,3127,1225,702,542,415,265,188,159,206,1233,439,305,156,23,31,26,22,27,21,22,34,27,18,19,22,17,18,23,31,32,37,29,36,25,581,197,139,108,93,90,81,82,52,57,53,51,63,47,49,40,49,44,35,41,44,48,36,28,26309,168,8,1
"10609018006","Glock-Harmonica","Vũ khí phụ","Pistol","Secondary","Súng lục","Orange","","",26292,0,0,0,0,0,0,6544,19748,0,0,0,0,0,0,0,0,0,0,15514,5818,3514,1446,0,0,0,0,0,0,0,0,0,0,0,0,0,0,0,0,0,0,0,0,0,6544,2465,2054,2185,1274,992,927,758,786,779,1190,784,594,488,472,431,532,637,500,454,376,338,314,418,26292,4987,268,34
"32001163000","AK47-Born Beast-Đồng Xanh","Biến đổi vũ khí","Hiệu ứng ánh sáng","","","C","","",26282,342,314,15628,3827,1439,987,962,2783,240,251,398,162,155,147,114,127,102,596,81,250,1643,832,21,25,16,20,16,14,8,10,23,13,16,15,17,17,18,23,275,218,22,23,8,15,11,15,12,7,13,9,27,45,39,35,35,60,28,28,29,234,689,354,281,266,237,174,155,23444,898,70,13
"10607029006","Python-Firepower-Alpha","Vũ khí phụ","Pistol","Secondary","Súng lục","Gold V","","",25765,0,0,0,7965,5653,4949,3891,3307,389,1307,898,1270,957,1309,846,1264,670,472,1630,683,1108,525,204,149,134,136,113,111,102,96,82,72,89,123,106,63,76,73,61,65,81,53,52,587,255,195,195,198,148,143,100,78,88,105,80,89,90,79,79,191,303,209,157,169,137,116,103,25549,1797,109,20
"10703010006","B.C Axe-Fire Hawk","Cận chiến","Melee","Melee","Cận chiến","Purple","","",25732,4963,5467,5038,4025,2824,1642,1154,619,573,508,502,298,305,304,270,297,241,263,215,203,172,112,52,41,35,34,32,55,36,45,24,35,35,35,31,37,40,32,35,37,47,35,45,38,23,23,31,27,28,39,31,24,28,25,22,34,25,24,18,14,34,32,25,33,31,26,22,24565,885,94,19
"32001112000","M4A1-Born Beast-Gold","Biến đổi vũ khí","Hiệu ứng ánh sáng","","","B","","",25705,672,479,232,206,20417,2158,956,585,1463,869,654,413,423,325,243,227,216,212,152,175,209,107,46,39,22,32,27,26,17,31,24,31,36,38,39,26,20,28,23,39,39,37,30,28,26,24,13,11,20,20,17,28,31,27,24,28,38,31,25,30,36,29,20,23,28,23,33,24678,1563,104,18
"10706065006","Keris-Earl","Cận chiến","Melee","Melee","Cận chiến","Gold V","","",25586,0,0,0,0,0,0,6153,19433,0,0,0,0,0,0,0,0,0,0,13039,4351,5594,2602,0,0,0,0,0,0,0,0,0,0,0,0,0,0,0,0,0,0,0,0,1,6152,1949,1300,1406,1263,968,804,677,604,581,578,583,524,478,472,434,873,1546,948,843,827,701,546,528,25524,1949,133,19
"20121002000","Switcher","Nhân vật","Nhân vật","","","Gold V","","",25576,0,23676,1742,158,0,0,0,0,0,0,0,0,0,0,0,0,0,0,0,0,0,0,0,0,0,0,0,0,0,0,0,0,0,0,0,0,0,0,0,0,0,0,0,0,0,0,0,0,0,0,0,0,0,0,0,0,0,0,0,0,0,0,0,0,0,0,0,25477,1482,104,15
"10108004006","FAMAS-G2-Rainbow Radiance","Vũ khí chính","Rifle","Rifle","Súng trường khác","Purple","","",25490,0,0,0,0,0,0,25490,0,0,0,0,0,0,0,25490,0,0,0,0,0,0,0,0,0,0,0,0,0,0,0,0,0,0,0,0,0,0,0,0,0,0,0,0,0,0,0,0,0,0,0,0,0,0,0,0,0,0,0,0,0,0,0,0,0,0,0,0,25490,1594,76,10
"32001105000","M4A1-Predator-Blue","Biến đổi vũ khí","Hiệu ứng ánh sáng","","","C","","",24530,3955,9571,4808,3015,1162,943,497,579,194,293,307,175,162,139,126,105,90,111,233,176,158,77,17,16,17,16,14,14,14,8,14,14,12,14,14,19,10,13,15,18,15,21,22,43,31,24,40,30,43,18,27,24,26,19,33,29,28,24,22,16,20,35,13,20,18,19,20,23772,500,23,8
"32101097000","Búp Bê Chiến Binh Vô Hạn","Biến đổi vũ khí","Búp Bê","","","B","","",24393,0,0,0,0,0,0,0,24393,0,0,0,0,0,0,0,0,0,0,1,0,729,23663,0,0,0,0,0,0,0,0,0,0,0,0,0,0,0,0,0,0,0,0,0,0,0,0,1,0,0,0,0,0,0,0,0,0,0,0,0,0,0,0,729,3481,6590,6690,6902,24393,2190,111,14
"10801101001","Molotov-Ranger","Vật phóng","Grenade","Utility","Đặc biệt","Gold VVIP","","",24331,0,7895,3918,278,0,0,10419,1821,0,0,0,0,0,0,0,4412,4146,1512,1012,797,361,0,0,0,1568,1816,632,396,373,275,208,1178,1249,526,337,263,257,247,194,195,163,193,136,213,148,135,146,119,115,98,95,101,103,174,130,96,62,52,63,50,48,40,46,0,0,0,0,12620,5222,313,37
"30310539000","Rương 2000 Gem","Rương kho báu","Rương kho báu","","","Orange","","",24266,1383,11083,2742,20,2686,4681,482,1189,0,3552,1350,1127,741,596,454,0,0,2,990,212,10,3,0,0,0,0,0,0,0,0,0,0,0,0,0,1,0,0,1,0,0,0,1,25,89,147,230,274,224,178,8,8,5,8,3,2,3,1,1,2,2,0,1,2,1,0,0,21452,4227,291,37
"32001110000","M4A1-Born Beast-Yellow","Biến đổi vũ khí","Hiệu ứng ánh sáng","","","B","","",23921,594,461,208,207,18784,2026,1012,629,1288,826,556,407,407,303,237,261,240,226,153,195,214,115,51,39,46,35,32,30,32,30,40,34,32,38,34,30,33,36,33,29,31,34,22,26,22,16,24,18,25,38,25,27,29,27,28,21,32,27,20,32,36,42,25,34,28,31,22,22909,1704,96,16
"10102313006","M4A1-Azure Dragon","Vũ khí chính","Rifle","Rifle","M4A1","Gold VVIP","","",23816,0,0,0,0,0,0,7811,16005,0,0,0,0,0,0,0,0,0,0,13200,3053,5340,2223,0,0,0,0,0,0,0,0,0,0,0,0,0,0,0,0,0,0,0,0,0,7811,1522,946,1244,984,693,531,480,390,373,471,420,388,392,387,314,1042,1409,872,924,864,530,436,393,23808,2187,176,27
"10102058006","M4A1-Fire Hawk","Vũ khí chính","Rifle","Rifle","M4A1","Purple","","",23759,4032,6039,5098,3681,2250,1251,858,550,431,380,388,248,245,199,215,191,191,197,174,145,201,94,22,26,29,16,37,27,24,24,26,26,24,29,38,33,28,24,25,22,33,32,42,22,26,10,16,25,33,23,28,18,18,17,22,19,24,25,30,30,43,21,28,25,25,20,24,22981,745,89,20
"32501092000","Sơn Xịt Tiểu Quỷ Zombie","Biến đổi vũ khí","Sơn xịt","","","C","","",23632,0,8472,14022,1138,0,0,0,0,0,0,0,0,0,0,0,0,0,0,0,0,0,0,0,0,0,0,0,0,0,0,0,0,0,0,0,0,0,0,0,0,0,0,0,0,0,0,0,0,0,0,0,0,0,0,0,0,0,0,0,0,0,0,0,0,0,0,0,9233,2241,163,24
"10802011001","Flashbang-Gold Phoenix","Vật phóng","Grenade","Utility","Đặc biệt","Purple","","",23276,4191,10694,4185,1595,846,543,559,663,97,143,102,147,93,137,125,157,102,93,251,152,224,118,22,24,20,28,16,16,14,7,14,13,13,21,20,12,11,11,15,9,17,18,12,70,34,30,47,33,25,27,25,18,18,18,27,19,24,14,25,35,56,34,36,35,26,27,30,22696,459,27,7
"10110002006","M14EBR-S-Camo","Vũ khí chính","Rifle","Rifle","Súng trường khác","Blue","","",23262,7895,7351,3061,1998,1133,820,683,321,267,207,218,191,152,164,181,150,154,160,112,92,96,59,22,31,15,17,19,16,21,20,19,23,22,22,27,23,30,18,17,15,22,35,24,14,18,8,19,14,15,16,12,14,13,7,11,19,10,16,18,16,12,14,10,11,16,22,10,22542,502,41,9
"32401054000","Trang Sức Công Trạng Hiển Hách","Biến đổi vũ khí","Trang sức","","","A","","",23226,0,8401,12708,1036,0,0,680,401,0,0,0,0,0,0,0,13,7,556,253,133,73,46,0,1,12,0,0,0,7,0,0,0,0,0,0,0,0,0,1,420,83,52,43,61,55,33,33,15,13,20,26,14,12,19,28,14,13,13,13,8,13,5,8,11,8,15,12,10385,2622,203,30
"32001107000","M4A1-Predator-Purple","Biến đổi vũ khí","Hiệu ứng ánh sáng","","","C","","",22858,4139,9541,4296,2374,983,684,376,465,140,213,234,129,137,90,79,86,82,94,173,115,145,67,15,9,10,16,12,10,9,7,6,19,12,12,17,13,7,11,15,14,16,18,11,24,17,19,17,59,26,12,12,20,10,17,25,19,20,27,15,19,23,20,21,20,17,17,13,22045,345,16,4
"30306817000","30306817000","","","","","","","",21316,0,0,0,0,0,0,68,21248,0,0,0,0,0,0,0,0,0,0,1532,4356,8636,6792,0,0,0,0,0,0,0,0,0,0,0,0,0,0,0,0,0,0,0,0,0,68,108,148,256,400,552,372,436,456,964,676,660,792,624,704,1600,1496,1460,1216,1536,1456,1640,1888,1808,4546,921,90,13
"10305018006","Gatling Gun-Gold","Cận chiến","Melee","Melee","SMG","Orange","","",20929,0,20929,0,0,0,0,0,0,0,0,0,0,0,0,0,0,0,0,0,0,0,0,0,0,0,0,0,0,0,0,0,0,0,0,0,0,0,0,0,0,0,0,0,0,0,0,0,0,0,0,0,0,0,0,0,0,0,0,0,0,0,0,0,0,0,0,0,20929,756,35,4
"10803023001","Smoke-Armoured Beast","Vật phóng","Grenade","Utility","Đặc biệt","Gold VVIP","","",20915,11080,5719,17,5,3,2,1316,2773,0,2,0,0,1,0,1,0,0,0,3037,624,294,133,0,0,0,0,0,0,0,0,0,0,0,0,0,0,0,0,0,0,0,0,0,1315,454,372,446,263,187,196,72,69,87,70,75,55,48,42,41,44,44,45,30,39,30,31,33,20103,3302,254,36
"10103001006","QBZ95","Vũ khí chính","Rifle","Rifle","Súng trường khác","Green","","",20843,8414,5796,2390,1539,1098,701,642,263,245,187,178,133,162,151,160,124,145,178,91,77,84,46,20,20,14,11,22,20,20,21,11,19,24,23,27,17,19,23,33,18,36,32,18,17,7,13,9,14,13,11,10,13,10,8,11,14,10,13,9,6,13,12,21,10,11,12,13,19593,255,24,6
"10802025001","Flashbang-Armoured Beast","Vật phóng","Grenade","Utility","Đặc biệt","Gold VVIP","","",20747,11080,5719,17,5,3,2,1270,2651,0,2,0,0,1,0,1,0,0,0,2959,561,287,113,0,0,0,0,0,0,0,0,0,0,0,0,0,0,0,0,0,0,0,0,1,1268,463,398,377,253,199,184,69,73,54,75,57,49,47,53,37,37,46,36,31,34,31,25,23,19997,3232,247,35
"10105002006","AN94-Camo","Vũ khí chính","Rifle","Rifle","Súng trường khác","Blue","","",20654,7472,5676,2952,1827,1170,736,548,273,242,202,202,149,128,164,124,140,132,124,70,83,78,70,21,22,20,19,18,15,18,28,16,17,15,16,22,17,12,20,22,24,10,19,22,6,4,13,8,8,9,11,15,8,11,12,13,13,8,7,8,13,14,11,17,23,14,15,18,19888,469,46,14
"10801110001","Grenade-Armoured Beast","Vật phóng","Grenade","Utility","Đặc biệt","Gold VVIP","","",19946,11080,5719,17,5,3,2,936,2184,0,2,0,0,1,0,1,0,0,0,2322,461,226,110,0,0,0,0,0,0,0,0,0,0,0,0,0,0,0,0,0,0,0,0,0,935,376,306,328,205,172,128,62,58,45,76,52,40,24,36,40,36,32,33,25,29,25,28,28,19396,3212,245,36
"10102182006","M4A1-S-Transformer Virgo","Vũ khí chính","Rifle","Rifle","M4A1","Gold V","","",19853,0,17638,1988,215,0,0,0,12,0,0,0,0,0,0,0,0,0,0,11,0,0,1,0,0,0,0,0,0,0,0,0,0,0,0,0,0,0,0,0,0,0,0,0,0,11,0,0,0,0,0,0,0,0,0,0,0,0,0,0,0,0,0,0,0,0,0,1,19694,1836,111,18
"37202001000","Đường Sniper-Ragnarok ","Biến đổi vũ khí","Sniper rifle line","","","B","","",19787,1254,3132,521,0,12784,1116,0,980,708,1127,398,236,172,0,0,0,0,0,0,0,675,305,0,0,0,0,0,0,0,0,0,0,0,0,0,0,0,0,0,0,0,0,0,0,0,0,0,0,0,0,0,0,0,0,0,0,0,0,0,105,247,168,155,125,84,56,40,16734,4161,269,34
"32001003000","AK47-Iron Beast-Red","Biến đổi vũ khí","Hiệu ứng ánh sáng","","","C","","",19591,2265,6238,3957,3357,1690,1052,578,454,311,634,325,165,179,117,133,131,126,140,153,131,144,74,18,21,25,14,11,20,13,10,23,23,15,17,25,18,12,22,18,21,18,31,16,32,26,19,21,16,23,20,15,17,19,14,27,19,16,19,16,26,27,21,19,17,17,17,23,18623,730,54,13
"10405013006","Steyr TMP-Luna-Gold","Vũ khí chính","SMG","SMG","SMG","Orange","","",19569,0,0,0,0,0,8381,7625,3563,0,0,0,0,5093,3288,2360,2081,1313,991,2239,1001,860,343,277,350,348,397,242,192,219,180,170,240,217,149,138,131,123,111,141,187,149,149,128,752,314,282,351,236,176,152,146,107,119,206,147,124,103,111,104,129,200,122,91,77,78,66,122,17203,3135,190,28
"10101095006","AK47-Multiflora-Gold","Vũ khí chính","Rifle","Rifle","AK47","Orange","","",19569,0,0,0,0,0,8381,7625,3563,0,0,0,0,5093,3288,2360,2081,1313,991,2239,1001,860,343,277,350,348,397,242,192,219,180,170,240,217,149,138,131,123,111,141,187,149,149,128,752,314,282,351,236,176,152,146,107,119,206,147,124,103,111,104,129,200,122,91,77,78,66,122,17203,3135,190,28
"10737002006","Jungle Knife-Knight Blue-Gold","Cận chiến","Melee","Melee","Cận chiến","Orange","","",19569,0,0,0,0,0,8381,7625,3563,0,0,0,0,5093,3288,2360,2081,1313,991,2239,1001,860,343,277,350,348,397,242,192,219,180,170,240,217,149,138,131,123,111,141,187,149,149,128,752,314,282,351,236,176,152,146,107,119,206,147,124,103,111,104,129,200,122,91,77,78,66,122,17203,3135,190,28
"30117375001","Khung S4【Huyền Thoại】","Cá nhân hóa","Khung","","","Orange","","",19557,0,0,0,0,0,0,0,19557,0,0,0,0,0,0,0,0,0,0,1023,6051,7858,4625,0,0,0,0,0,0,0,0,0,0,0,0,0,0,0,0,0,0,0,0,0,0,16,90,140,313,464,621,765,857,956,889,955,1008,1000,1139,1094,1113,1134,1167,1211,1114,1175,1173,1163,15585,3125,168,29
"32001006000","AK47-Iron Beast-Green","Biến đổi vũ khí","Hiệu ứng ánh sáng","","","C","","",19507,1551,6443,4568,3075,1667,1100,602,501,254,545,322,177,195,173,123,167,128,131,150,130,177,97,24,26,26,29,25,12,18,18,14,16,22,17,23,14,19,12,13,19,25,29,22,31,16,16,20,28,17,17,19,17,20,21,19,17,18,25,23,17,44,19,31,23,22,24,28,18379,676,27,9
"32001106000","M4A1-Predator-Green","Biến đổi vũ khí","Hiệu ứng ánh sáng","","","C","","",19050,2551,7613,4101,2263,973,721,409,419,152,220,246,117,138,111,120,76,71,102,141,118,128,72,15,11,12,13,5,9,13,11,8,10,11,8,10,19,12,10,12,16,17,16,12,28,20,17,21,20,23,13,15,20,19,11,19,21,10,16,18,17,28,23,16,18,16,23,15,18527,402,23,6
"10110001006","M14EBR","Vũ khí chính","Rifle","Rifle","Súng trường khác","Green","","",19028,7247,5511,1989,1305,1011,808,747,410,235,204,216,157,168,168,153,151,166,228,111,104,140,104,15,24,18,26,19,30,20,15,26,29,24,24,28,23,33,31,27,28,39,47,33,16,10,12,8,18,14,14,21,10,16,7,19,17,16,13,23,24,17,25,22,13,29,30,32,18357,390,38,9
"10707008006","Shovel-Born Beast","Cận chiến","Melee","Melee","Cận chiến","Gold V","","",18815,15146,1913,1156,202,0,0,0,398,0,0,0,0,0,0,0,0,0,0,0,0,312,86,0,0,0,0,0,0,0,0,0,0,0,0,0,0,0,0,0,0,0,0,0,0,0,0,0,0,0,0,0,0,0,0,0,0,0,0,0,71,143,54,44,31,25,16,14,18714,2482,243,37
"10211006006","Kar 98K-Invincible Dragon","Vũ khí chính","Sniper","Sniper","Bắn tỉa khác","Orange","","",17687,0,0,0,0,739,5696,9412,1840,0,1193,818,866,1529,2029,2010,1604,1448,3975,934,630,408,243,252,254,218,212,198,222,216,224,230,204,183,178,213,209,341,1088,756,606,541,434,279,96,108,103,129,112,107,125,108,83,76,97,65,76,46,74,58,53,53,49,75,80,53,53,57,17595,1172,109,18
"30310516000","Quà Ném Mechanical Era","Rương kho báu","Rương kho báu","","","Orange","","",17252,11085,5488,0,0,6,0,0,673,6,0,0,0,0,0,0,0,0,0,0,0,0,673,0,0,0,0,0,0,0,0,0,0,0,0,0,0,0,0,0,0,0,0,0,0,0,0,0,0,0,0,0,0,0,0,0,0,0,0,0,0,0,0,0,0,0,0,673,17024,3076,229,36
"10803030001","Smoke-Mechanical Era","Vật phóng","Grenade","Utility","Đặc biệt","Gold VVIP","","",17158,11006,5498,8,2,1,1,1,641,1,0,1,0,0,0,1,0,0,0,0,0,0,641,0,0,0,0,0,0,0,0,0,0,0,0,0,0,0,0,0,0,0,0,0,0,0,0,0,0,0,0,0,0,0,0,0,0,0,0,0,0,0,0,0,0,0,0,641,16949,3060,226,35
"10801120001","Grenade-Mechanical Era","Vật phóng","Grenade","Utility","Đặc biệt","Gold VVIP","","",17158,11006,5498,8,2,1,1,1,641,1,0,1,0,0,0,1,0,0,0,0,0,0,641,0,0,0,0,0,0,0,0,0,0,0,0,0,0,0,0,0,0,0,0,0,0,0,0,0,0,0,0,0,0,0,0,0,0,0,0,0,0,0,0,0,0,0,0,641,16949,3060,226,35
"10802042001","Flashbang-Mechanical Era","Vật phóng","Grenade","Utility","Đặc biệt","Gold VVIP","","",17158,11006,5498,8,2,1,1,1,641,1,0,1,0,0,0,1,0,0,0,0,0,0,641,0,0,0,0,0,0,0,0,0,0,0,0,0,0,0,0,0,0,0,0,0,0,0,0,0,0,0,0,0,0,0,0,0,0,0,0,0,0,0,0,0,0,0,0,641,16949,3060,226,35
"30310512000","Gói Grenade Beast","Rương kho báu","Rương kho báu","","","Orange","","",16883,11164,5719,0,0,0,0,0,0,0,0,0,0,0,0,0,0,0,0,0,0,0,0,0,0,0,0,0,0,0,0,0,0,0,0,0,0,0,0,0,0,0,0,0,0,0,0,0,0,0,0,0,0,0,0,0,0,0,0,0,0,0,0,0,0,0,0,0,16781,2470,206,32
"10415002006","M12S-Titanium Beast","Vũ khí chính","SMG","SMG","SMG","Gold VVIP","","",16288,0,0,10593,4849,0,0,690,156,0,0,0,0,0,0,0,399,183,85,65,61,53,0,0,0,94,193,65,47,47,35,28,23,22,16,12,9,12,15,14,19,8,8,12,11,6,10,6,10,10,6,10,14,8,9,7,7,15,8,7,7,5,6,5,0,0,0,0,16004,4794,296,37
"10703049006","B.C Axe-Autumn-Alpha","Cận chiến","Melee","Melee","Cận chiến","Gold VVIP","","",16266,0,0,0,0,0,0,5724,10542,0,0,0,0,0,0,0,0,0,0,10414,3207,1931,714,0,0,0,0,0,0,0,0,0,0,0,0,0,0,0,0,0,0,0,0,1,5723,1703,1011,818,621,537,534,411,411,399,649,442,361,333,303,273,300,274,243,205,186,204,159,165,16266,3082,235,34
"32401030000","Trang Sức Xiang","Biến đổi vũ khí","Trang sức","","","C","","",16266,0,0,0,0,0,0,5724,10542,0,0,0,0,0,0,0,0,0,0,10414,3207,1931,714,0,0,0,0,0,0,0,0,0,0,0,0,0,0,0,0,0,0,0,0,1,5723,1703,1011,818,621,537,534,411,411,399,649,442,361,333,303,273,300,274,243,205,186,204,159,165,16266,3082,235,34
"32501078000","Sơn Xịt Yun Youyou","Biến đổi vũ khí","Sơn xịt","","","B","","",16171,0,0,0,14414,1757,0,0,0,152,0,0,0,0,0,0,0,0,0,0,0,0,0,0,0,0,0,0,0,0,0,0,0,0,0,0,0,0,0,0,0,0,0,0,0,0,0,0,0,0,0,0,0,0,0,0,0,0,0,0,0,0,0,0,0,0,0,0,5152,2438,234,30
"32101008000","Búp Bê Ghost-Guardian","Biến đổi vũ khí","Búp Bê","","","B","","",16145,0,0,0,0,0,0,4128,12017,0,0,0,0,0,0,0,0,0,3,10157,3322,1950,713,0,0,0,0,0,0,0,0,0,0,0,0,0,0,0,0,3,0,0,0,1,4124,2349,1371,987,712,613,569,436,425,415,665,446,366,337,303,280,299,283,239,209,186,201,164,162,16131,3075,234,34
"32501079000","Sơn Xịt Yumo Dynamic Spray Paint","Biến đổi vũ khí","Sơn xịt","","","B","","",16128,0,0,0,0,0,0,15679,449,0,0,0,0,0,0,6054,6332,2006,1035,701,0,0,0,1530,1171,936,620,474,537,479,381,306,323,224,160,133,193,117,127,133,146,157,162,138,114,121,101,72,85,70,0,0,0,0,0,0,0,0,0,0,0,0,0,0,0,0,0,0,11209,1821,143,28
"10703050006","B.C Axe-Autumn","Cận chiến","Melee","Melee","Cận chiến","Gold VVIP","","",16118,0,0,0,0,0,0,4125,11993,0,0,0,0,0,0,0,0,0,0,10156,3305,1948,709,0,0,0,0,0,0,0,0,0,0,0,0,0,0,0,0,0,0,0,0,1,4124,2349,1371,986,712,613,569,436,425,402,663,445,365,336,303,279,299,283,239,209,186,201,164,158,16118,3073,234,34
"10110004006","M14EBR-Born Beast-Alpha","Vũ khí chính","Rifle","Rifle","Súng trường khác","Gold V","","",16091,170,997,282,0,1,59,14016,566,0,1,0,0,4,55,595,2083,3969,6300,1236,199,126,74,245,256,276,307,329,448,654,521,470,524,529,595,676,1113,969,928,868,855,775,792,902,167,44,33,34,24,32,37,36,28,35,24,24,15,17,16,19,18,19,20,17,18,19,17,20,15944,2542,205,29
"10101139006","AK47-Comic","Vũ khí chính","Rifle","Rifle","AK47","Purple","","",15910,0,0,15025,885,0,0,0,0,0,0,0,0,0,0,0,0,0,0,0,0,0,0,0,0,0,0,0,0,0,0,0,0,0,0,0,0,0,0,0,0,0,0,0,0,0,0,0,0,0,0,0,0,0,0,0,0,0,0,0,0,0,0,0,0,0,0,0,15827,1736,115,26
"30460062000","Thẻ Battle Pass 2500 S2","Vật liệu","Thẻ điểm kinh nghiệm BP","","","Orange","","",15741,0,0,0,10646,5094,0,1,0,94,0,0,0,0,0,0,1,0,0,0,0,0,0,0,0,0,0,0,1,0,0,0,0,0,0,0,0,0,0,0,0,0,0,0,0,0,0,0,0,0,0,0,0,0,0,0,0,0,0,0,0,0,0,0,0,0,0,0,13207,1494,75,13
"30121077001","Biểu tượng hạ gục S4【Huyền Thoại】","Cá nhân hóa","Biểu tượng ","","","Orange","","",15585,0,0,0,0,0,0,0,15585,0,0,0,0,0,0,0,0,0,0,901,5024,6183,3477,0,0,0,0,0,0,0,0,0,0,0,0,0,0,0,0,0,0,0,0,0,0,16,86,121,276,402,524,672,697,791,750,771,819,781,927,856,902,900,890,927,831,888,881,877,15585,3125,168,29
"10703020006","Phoenix B.C Axe","Cận chiến","Melee","Melee","Cận chiến","Purple","","",15385,0,0,0,0,0,0,281,15104,0,0,0,0,0,0,0,0,0,2,3667,4618,4479,2619,0,0,0,0,0,0,0,0,0,0,0,0,0,0,0,0,0,2,0,0,3,276,559,651,630,716,832,708,703,664,690,574,636,643,612,663,599,612,640,622,731,633,677,641,668,15378,127,5,1
"34001058000","Cầu Vai Yumo Purple-Gold","Thời Trang","Cầu vai","","","A","","",15315,0,0,0,0,0,0,15048,267,0,0,0,0,0,0,7060,5790,1296,722,447,0,0,0,1373,1281,961,475,310,313,288,248,198,210,121,142,89,148,86,88,115,109,96,80,102,78,83,71,28,50,35,0,0,0,0,0,0,0,0,0,0,0,0,0,0,0,0,0,0,10253,2510,185,33
"10105001006","AN94","Vũ khí chính","Rifle","Rifle","Súng trường khác","Green","","",15179,5868,3901,1654,1233,935,708,567,313,203,187,205,150,151,119,128,128,114,161,76,63,118,92,26,17,10,12,23,24,16,22,8,15,13,20,20,19,15,25,23,23,23,33,28,8,4,5,8,13,10,6,10,12,7,5,10,13,14,13,17,14,20,19,21,17,23,24,28,14765,382,33,9
"32401151000","Trang Sức Chiến Công Hiển Hách","Biến đổi vũ khí","Trang sức","","","A","","",15019,0,0,13,3323,11204,59,346,74,0,2,0,54,2,1,86,150,57,22,59,15,22,9,47,15,33,34,11,8,7,8,4,15,13,3,7,2,3,7,3,6,1,0,4,27,7,7,6,6,2,1,1,3,3,1,3,3,3,6,0,4,0,3,6,0,2,2,5,9952,997,274,36
"30121082001","Biểu tượng hạ gục S-I【D】","Cá nhân hóa","Biểu tượng ","","","Blue","","",15000,0,0,0,0,0,0,10,14990,0,0,0,0,0,0,0,0,0,0,1718,5825,4905,2552,0,0,0,0,0,0,0,0,0,0,0,0,0,0,0,0,0,0,0,0,0,10,89,143,324,506,646,726,895,846,870,892,824,772,720,751,711,619,606,740,758,689,694,623,546,15000,803,48,10
"10102103006","M4A1-S-Gold Phoenix","Vũ khí chính","Rifle","Rifle","M4A1","Purple","","",14850,0,0,0,0,0,0,2,14848,0,0,0,0,0,0,0,0,0,2,162,6640,5211,2835,0,0,0,0,0,0,0,0,0,0,0,0,0,0,0,1,1,0,0,0,0,0,0,0,5,39,118,947,855,881,1087,1055,949,866,765,772,722,736,656,772,788,721,748,719,647,14849,974,54,10
"32301097000","Sticker: Continue Hologram","Biến đổi vũ khí","Sticker","","","B","","",14547,0,0,12451,2096,0,0,0,0,0,0,0,0,0,0,0,0,0,0,0,0,0,0,0,0,0,0,0,0,0,0,0,0,0,0,0,0,0,0,0,0,0,0,0,0,0,0,0,0,0,0,0,0,0,0,0,0,0,0,0,0,0,0,0,0,0,0,0,3616,1300,194,34
"10101082006","AK47-Invincible Dragon","Vũ khí chính","Rifle","Rifle","AK47","Orange","","",14442,0,0,0,0,310,4146,8293,1693,0,535,497,650,1301,1473,1579,1411,1256,3689,927,541,382,201,255,205,184,198,166,173,199,180,200,169,166,151,191,203,314,987,725,536,487,437,290,68,125,113,99,106,126,89,118,96,52,63,65,58,54,69,48,41,61,54,55,55,57,49,40,14354,691,75,16
"30310537000","Rương 800 Gem","Rương kho báu","Rương kho báu","","","Orange","","",14279,1825,1890,2588,2783,1993,1298,818,1084,311,342,270,438,260,178,173,248,155,121,675,263,218,49,37,25,46,23,32,23,23,25,20,20,29,18,20,12,15,19,18,23,18,16,11,110,102,212,101,72,67,44,34,30,35,40,40,40,37,39,41,26,33,18,24,19,20,10,0,9636,4891,317,37
"32001004000","AK47-Iron Beast-Pink","Biến đổi vũ khí","Hiệu ứng ánh sáng","","","C","","",14203,1462,4717,3317,2236,1110,647,402,312,186,324,177,128,125,86,97,83,81,103,95,86,105,64,4,17,12,10,13,13,7,15,8,17,13,8,13,16,18,10,11,17,12,19,21,17,10,7,12,15,13,16,7,17,10,14,7,15,21,6,16,13,17,16,16,12,18,21,13,13767,401,33,6
"32101022000","DJ Meo","Biến đổi vũ khí","Búp Bê","","","C","","",14159,0,9759,1759,101,0,0,2147,393,0,0,0,0,0,0,0,469,1081,441,296,200,53,0,0,0,127,179,88,75,58,37,30,309,345,218,84,67,97,86,54,69,35,33,81,75,32,32,29,35,12,25,29,26,26,39,32,23,7,9,10,13,5,3,6,0,0,0,0,10289,2274,213,31
"31980113201","Molotov-Ranger-Frost","Biến đổi vũ khí","Skin","","","C","","",14019,0,4653,1954,126,0,0,6215,1071,0,0,0,0,0,0,0,2407,2707,871,635,475,191,0,0,0,900,939,356,212,218,164,106,887,783,317,232,148,147,141,133,109,103,90,108,122,102,91,82,73,57,42,62,72,30,114,105,50,46,17,29,27,33,22,17,0,0,0,0,9144,4063,298,37
"10101166006","AK47-Legendary Red","Vũ khí chính","Rifle","Rifle","AK47","Gold V","","",13793,16,2,0,13771,4,0,0,0,0,0,0,0,0,0,0,0,0,0,0,0,0,0,0,0,0,0,0,0,0,0,0,0,0,0,0,0,0,0,0,0,0,0,0,0,0,0,0,0,0,0,0,0,0,0,0,0,0,0,0,0,0,0,0,0,0,0,0,13787,2007,137,27
"32001109000","M4A1-Predator-White","Biến đổi vũ khí","Hiệu ứng ánh sáng","","","C","","",13735,2553,5347,2649,1697,560,463,200,266,101,143,173,74,83,55,50,39,44,45,85,68,92,43,7,4,6,9,1,9,7,7,5,4,7,6,8,8,10,3,8,4,10,2,6,16,15,13,11,13,11,12,12,6,10,6,9,13,10,4,16,10,25,16,11,9,13,11,10,13454,274,15,6
"10109008006","9A91-Predator","Vũ khí chính","Rifle","Rifle","Súng trường khác","Gold V","","",13593,0,0,0,0,0,0,0,13593,0,0,0,0,0,0,0,0,0,0,0,0,9329,4264,0,0,0,0,0,0,0,0,0,0,0,0,0,0,0,0,0,0,0,0,0,0,0,0,0,0,0,0,0,0,0,0,0,0,0,0,0,1747,3921,1965,1696,1476,1026,936,826,13580,976,91,21
"10101234006","AK47-Pterosaur","Vũ khí chính","Rifle","Rifle","AK47","Gold VVIP","","",12985,0,5012,7475,498,0,0,0,0,0,0,0,0,0,0,0,0,0,0,0,0,0,0,0,0,0,0,0,0,0,0,0,0,0,0,0,0,0,0,0,0,0,0,0,0,0,0,0,0,0,0,0,0,0,0,0,0,0,0,0,0,0,0,0,0,0,0,0,12288,3649,256,33
"30135073000","Ảnh Đại Diện Giải Đấu-Thắng Lợi","Cá nhân hóa","Avatar","","","Orange","","",12790,0,0,0,0,0,7615,5175,0,0,0,0,4634,0,2981,0,2698,0,2477,0,0,0,0,0,0,0,0,1640,1058,0,0,0,0,0,0,0,0,0,0,0,0,1504,973,0,0,0,0,0,0,0,0,0,0,0,0,0,0,0,0,0,0,0,0,0,0,0,0,0,10106,1148,69,8
"10120012006","QBZ03-Predator","Vũ khí chính","Rifle","Rifle","Súng trường khác","Gold V","","",12729,2,0,0,0,0,0,18,12709,0,0,0,0,0,0,0,0,0,0,54,300,5311,7062,0,0,0,0,0,0,0,0,0,0,0,0,0,0,0,0,0,0,0,0,0,18,12,8,5,6,5,7,7,10,22,33,82,139,249,325,452,654,954,1210,1467,1758,1728,1811,1765,12714,1791,101,15
"10602006006","Desert Eagle-Chaos Dragon","Vũ khí phụ","Pistol","Secondary","Súng lục","Purple","","",12604,0,2303,2804,2,4052,2195,608,640,1,5560,357,150,103,73,37,30,28,19,778,152,138,66,1,14,3,3,9,0,2,7,4,3,3,3,6,0,1,3,5,7,2,1,7,487,100,53,61,42,28,27,28,18,22,22,22,13,23,17,14,21,21,23,19,19,17,17,13,9414,568,20,3
"37209001000","Đường Sniper-Prime II","Biến đổi vũ khí","Sniper rifle line","","","B","","",12361,0,0,0,0,12361,0,0,0,2784,1070,0,0,0,0,0,0,0,0,0,0,0,0,0,0,0,0,0,0,0,0,0,0,0,0,0,0,0,0,0,0,0,0,0,0,0,0,0,0,0,0,0,0,0,0,0,0,0,0,0,0,0,0,0,0,0,0,0,12230,3105,240,35
"30460050000","Thẻ Battle Pass 300 S2","Vật liệu","Thẻ điểm kinh nghiệm BP","","","Purple","","",12066,0,0,0,0,11628,0,386,52,1169,82,0,0,0,0,0,252,66,41,39,21,19,0,0,0,114,85,29,24,25,9,6,13,6,5,2,2,3,1,10,16,6,3,12,15,2,5,5,0,0,2,0,9,0,8,0,2,8,0,3,0,0,7,1,0,0,0,0,4300,2325,234,35
"30117356001","Khung Top 500 S2 [Truyền Kỳ]","Cá nhân hóa","Khung","","","Orange","","",11424,0,0,0,1974,4449,3147,779,1075,149,4556,1253,683,270,144,106,62,52,47,997,338,196,56,12,11,5,11,7,13,9,9,6,9,5,3,11,8,5,6,11,5,9,3,4,508,158,104,80,71,72,38,60,54,47,46,46,47,40,31,27,24,30,18,26,17,12,11,16,2672,832,68,16
"30310555000","Quà Ném Chiến Hồn Đấu Trường","Rương kho báu","Rương kho báu","","","Orange","","",11250,0,2010,7453,1787,0,0,0,0,0,0,0,0,0,0,0,0,0,0,0,0,0,0,0,0,0,0,0,0,0,0,0,0,0,0,0,0,0,0,0,0,0,0,0,0,0,0,0,0,0,0,0,0,0,0,0,0,0,0,0,0,0,0,0,0,0,0,0,11185,2052,188,31
"10802047001","Flashbang-Tournament Spirit","Vật phóng","Grenade","Utility","Đặc biệt","Gold VVIP","","",11215,0,1986,7416,1805,3,2,3,0,0,1,0,2,0,0,1,1,0,1,0,0,0,0,0,0,0,0,0,0,0,0,0,0,0,0,0,0,0,0,0,0,1,0,0,0,0,0,0,0,0,0,0,0,0,0,0,0,0,0,0,0,0,0,0,0,0,0,0,11155,2049,188,31
"10803035001","Smoke-Tournament Spirit","Vật phóng","Grenade","Utility","Đặc biệt","Gold VVIP","","",11215,0,1986,7416,1805,3,2,3,0,0,1,0,2,0,0,1,1,0,1,0,0,0,0,0,0,0,0,0,0,0,0,0,0,0,0,0,0,0,0,0,0,1,0,0,0,0,0,0,0,0,0,0,0,0,0,0,0,0,0,0,0,0,0,0,0,0,0,0,11155,2049,188,31
"10801133001","Grenade-Tournament Spirit","Vật phóng","Grenade","Utility","Đặc biệt","Gold VVIP","","",11215,0,1986,7416,1805,3,2,3,0,0,1,0,2,0,0,1,1,0,1,0,0,0,0,0,0,0,0,0,0,0,0,0,0,0,0,0,0,0,0,0,0,1,0,0,0,0,0,0,0,0,0,0,0,0,0,0,0,0,0,0,0,0,0,0,0,0,0,0,11155,2049,188,31
"32401031000","Trang Sức Trái Đất","Biến đổi vũ khí","Trang sức","","","C","","",11202,1191,1649,1705,1888,1405,1060,950,1354,269,277,244,305,246,174,264,189,187,137,577,380,373,197,37,33,38,14,25,14,39,34,20,23,23,27,21,23,24,18,23,14,21,14,10,163,89,81,91,73,70,72,43,49,68,49,60,39,52,69,55,54,48,42,53,38,41,56,62,5430,2440,256,36
"32001111000","M4A1-Born Beast-Gray","Biến đổi vũ khí","Hiệu ứng ánh sáng","","","B","","",11061,205,210,134,115,8753,968,427,249,603,384,306,169,188,151,110,100,114,81,59,73,99,40,20,16,11,10,13,17,16,7,22,28,11,18,12,15,11,9,10,11,11,14,9,13,5,6,7,8,11,6,13,14,10,8,11,11,17,13,10,16,15,21,7,7,12,15,6,10715,650,37,7
"32401007000","Trang Sức Cây Nhỏ","Biến đổi vũ khí","Trang sức","","","C","","",10962,1160,1490,1586,1940,1565,959,816,1446,296,335,244,300,164,149,178,172,160,137,562,429,391,233,15,17,24,15,25,29,22,22,18,47,16,15,20,29,17,15,14,10,32,20,13,156,105,95,84,64,45,51,70,31,72,67,71,67,36,78,51,66,56,48,56,34,42,76,81,5386,2350,262,35
"30132217000","Khung đại diện Cá Tháng Tư","Cá nhân hóa","Avatar Frame","","","Orange","","",10902,0,0,0,0,0,0,0,10902,0,0,0,0,0,0,0,0,0,0,7388,3014,482,18,0,0,0,0,0,0,0,0,0,0,0,0,0,0,0,0,0,0,0,0,0,0,2976,1743,1136,932,601,485,450,408,421,471,386,393,391,45,14,1,9,13,9,11,3,1,3,10902,942,44,4
"30135064000","Đại diện Cá Tháng Tư","Cá nhân hóa","Avatar","","","Orange","","",10888,0,0,0,0,0,0,0,10888,0,0,0,0,0,0,0,0,0,0,7339,3075,454,20,0,0,0,0,0,0,0,0,0,0,0,0,0,0,0,0,0,0,0,0,0,0,2947,1731,1154,942,565,519,445,405,427,489,395,395,364,37,14,5,10,12,12,9,5,4,2,10888,936,48,4
"10101089006","AK47-Gold Phoenix","Vũ khí chính","Rifle","Rifle","AK47","Purple","","",10656,0,0,0,0,0,0,2,10654,0,0,0,0,0,0,0,0,0,2,0,4063,4159,2432,0,0,0,0,0,0,0,0,0,0,0,0,0,0,0,1,1,0,0,0,0,0,0,0,0,0,0,402,442,504,680,711,666,658,593,642,568,562,505,593,696,620,645,626,541,10655,736,47,7
"10803015001","Smoke-Ranger","Vật phóng","Grenade","Utility","Đặc biệt","Gold VVIP","","",10645,0,4799,1605,111,0,0,3516,614,0,0,0,0,0,0,0,1242,1584,572,333,268,131,0,0,0,359,529,213,141,119,83,67,516,477,192,130,108,98,86,78,69,67,66,45,73,58,39,29,45,44,32,34,49,28,49,44,32,20,19,23,19,21,11,18,0,0,0,0,8973,3726,293,36
"10704048006","Kukri-Titanium Beast","Cận chiến","Melee","Melee","Cận chiến","Gold VVIP","","",10633,0,0,6964,3669,0,0,0,0,0,0,0,0,0,0,0,0,0,0,0,0,0,0,0,0,0,0,0,0,0,0,0,0,0,0,0,0,0,0,0,0,0,0,0,0,0,0,0,0,0,0,0,0,0,0,0,0,0,0,0,0,0,0,0,0,0,0,0,10547,4122,283,37
"10802017001","Flashbang-Ranger","Vật phóng","Grenade","Utility","Đặc biệt","Gold VVIP","","",10490,0,4795,1564,92,0,0,3429,610,0,0,0,0,0,0,0,1201,1537,568,347,272,114,0,0,0,364,499,187,151,117,85,57,500,476,177,125,110,93,88,76,77,58,66,55,68,59,44,37,47,37,35,37,38,25,63,44,30,17,13,24,19,17,12,12,0,0,0,0,8852,3720,297,36
"10615007006","QSZ92-Angel","Vũ khí phụ","Pistol","Secondary","Súng lục","Gold V","","",10387,0,0,0,0,0,8358,2029,0,0,0,0,5964,1759,635,606,635,425,317,46,0,0,0,89,123,95,88,89,72,92,55,68,62,45,53,50,44,54,54,43,34,38,50,46,0,0,0,0,0,0,0,0,0,0,0,0,0,0,0,0,0,0,0,0,0,0,0,0,8408,2580,204,31
"10602069006","Desert Eagle-Comic","Vũ khí phụ","Pistol","Secondary","Súng lục","Purple","","",10333,0,0,9694,639,0,0,0,0,0,0,0,0,0,0,0,0,0,0,0,0,0,0,0,0,0,0,0,0,0,0,0,0,0,0,0,0,0,0,0,0,0,0,0,0,0,0,0,0,0,0,0,0,0,0,0,0,0,0,0,0,0,0,0,0,0,0,0,10181,1267,94,23
"10102107006","M4A1-S-Gold","Vũ khí chính","Rifle","Rifle","M4A1","Orange","","",10274,0,0,0,0,0,3819,4551,1904,0,0,0,0,2130,1689,1783,1143,742,576,938,569,488,216,160,183,191,192,135,117,116,105,93,113,122,99,94,88,62,76,69,119,65,97,65,242,147,134,148,106,96,85,64,72,83,113,82,70,60,58,59,63,94,87,67,42,45,41,88,8679,1676,121,28
"10101264006","AK47-Titanium Beast","Vũ khí chính","Rifle","Rifle","AK47","Gold VVIP","","",10225,0,0,6637,3588,0,0,0,0,0,0,0,0,0,0,0,0,0,0,0,0,0,0,0,0,0,0,0,0,0,0,0,0,0,0,0,0,0,0,0,0,0,0,0,0,0,0,0,0,0,0,0,0,0,0,0,0,0,0,0,0,0,0,0,0,0,0,0,10159,4145,283,37
"32401120000","Trang Sức Xẻng Sắt Lam","Biến đổi vũ khí","Trang sức","","","C","","",9995,0,0,0,0,0,0,0,9995,0,0,0,0,0,0,0,0,0,0,0,5023,4971,1,0,0,0,0,0,0,0,0,0,0,0,0,0,0,0,0,0,0,0,0,0,0,0,0,0,0,0,0,0,0,436,2061,1387,1139,925,805,824,674,699,577,467,1,0,0,0,9995,472,27,5
"10719007006","Nunchaku-Angel","Cận chiến","Melee","Melee","Cận chiến","Gold V","","",9989,2,0,0,0,0,9260,96,631,0,0,0,0,8821,439,21,20,7,5,217,209,166,82,5,1,2,4,1,1,1,1,2,0,1,0,2,0,3,0,1,1,0,0,0,43,37,31,34,28,44,41,32,31,29,26,30,20,26,26,26,24,18,22,24,21,20,20,21,9988,1276,74,8
"10741007006","Dragon Blade-Fury Beast","Cận chiến","Melee","Melee","Cận chiến","Gold VVIP","","",9968,318,7001,1725,0,924,0,0,0,97,8,0,0,0,0,0,0,0,0,0,0,0,0,0,0,0,0,0,0,0,0,0,0,0,0,0,0,0,0,0,0,0,0,0,0,0,0,0,0,0,0,0,0,0,0,0,0,0,0,0,0,0,0,0,0,0,0,0,9833,3078,257,37
"10101004006","AK47-Chaos Dragon","Vũ khí chính","Rifle","Rifle","AK47","Purple","","",9714,0,978,1320,3,3879,2235,636,663,0,5427,330,139,120,96,33,43,29,27,795,187,127,58,9,9,7,3,6,6,1,8,3,5,4,3,5,2,6,7,2,1,9,0,1,503,107,64,45,42,33,33,35,22,20,15,34,28,23,18,22,11,14,22,17,20,12,13,13,6650,447,19,1
"20129002000","Laura","Nhân vật","Nhân vật","","","Gold V","","",9371,0,0,0,6262,760,1173,1127,49,206,9,0,0,0,1173,542,277,166,113,78,0,0,0,36,54,43,46,32,23,24,26,21,34,22,16,23,11,15,16,21,13,18,19,18,11,16,10,9,8,6,0,0,0,0,0,0,0,0,0,0,0,0,0,0,0,0,0,0,9015,1817,192,34
"31980303401","Smoke-Ranger-Frost","Biến đổi vũ khí","Skin","","","C","","",8954,0,3798,1321,83,0,0,3200,552,0,0,0,0,0,0,0,1038,1551,506,295,267,95,0,0,0,326,415,173,124,97,75,58,546,471,189,115,100,90,72,69,68,54,53,45,60,50,43,31,38,28,27,36,44,25,54,54,27,17,17,14,15,10,8,14,0,0,0,0,7392,3259,278,37
"30460010000","Thẻ Battle Pass 300","Vật liệu","Thẻ điểm kinh nghiệm BP","","","Purple","","",8935,0,0,0,0,0,0,6150,2785,0,0,0,0,0,0,0,3915,1356,620,786,750,754,754,0,0,1242,1617,633,423,398,229,193,159,161,106,110,84,120,123,72,92,70,59,68,191,71,104,116,109,127,94,143,99,94,116,108,96,136,128,147,91,86,96,70,0,0,379,375,3819,1859,197,30
"10705041006","Bladed Knuckles-Pterosaur","Cận chiến","Melee","Melee","Cận chiến","Gold VVIP","","",8929,0,3334,5246,349,0,0,0,0,0,0,0,0,0,0,0,0,0,0,0,0,0,0,0,0,0,0,0,0,0,0,0,0,0,0,0,0,0,0,0,0,0,0,0,0,0,0,0,0,0,0,0,0,0,0,0,0,0,0,0,0,0,0,0,0,0,0,0,8677,2914,238,33
"37210001000","Đường Sniper-Shadow Core","Biến đổi vũ khí","Sniper rifle line","","","B","","",8839,0,0,0,0,0,0,2879,5960,0,0,0,0,0,0,0,0,0,0,6601,1321,678,239,0,0,0,0,0,0,0,0,0,0,0,0,0,0,0,0,0,0,0,0,1,2878,1067,975,735,519,426,370,200,177,122,194,143,115,108,117,89,104,107,84,69,69,65,57,48,6317,1771,177,29
"31234322000","Rương Hiệu Ứng Ánh Sáng M4A1-Ranger","Phiếu trải nghiệm","Thẻ tự chọn","","","Orange","","",8838,0,5731,1705,125,0,0,969,308,0,0,0,0,0,0,0,0,652,262,187,176,0,0,0,0,0,0,0,0,0,0,0,221,241,121,69,60,31,43,31,31,39,27,23,32,44,31,29,18,10,19,29,14,16,32,39,27,0,0,0,0,0,0,0,0,0,0,0,7007,1759,165,25
"31980204601","Flashbang-Ranger-Frost","Biến đổi vũ khí","Skin","","","C","","",8770,0,3751,1329,71,0,0,3076,543,0,0,0,0,0,0,0,993,1459,507,307,254,99,0,0,0,323,377,167,126,89,69,53,492,463,175,118,102,84,79,70,68,52,52,53,64,43,40,45,36,26,36,34,42,22,56,40,24,19,15,15,16,11,13,10,0,0,0,0,7265,3183,278,37
"30117376001","Khung S4【Thần Thoại】","Cá nhân hóa","Khung","","","Orange","","",8706,0,0,0,0,0,0,0,8706,0,0,0,0,0,0,0,0,0,0,112,2432,3726,2436,0,0,0,0,0,0,0,0,0,0,0,0,0,0,0,0,0,0,0,0,0,0,0,0,10,31,71,125,232,317,390,380,484,504,511,505,515,512,519,568,596,576,605,619,636,7472,2176,133,27
"30460021000","Thẻ Battle Pass 1500","Vật liệu","Thẻ điểm kinh nghiệm BP","","","Orange","","",8643,536,4057,959,0,1029,1889,173,0,0,1336,584,439,305,254,173,0,0,0,0,0,0,0,0,0,0,0,0,0,0,0,0,0,0,0,0,0,0,0,0,0,0,0,0,0,0,0,0,0,0,0,0,0,0,0,0,0,0,0,0,0,0,0,0,0,0,0,0,7755,2517,247,34
"32001119000","B.C Axe-Iron Beast-Red","Biến đổi vũ khí","Hiệu ứng ánh sáng","","","C","","",8437,1301,1894,1711,1407,903,590,317,314,172,218,176,115,93,86,82,65,70,66,105,80,89,74,6,10,11,7,6,12,7,5,10,16,11,7,14,11,8,9,7,9,8,14,8,26,21,11,13,11,15,11,17,6,16,8,13,9,11,11,10,11,16,14,16,23,12,19,20,8202,425,14,6
"33501303000","Đá Luân Hồi","Xu Đổi Thưởng","Xu Đổi Thưởng","","","Orange","","",8357,677,3455,1516,0,1323,1263,123,0,0,1608,429,210,168,171,123,0,0,0,0,0,0,0,0,0,0,0,0,0,0,0,0,0,0,0,0,0,0,0,0,0,0,0,0,0,0,0,0,0,0,0,0,0,0,0,0,0,0,0,0,0,0,0,0,0,0,0,0,1706,1190,288,37
"34001066000","Cầu Vai Wu Mengmeng Purple-Gold","Thời trang","Cầu vai","","","A","","",8279,0,0,0,0,0,0,0,8279,0,0,0,0,0,0,0,0,0,0,0,4630,3097,552,0,0,0,0,0,0,0,0,0,0,0,0,0,0,0,0,0,0,0,0,0,0,0,0,0,0,0,0,0,0,934,2139,902,655,456,411,466,520,529,433,282,174,126,136,116,6086,1540,150,27
"32101049000","Búp Bê Yun Youyou","Biến đổi vũ khí","Búp Bê","","","S","","",8265,0,0,0,7271,994,0,0,0,87,0,0,0,0,0,0,0,0,0,0,0,0,0,0,0,0,0,0,0,0,0,0,0,0,0,0,0,0,0,0,0,0,0,0,0,0,0,0,0,0,0,0,0,0,0,0,0,0,0,0,0,0,0,0,0,0,0,0,4992,2895,279,37
"32001130000","M4A1-Ranger-Purple","Biến đổi vũ khí","Hiệu ứng ánh sáng","","","C","","",7982,0,3203,1996,380,210,318,1394,481,41,163,103,64,32,28,165,78,722,356,219,219,80,36,12,8,12,14,5,13,9,7,7,234,250,130,85,77,51,45,60,37,49,37,32,41,34,37,23,25,27,20,37,20,24,60,28,30,12,9,10,13,9,15,12,6,10,11,9,7120,2418,179,25
"10702087006","Butterfly Knife-El Dorado","Cận chiến","Melee","Melee","Cận chiến","Gold V","","",7977,0,0,718,590,500,504,4599,1066,55,44,39,377,42,23,1691,1417,955,326,601,301,271,103,123,108,421,304,171,140,136,114,106,188,210,120,81,65,44,36,40,79,42,20,50,160,97,82,95,65,52,39,45,48,34,60,42,33,39,41,30,44,57,26,34,23,18,22,40,6326,5902,302,37
"10628008006","MK23-Dilophosaurus","Vũ khí phụ","Pistol","Secondary","Súng lục","Gold VVIP","","",7785,0,0,0,0,0,0,0,7785,0,0,0,0,0,0,0,0,0,0,4498,2037,871,379,0,0,0,0,0,0,0,0,0,0,0,0,0,0,0,0,0,0,0,0,0,0,0,1542,1816,693,447,383,305,265,270,424,223,167,157,111,168,123,124,100,88,108,95,88,88,6868,3094,220,32
"32501082000","Sơn Xịt Wu Mengmeng","Biến đổi vũ khí","Sơn xịt","","","B","","",7748,0,0,0,0,0,0,0,7748,0,0,0,0,0,0,0,0,0,0,0,4421,2814,513,0,0,0,0,0,0,0,0,0,0,0,0,0,0,0,0,0,0,0,0,0,0,0,0,0,0,0,0,0,0,934,2052,799,636,494,401,336,435,482,383,283,170,92,108,143,5593,989,114,21
"10101120006","AK47-Night Stalker","Vũ khí chính","Rifle","Rifle","AK47","Orange","","",7732,0,0,0,0,0,0,66,7666,0,0,0,0,0,0,0,0,0,2,1487,2438,2409,1396,0,0,0,0,0,0,0,0,0,0,0,0,0,0,0,0,0,1,0,1,2,62,177,303,272,327,344,369,365,343,358,309,328,366,358,324,283,350,338,367,389,338,342,360,356,7729,100,3,1
"10614011006","COP 357-Titanium Beast","Vũ khí phụ","Pistol","Secondary","Súng lục","Gold VVIP","","",7719,0,0,4787,2932,0,0,0,0,0,0,0,0,0,0,0,0,0,0,0,0,0,0,0,0,0,0,0,0,0,0,0,0,0,0,0,0,0,0,0,0,0,0,0,0,0,0,0,0,0,0,0,0,0,0,0,0,0,0,0,0,0,0,0,0,0,0,0,7661,3752,280,37
"10614007006","COP 357-Royal Blue Gold Dragon","Vũ khí phụ","Pistol","Secondary","Súng lục","Orange","","",7659,0,0,0,0,0,5924,1735,0,0,0,0,4197,1229,498,494,535,378,294,34,0,0,0,76,109,70,89,69,60,74,45,49,57,59,49,45,58,35,52,26,31,44,48,34,0,0,0,0,0,0,0,0,0,0,0,0,0,0,0,0,0,0,0,0,0,0,0,0,5883,3345,242,33
"10102041006","M4A1-Ranger","Vũ khí chính","Rifle","Rifle","M4A1","Gold VVIP","","",7556,0,2748,1669,112,0,0,2475,552,0,0,0,0,0,0,0,0,1904,466,343,314,0,0,0,0,0,0,0,0,0,0,0,840,681,234,149,99,81,69,63,57,45,52,33,72,65,47,45,45,36,39,36,33,31,85,62,28,0,0,0,0,0,0,0,0,0,0,0,7445,4287,302,37
"10633002006","MAC-10-Pterosaur","Vũ khí phụ","Pistol","Secondary","Súng lục","Gold VVIP","","",7536,0,3058,4201,277,0,0,0,0,0,0,0,0,0,0,0,0,0,0,0,0,0,0,0,0,0,0,0,0,0,0,0,0,0,0,0,0,0,0,0,0,0,0,0,0,0,0,0,0,0,0,0,0,0,0,0,0,0,0,0,0,0,0,0,0,0,0,0,7234,2517,218,31
"30121080001","Biểu tượng hạ gục S4【Thần Thoại】","Cá nhân hóa","Biểu tượng ","","","Orange","","",7472,0,0,0,0,0,0,0,7472,0,0,0,0,0,0,0,0,0,0,99,1971,3245,2157,0,0,0,0,0,0,0,0,0,0,0,0,0,0,0,0,0,0,0,0,0,0,0,0,9,29,61,115,198,273,316,300,377,392,423,451,453,451,466,486,515,511,539,543,564,7472,2176,133,27
"31234375000","Rương hiệu ứng ánh sáng M4A1-Iron Beast","Phiếu trải nghiệm","Thẻ tự chọn","","","Orange","","",7405,0,0,0,4544,2861,0,0,0,617,76,0,0,0,0,0,0,0,0,0,0,0,0,0,0,0,0,0,0,0,0,0,0,0,0,0,0,0,0,0,0,0,0,0,0,0,0,0,0,0,0,0,0,0,0,0,0,0,0,0,0,0,0,0,0,0,0,0,4505,1441,121,17
"10102071006","M4A1-Anubis","Vũ khí chính","Rifle","Rifle","M4A1","Gold VVIP","","",7345,1108,1240,1114,1211,886,640,449,697,144,174,146,155,146,109,107,108,78,69,302,209,188,85,13,20,19,19,10,9,21,7,12,16,10,3,9,13,7,8,11,7,16,7,6,81,50,53,43,31,38,19,32,31,23,44,29,31,29,29,21,35,33,19,22,18,21,19,27,5253,2350,254,34
"32401027000","Trang Sức Lá Phong","Biến đổi vũ khí","Trang sức","","","C","","",7279,0,0,0,4,4831,1329,761,354,598,630,311,288,290,227,243,172,151,153,129,106,111,50,19,34,28,26,28,19,24,24,22,15,26,21,19,25,22,17,17,17,30,25,21,21,24,15,11,17,20,8,14,22,12,19,12,19,12,10,17,17,13,19,23,9,11,14,16,7279,579,51,8
"32401065000","Trang Sức Continue","Biến đổi vũ khí","Trang sức","","","C","","",7164,0,0,6180,984,0,0,0,0,0,0,0,0,0,0,0,0,0,0,0,0,0,0,0,0,0,0,0,0,0,0,0,0,0,0,0,0,0,0,0,0,0,0,0,0,0,0,0,0,0,0,0,0,0,0,0,0,0,0,0,0,0,0,0,0,0,0,0,2784,1111,173,32
"30117365001","Khung Top 500 S3【Thần Thoại】","Cá nhân hóa","Khung","","","Orange","","",7155,0,0,0,0,0,1803,2482,2870,0,0,487,832,293,191,159,120,97,105,3401,973,393,104,12,22,18,17,15,19,14,15,12,15,18,11,12,20,17,9,18,18,15,8,6,1995,436,328,236,209,191,166,173,134,167,107,122,104,80,64,66,45,55,36,47,31,29,19,25,2290,897,74,19
"20111001000","White Wolf","Nhân vật","Nhân vật","","","Purple","","",7140,0,0,0,0,205,4370,2050,515,0,822,1287,1029,797,640,569,424,450,438,311,169,137,67,60,63,52,58,66,60,67,54,61,70,64,60,74,50,63,46,60,60,63,96,119,50,22,28,36,27,29,21,26,27,28,22,19,26,24,20,15,29,20,12,17,12,18,14,23,6687,446,24,3
"32001132000","M4A1-Ranger-Red","Biến đổi vũ khí","Hiệu ứng ánh sáng","","","C","","",7124,0,2574,1837,315,243,392,1390,373,31,215,164,59,33,23,170,67,773,320,205,158,50,20,10,11,12,6,2,7,7,6,5,224,296,128,107,63,55,52,44,38,32,36,33,27,32,22,25,41,25,16,24,22,14,35,24,23,10,4,6,11,6,8,5,8,5,3,4,6505,2287,159,21
"32101072000","Búp Bê Ragnarok","Biến đổi vũ khí","Búp Bê","","","A","","",7099,1002,2241,400,0,1905,847,0,704,134,891,317,182,112,0,0,0,0,0,0,0,547,157,0,0,0,0,0,0,0,0,0,0,0,0,0,0,0,0,0,0,0,0,0,0,0,0,0,0,0,0,0,0,0,0,0,0,0,0,0,114,231,118,84,49,42,35,31,5936,2491,227,33
"30117380001","Khung S-I【C】","Cá nhân hóa","Khung","","","Purple","","",7065,0,0,0,0,0,0,0,7065,0,0,0,0,0,0,0,0,0,0,416,2340,2608,1701,0,0,0,0,0,0,0,0,0,0,0,0,0,0,0,0,0,0,0,0,0,0,19,25,66,118,188,231,295,301,373,384,401,355,340,321,334,375,339,420,479,443,466,424,368,6519,431,26,6
"10601008006","USP-Fury Beast","Vũ khí phụ","Pistol","Secondary","Súng lục","Gold VVIP","","",6993,240,5334,1419,0,0,0,0,0,0,0,0,0,0,0,0,0,0,0,0,0,0,0,0,0,0,0,0,0,0,0,0,0,0,0,0,0,0,0,0,0,0,0,0,0,0,0,0,0,0,0,0,0,0,0,0,0,0,0,0,0,0,0,0,0,0,0,0,6948,2378,208,33
"30460020000","Thẻ Battle Pass 2000","Vật liệu","Thẻ điểm kinh nghiệm BP","","","Orange","","",6949,0,0,0,0,0,0,4340,2609,0,0,0,0,0,0,2193,1624,364,125,111,1516,887,129,408,294,262,158,96,98,85,73,56,57,41,22,30,26,16,21,6,24,10,22,6,28,19,20,17,14,7,0,0,0,369,670,282,195,145,140,125,140,136,104,97,40,32,32,25,5635,1240,122,26
"10413004006","P90-Rabbit","Vũ khí chính","SMG","SMG","SMG","Gold V","","",6849,0,0,0,0,0,0,2,6847,0,0,0,0,0,0,0,0,0,2,0,1920,3133,1794,0,0,0,0,0,0,0,0,0,0,0,0,0,0,0,1,1,0,0,0,0,0,0,0,0,0,0,85,167,201,310,328,411,418,438,440,461,427,426,453,488,448,492,437,417,6848,524,32,6
"31910209601","M4A1-Ranger-Frost","Biến đổi vũ khí","Skin","","","C","","",6823,0,2330,1547,98,0,0,2327,521,0,0,0,0,0,0,0,0,1751,470,325,302,0,0,0,0,0,0,0,0,0,0,0,761,621,229,140,102,79,77,64,60,33,55,37,69,65,46,37,40,31,40,42,31,32,77,53,27,0,0,0,0,0,0,0,0,0,0,0,6693,3966,300,37
"34001041000","Kẹp Tóc Yun Youyou","Thời trang","Mũ","","","B","","",6727,0,0,0,6015,712,0,0,0,56,0,0,0,0,0,0,0,0,0,0,0,0,0,0,0,0,0,0,0,0,0,0,0,0,0,0,0,0,0,0,0,0,0,0,0,0,0,0,0,0,0,0,0,0,0,0,0,0,0,0,0,0,0,0,0,0,0,0,3433,1705,158,22
"10703042006","Ancient Axe","Cận chiến","Melee","Melee","Cận chiến","Gold V","","",6653,0,0,0,0,161,4131,1869,492,0,722,1230,953,765,622,519,418,366,430,277,173,103,75,64,58,61,65,55,51,53,55,50,57,43,60,48,46,58,47,61,75,58,85,103,33,27,32,19,30,33,29,26,20,24,20,20,34,10,10,16,20,16,15,16,12,18,25,20,6248,428,21,4
"31234314000","Rương Hiệu Ứng Ánh Sáng AK47-Beast","Phiếu trải nghiệm","Thẻ tự chọn","","","Orange","","",6649,1167,3140,575,0,82,1685,0,0,0,455,526,400,240,146,0,0,0,0,0,0,0,0,0,0,0,0,0,0,0,0,0,0,0,0,0,0,0,0,0,0,0,0,0,0,0,0,0,0,0,0,0,0,0,0,0,0,0,0,0,0,0,0,0,0,0,0,0,5070,1394,118,18
"32401143000","Phụ Kiện Biến Đổi HeartShot","Biến đổi vũ khí","Trang sức","","","S","","",6451,0,0,0,5745,706,0,0,0,50,0,0,0,0,0,0,0,0,0,0,0,0,0,0,0,0,0,0,0,0,0,0,0,0,0,0,0,0,0,0,0,0,0,0,0,0,0,0,0,0,0,0,0,0,0,0,0,0,0,0,0,0,0,0,0,0,0,0,3355,1672,172,22
"31910215401","M4A1-Iron Beast-Heroic Battlegear","Biến đổi vũ khí","Skin","","","C","","",6422,0,0,0,0,0,12,1941,4469,0,1,0,0,3,8,61,185,235,483,2776,1319,890,461,17,22,35,34,24,29,34,41,20,37,27,27,49,78,58,62,58,84,70,73,70,907,613,457,304,226,199,255,175,149,169,205,192,174,185,119,122,124,116,106,118,153,137,86,85,6422,1807,97,14
"10202064006","Barrett M82A1-Titanium Beast","Vũ khí chính","Sniper","Sniper","Barrett","Gold VVIP","","",6329,0,0,3924,2405,0,0,0,0,0,0,0,0,0,0,0,0,0,0,0,0,0,0,0,0,0,0,0,0,0,0,0,0,0,0,0,0,0,0,0,0,0,0,0,0,0,0,0,0,0,0,0,0,0,0,0,0,0,0,0,0,0,0,0,0,0,0,0,6299,3139,261,34
"10702034006","I.A. Sword-Armoured Beast","Cận chiến","Melee","Melee","Cận chiến","Gold VVIP","","",6253,4180,2073,0,0,0,0,0,0,0,0,0,0,0,0,0,0,0,0,0,0,0,0,0,0,0,0,0,0,0,0,0,0,0,0,0,0,0,0,0,0,0,0,0,0,0,0,0,0,0,0,0,0,0,0,0,0,0,0,0,0,0,0,0,0,0,0,0,6224,1121,135,28
"30460060000","Thẻ Battle Pass 2000 S2","Vật liệu","Thẻ điểm kinh nghiệm BP","","","Orange","","",6182,0,0,0,5547,635,0,0,0,68,0,0,0,0,0,0,0,0,0,0,0,0,0,0,0,0,0,0,0,0,0,0,0,0,0,0,0,0,0,0,0,0,0,0,0,0,0,0,0,0,0,0,0,0,0,0,0,0,0,0,0,0,0,0,0,0,0,0,3450,1693,175,31
"10101156006","AK47-Tào Tháo","Vũ khí chính","Rifle","Rifle","AK47","Red","","",6178,0,0,0,0,0,4550,1628,0,0,0,0,2920,1179,451,463,514,350,268,33,0,0,0,77,106,80,73,59,68,80,38,48,51,59,40,34,56,35,46,31,33,34,33,33,0,0,0,0,0,0,0,0,0,0,0,0,0,0,0,0,0,0,0,0,0,0,0,0,6006,3873,287,37
"10602038006","Desert Eagle-Ranger","Vũ khí phụ","Pistol","Secondary","Súng lục","Gold VVIP","","",6101,0,2249,1429,93,0,0,1939,391,0,0,0,0,0,0,0,0,1428,433,254,215,0,0,0,0,0,0,0,0,0,0,0,591,527,202,108,97,69,61,65,54,44,43,30,48,45,33,36,32,30,25,22,29,19,62,41,17,0,0,0,0,0,0,0,0,0,0,0,5767,3634,293,36
"10705005006","Knuckle2-Infernal Dragon","Cận chiến","Melee","Melee","Cận chiến","Gold V","","",5995,0,0,0,0,2552,1769,1603,71,305,25,0,0,0,1769,766,433,225,136,114,0,0,0,62,95,67,55,40,42,37,41,33,40,29,24,21,21,23,25,20,17,13,17,18,25,10,24,9,21,7,0,0,0,0,0,0,0,0,0,0,0,0,0,0,0,0,0,0,4868,2283,242,36
"10707018006","Shovel-Ranger","Cận chiến","Melee","Melee","Cận chiến","Gold VVIP","","",5956,0,1954,1357,104,0,0,2087,454,0,0,0,0,0,0,0,0,1543,449,295,254,0,0,0,0,0,0,0,0,0,0,0,648,572,201,122,107,70,63,61,56,42,50,28,67,54,38,41,40,27,30,26,29,26,77,41,25,0,0,0,0,0,0,0,0,0,0,0,5769,3679,296,36
"10614004006","COP 357-Iron Beast","Vũ khí phụ","Pistol","Secondary","Súng lục","Gold VVIP","","",5883,0,0,0,4000,1883,0,0,0,417,41,0,0,0,0,0,0,0,0,0,0,0,0,0,0,0,0,0,0,0,0,0,0,0,0,0,0,0,0,0,0,0,0,0,0,0,0,0,0,0,0,0,0,0,0,0,0,0,0,0,0,0,0,0,0,0,0,0,5368,2934,274,37
"32001120000","B.C Axe-Iron Beast-Purple","Biến đổi vũ khí","Hiệu ứng ánh sáng","","","C","","",5834,1002,1505,1290,834,513,323,208,159,92,114,84,58,66,56,42,64,40,45,52,51,46,27,7,12,12,10,7,8,4,5,7,5,6,3,10,5,10,5,8,7,5,5,8,9,8,8,7,5,7,3,7,8,4,11,9,9,8,4,4,3,7,8,12,4,9,5,9,5689,249,20,10
"31910200502","M4A1-Iron Beast-Master","Biến đổi vũ khí","Skin","","","Limited","","",5828,0,0,0,0,0,0,3428,2400,0,0,0,0,0,0,0,0,0,0,4693,606,357,172,0,0,0,0,0,0,0,0,0,0,0,0,0,0,0,0,0,0,0,0,0,3428,560,250,178,145,132,100,101,111,75,76,73,70,69,53,57,38,41,52,47,46,44,39,43,5828,453,5,0
"10704030006","Dual Kukri-Chameleon","Cận chiến","Melee","Melee","Cận chiến","Gold VVIP","","",5807,0,0,0,0,5807,0,0,0,1344,524,0,0,0,0,0,0,0,0,0,0,0,0,0,0,0,0,0,0,0,0,0,0,0,0,0,0,0,0,0,0,0,0,0,0,0,0,0,0,0,0,0,0,0,0,0,0,0,0,0,0,0,0,0,0,0,0,0,5778,1715,162,34
"10101196006","AK47-Fury Beast","Vũ khí chính","Rifle","Rifle","AK47","Gold VVIP","","",5779,142,3174,925,0,0,0,1297,241,0,0,0,0,0,0,0,818,312,139,77,100,92,0,0,0,236,327,163,92,99,48,40,28,41,29,27,18,19,24,15,25,18,20,15,13,9,10,7,9,14,13,23,14,12,15,11,12,21,10,11,13,11,14,12,0,0,0,0,5750,2487,244,37
"31234318000","Rương Hiệu Ứng Ánh Sáng AK47-Born Beast","Phiếu trải nghiệm","Thẻ tự chọn","","","Orange","","",5766,0,0,2569,645,0,0,0,2552,0,0,0,0,0,0,0,0,0,0,0,0,1362,1190,0,0,0,0,0,0,0,0,0,0,0,0,0,0,0,0,0,0,0,0,0,0,0,0,0,0,0,0,0,0,0,0,0,0,0,0,0,87,342,545,388,420,306,247,217,4595,794,122,23
"10102190006","M4A1-Titanium Beast","Vũ khí chính","Rifle","Rifle","M4A1","Gold VVIP","","",5765,0,0,3584,2181,0,0,0,0,0,0,0,0,0,0,0,0,0,0,0,0,0,0,0,0,0,0,0,0,0,0,0,0,0,0,0,0,0,0,0,0,0,0,0,0,0,0,0,0,0,0,0,0,0,0,0,0,0,0,0,0,0,0,0,0,0,0,0,5736,2824,234,35
"31234376000","Rương hiệu ứng ánh sáng COP 357-Iron Beast","Phiếu trải nghiệm","Thẻ tự chọn","","","Orange","","",5574,0,0,0,3287,2287,0,0,0,545,76,0,0,0,0,0,0,0,0,0,0,0,0,0,0,0,0,0,0,0,0,0,0,0,0,0,0,0,0,0,0,0,0,0,0,0,0,0,0,0,0,0,0,0,0,0,0,0,0,0,0,0,0,0,0,0,0,0,3523,1602,156,25
"10101051006","AK47-Gladiator","Vũ khí chính","Rifle","Rifle","AK47","Gold VVIP","","",5451,0,0,72,1588,1976,275,1282,258,332,309,116,0,0,0,0,795,327,138,76,107,97,0,0,0,202,341,168,84,79,50,57,37,47,26,31,19,15,25,19,23,22,15,9,13,9,11,13,12,9,14,13,9,15,27,14,15,15,15,16,11,11,15,14,0,0,0,0,5377,2938,280,37
"10704009006","Kukri-Beast","Cận chiến","Melee","Melee","Cận chiến","Gold V","","",5235,1038,1921,423,0,223,1630,0,0,0,874,528,254,136,61,0,0,0,0,0,0,0,0,0,0,0,0,0,0,0,0,0,0,0,0,0,0,0,0,0,0,0,0,0,0,0,0,0,0,0,0,0,0,0,0,0,0,0,0,0,0,0,0,0,0,0,0,0,5099,2698,261,36
"31970702401","Shovel-Ranger-Frost","Biến đổi vũ khí","Skin","","","C","","",5184,0,1746,1127,80,0,0,1856,375,0,0,0,0,0,0,0,0,1390,389,253,199,0,0,0,0,0,0,0,0,0,0,0,613,491,178,108,96,65,49,55,40,34,50,27,50,50,38,31,31,26,24,20,25,15,56,37,22,0,0,0,0,0,0,0,0,0,0,0,4878,3179,288,36
"31234377000","Rương hiệu ứng ánh sáng M4A1-Born Beast","Phiếu trải nghiệm","Thẻ tự chọn","","","Orange","","",5183,0,0,0,0,5183,0,0,0,723,140,0,0,0,0,0,0,0,0,0,0,0,0,0,0,0,0,0,0,0,0,0,0,0,0,0,0,0,0,0,0,0,0,0,0,0,0,0,0,0,0,0,0,0,0,0,0,0,0,0,0,0,0,0,0,0,0,0,3919,820,64,14
"31910110201","AK47-Beast-Ragnarok","Biến đổi vũ khí","Skin","","","B","","",5169,1218,3249,702,0,0,0,0,0,0,0,0,0,0,0,0,0,0,0,0,0,0,0,0,0,0,0,0,0,0,0,0,0,0,0,0,0,0,0,0,0,0,0,0,0,0,0,0,0,0,0,0,0,0,0,0,0,0,0,0,0,0,0,0,0,0,0,0,4958,1812,188,28
"31960207701","Desert Eagle-Ranger-Frost","Biến đổi vũ khí","Skin","","","C","","",5054,0,1846,1122,70,0,0,1698,318,0,0,0,0,0,0,0,0,1273,364,213,166,0,0,0,0,0,0,0,0,0,0,0,553,453,157,110,84,51,48,53,54,39,35,27,34,42,32,31,29,18,20,20,22,18,43,30,13,0,0,0,0,0,0,0,0,0,0,0,4701,3032,289,36
"10101035006","AK47-Anubis","Vũ khí chính","Rifle","Rifle","AK47","Gold VVIP","","",5047,1613,1858,0,0,1575,0,1,0,220,9,0,0,0,0,0,1,0,0,0,0,0,0,0,0,0,1,0,0,0,0,0,0,0,0,0,0,0,0,0,0,0,0,0,0,0,0,0,0,0,0,0,0,0,0,0,0,0,0,0,0,0,0,0,0,0,0,0,4971,2482,272,37
"20148002000","Sun Goddess-Xi","Nhân vật","Nhân vật","","","Orange","","",5047,0,0,0,1920,1077,928,604,518,75,897,265,193,166,127,84,58,78,68,542,135,106,51,8,16,3,7,6,4,11,7,13,15,15,8,9,11,9,8,10,5,10,15,11,305,86,49,26,30,35,19,24,25,26,17,13,11,11,12,21,14,13,13,22,15,8,12,16,5038,54,3,1
"37201001000","Đường Sniper-Spiral Smoke","Biến đổi vũ khí","Sniper rifle line","","","C","","",5026,0,0,0,0,5011,0,15,0,588,61,0,0,0,0,0,11,4,0,0,0,0,0,0,0,1,5,3,2,2,0,0,2,0,0,0,0,0,0,0,0,0,0,0,0,0,0,0,0,0,0,0,0,0,0,0,0,0,0,0,0,0,0,0,0,0,0,0,3485,1688,183,28
"34001042000","Cầu Vai Vàng Yun Youyou","Thời trang","Cầu vai","","","A","","",4943,0,0,0,4315,628,0,0,0,54,0,0,0,0,0,0,0,0,0,0,0,0,0,0,0,0,0,0,0,0,0,0,0,0,0,0,0,0,0,0,0,0,0,0,0,0,0,0,0,0,0,0,0,0,0,0,0,0,0,0,0,0,0,0,0,0,0,0,4936,2868,277,37
"10102250006","M4A1-Fury Beast","Vũ khí chính","Rifle","Rifle","M4A1","Gold VVIP","","",4873,120,2606,761,0,1386,0,0,0,151,8,0,0,0,0,0,0,0,0,0,0,0,0,0,0,0,0,0,0,0,0,0,0,0,0,0,0,0,0,0,0,0,0,0,0,0,0,0,0,0,0,0,0,0,0,0,0,0,0,0,0,0,0,0,0,0,0,0,4824,2320,233,36
"10413006006","P90-Dilophosaurus","Vũ khí chính","SMG","SMG","SMG","Gold VVIP","","",4852,0,0,0,0,0,0,0,4852,0,0,0,0,0,0,0,0,0,0,2719,1302,588,243,0,0,0,0,0,0,0,0,0,0,0,0,0,0,0,0,0,0,0,0,0,0,0,937,1118,408,256,259,203,193,157,246,130,114,95,82,120,98,78,53,62,61,54,58,70,4787,2155,192,33
"30470001000","Thẻ Kích Hoạt Cài Đặt Ba Lô","Vật liệu","Thẻ kích hoạt","","","Purple","","",4826,10,313,1941,543,1174,46,702,97,477,34,1,4,15,26,116,173,150,247,17,20,47,29,28,23,30,32,17,19,28,32,21,23,12,13,21,34,44,40,41,40,24,24,15,1,0,0,1,0,0,0,0,1,3,5,6,5,7,7,4,6,6,9,8,11,7,3,8,4566,956,102,20
"34101025000","Guitar Vàng Yun Youyou","Thời trang","Balo","","","A","","",4824,0,0,0,4212,612,0,0,0,58,0,0,0,0,0,0,0,0,0,0,0,0,0,0,0,0,0,0,0,0,0,0,0,0,0,0,0,0,0,0,0,0,0,0,0,0,0,0,0,0,0,0,0,0,0,0,0,0,0,0,0,0,0,0,0,0,0,0,4822,2821,278,37
"34101030000","Bộ Phát Nhạc Tử Kim-Yumo","Thời Trang","Balo","","","A","","",4821,0,0,0,0,0,0,4738,83,0,0,0,0,0,0,2449,1660,406,185,121,0,0,0,410,319,298,154,86,102,113,60,61,61,48,44,19,41,26,18,29,25,23,23,17,21,30,18,13,15,7,0,0,0,0,0,0,0,0,0,0,0,0,0,0,0,0,0,0,3829,1057,112,23
"10704036006","Kukri-Mechanical Era","Cận chiến","Melee","Melee","Cận chiến","Gold VVIP","","",4702,1859,1070,0,0,4,0,1346,423,4,0,0,0,0,0,0,833,342,142,88,101,99,164,0,0,236,332,161,104,94,60,44,52,45,24,23,17,25,23,14,23,17,23,13,16,8,9,14,12,16,13,15,12,12,16,17,16,18,11,9,16,13,16,16,0,0,0,164,4509,1667,209,36
"34101016000","Tổ Ấm Mèo MOS","Thời trang","Balo","","","B","","",4682,294,2117,626,0,1641,1,3,0,213,28,0,1,0,0,0,2,1,0,0,0,0,0,0,0,0,1,1,0,0,0,0,1,0,0,0,0,0,0,0,0,0,0,0,0,0,0,0,0,0,0,0,0,0,0,0,0,0,0,0,0,0,0,0,0,0,0,0,4238,1710,202,30
"32401060000","Trang Sức Ly Dạ Quang","Biến đổi vũ khí","Trang sức","","","C","","",4593,0,0,0,0,2461,0,1804,328,331,29,0,0,0,0,0,985,501,269,120,132,125,0,0,0,192,435,229,129,116,83,87,68,61,38,48,31,25,52,38,41,35,47,32,17,20,20,12,9,10,16,19,14,18,28,16,21,23,21,27,14,13,15,12,0,0,0,0,3040,1079,116,22
"30201801096","30201801096","","","","","","","",4593,0,0,0,0,0,0,0,4593,0,0,0,0,0,0,0,0,0,0,0,4230,294,69,0,0,0,0,0,0,0,0,0,0,0,0,0,0,0,0,0,0,0,0,0,0,0,0,0,0,0,0,210,1479,1797,375,222,147,81,78,30,42,39,9,15,27,27,12,3,1302,240,17,4
"32001188000","COP 357-Iron Beast-Yellow","Biến đổi vũ khí","Hiệu ứng ánh sáng","","","B","","",4534,0,0,0,2919,1578,17,15,5,375,61,6,6,1,0,3,3,0,9,2,2,1,0,0,0,1,0,1,0,0,0,0,0,0,0,0,0,0,9,0,0,0,0,0,0,0,0,0,2,0,0,0,0,2,0,0,0,0,0,0,1,0,0,0,0,0,0,0,3707,1866,210,31
"10601005006","USP-Transformer Beast","Vũ khí phụ","Pistol","Secondary","Súng lục","Gold V","","",4294,0,0,0,0,4294,0,0,0,712,44,0,0,0,0,0,0,0,0,0,0,0,0,0,0,0,0,0,0,0,0,0,0,0,0,0,0,0,0,0,0,0,0,0,0,0,0,0,0,0,0,0,0,0,0,0,0,0,0,0,0,0,0,0,0,0,0,0,4294,870,74,16
"10202031006","Barrett M82A1-Jewelry","Vũ khí chính","Sniper","Sniper","Barrett","Gold V","","",4247,0,0,0,0,0,3398,849,0,0,0,0,2453,683,262,267,271,163,136,12,0,0,0,37,63,35,38,29,39,34,18,24,21,32,20,14,26,26,16,12,11,21,24,12,0,0,0,0,0,0,0,0,0,0,0,0,0,0,0,0,0,0,0,0,0,0,0,0,3867,1966,200,35
"30121083001","Biểu tượng hạ gục S-I【C】","Cá nhân hóa","Biểu tượng ","","","Purple","","",4222,0,0,0,0,0,0,0,4222,0,0,0,0,0,0,0,0,0,0,209,1321,1531,1161,0,0,0,0,0,0,0,0,0,0,0,0,0,0,0,0,0,0,0,0,0,0,0,1,33,63,112,121,161,176,214,212,237,200,218,188,181,218,183,257,286,272,361,307,221,4222,318,23,5
"10221007006","TAC-Fury Beast","Vũ khí chính","Sniper","Sniper","Bắn tỉa khác","Gold VVIP","","",4161,103,2377,682,0,999,0,0,0,119,7,0,0,0,0,0,0,0,0,0,0,0,0,0,0,0,0,0,0,0,0,0,0,0,0,0,0,0,0,0,0,0,0,0,0,0,0,0,0,0,0,0,0,0,0,0,0,0,0,0,0,0,0,0,0,0,0,0,4123,1950,223,36
"10105029006","AN94-Seafill","Vũ khí chính","Rifle","Rifle","Súng trường khác","Gold VVIP","","",4050,0,0,0,0,0,3249,801,0,0,0,0,2363,652,234,269,234,178,105,15,0,0,0,33,51,34,37,17,29,35,26,30,28,29,14,16,26,16,18,10,11,11,13,15,0,0,0,0,0,0,0,0,0,0,0,0,0,0,0,0,0,0,0,0,0,0,0,0,3831,2020,204,32
"31920201901","Barrett M82A1-Born Beast-Noble Gold-Champion Miracle","Biến đổi vũ khí","Skin","","","A","","",4034,668,737,684,739,536,431,239,0,118,115,102,151,87,52,65,71,49,48,6,0,0,0,9,13,18,6,8,7,14,5,4,5,10,7,4,5,7,6,7,6,10,7,6,0,0,0,0,0,0,0,0,0,0,0,0,0,0,0,0,0,0,0,0,0,0,0,0,3264,1471,218,36
"10802016001","Flashbang-Venus","Vật phóng","Grenade","Utility","Đặc biệt","Purple","","",3994,0,0,0,0,0,0,0,3994,0,0,0,0,0,0,0,0,0,0,0,523,2025,1446,0,0,0,0,0,0,0,0,0,0,0,0,0,0,0,0,0,0,0,0,0,0,0,0,0,0,0,0,0,4,41,97,172,209,238,247,232,238,363,367,340,359,360,334,393,3249,497,43,8
"30201617005","30201617005","","","","","","","",3957,0,0,0,0,0,0,0,3957,0,0,0,0,0,0,0,0,0,0,0,3717,192,48,0,0,0,0,0,0,0,0,0,0,0,0,0,0,0,0,0,0,0,0,0,0,0,0,0,0,0,0,198,1318,1486,418,168,129,47,39,17,41,25,11,12,17,20,8,3,1516,268,23,5
"32501110000","Sơn Xịt Ragnarok","Biến đổi vũ khí","Sơn xịt","","","B","","",3827,629,927,162,0,1075,767,0,267,87,784,289,118,99,0,0,0,0,0,0,0,140,127,0,0,0,0,0,0,0,0,0,0,0,0,0,0,0,0,0,0,0,0,0,0,0,0,0,0,0,0,0,0,0,0,0,0,0,0,0,13,33,55,39,34,33,27,33,3365,727,76,17
"32001131000","M4A1-Ranger-Green","Biến đổi vũ khí","Hiệu ứng ánh sáng","","","C","","",3821,0,1215,924,258,186,184,678,376,36,101,63,32,13,17,75,46,368,153,173,163,52,24,5,5,6,9,7,3,2,4,4,100,145,62,51,38,24,20,16,24,19,12,18,18,22,27,42,27,19,19,25,14,23,23,37,22,12,8,8,6,5,7,6,5,5,9,5,3582,1580,129,16
"32001015000","M4A1-Iron Beast-Rhythmic Yellow","Biến đổi vũ khí","Hiệu ứng ánh sáng","","","B","","",3797,0,0,0,2527,1241,24,3,2,247,20,10,6,6,1,1,0,0,2,2,0,0,0,0,0,0,0,0,0,0,0,0,0,0,0,0,0,0,2,0,0,0,0,0,0,0,0,2,0,0,0,0,0,0,0,0,0,0,0,0,0,0,0,0,0,0,0,0,3410,1306,140,27
"31910107801","AK47-Anubis-Devil","Biến đổi vũ khí","Skin","","","C","","",3744,1154,1654,0,0,936,0,0,0,122,6,0,0,0,0,0,0,0,0,0,0,0,0,0,0,0,0,0,0,0,0,0,0,0,0,0,0,0,0,0,0,0,0,0,0,0,0,0,0,0,0,0,0,0,0,0,0,0,0,0,0,0,0,0,0,0,0,0,3718,1933,258,34
"31910112201","AK47-Gladiator-Mithril","Biến đổi vũ khí","Skin","","","C","","",3718,0,0,0,925,1746,233,667,147,297,275,123,0,0,0,0,398,174,79,47,61,55,0,0,0,107,162,86,43,37,34,29,27,17,9,21,12,7,14,12,12,9,13,7,9,6,4,10,7,4,10,11,7,8,13,8,4,10,7,8,10,7,6,7,0,0,0,0,3690,2248,270,37
"10602055006","Desert Eagle-Armoured Beast","Vũ khí phụ","Pistol","Secondary","Súng lục","Gold VVIP","","",3653,1426,674,0,0,4,0,1334,215,4,0,0,0,0,0,0,858,301,147,79,80,84,0,0,0,250,371,136,101,77,53,40,45,38,21,27,19,28,30,18,17,21,14,14,14,8,7,11,14,11,8,14,8,11,11,16,12,18,15,10,11,11,9,10,0,0,0,0,3521,1229,162,35
"10101118006","AK47-Tournament Spirit","Vũ khí chính","Rifle","Rifle","AK47","Gold VVIP","","",3611,0,144,231,73,0,2523,640,0,0,0,0,1812,529,182,204,197,130,97,12,0,0,0,23,43,39,25,17,27,31,21,19,17,18,11,13,18,14,14,10,11,12,18,12,0,0,0,0,0,0,0,0,0,0,0,0,0,0,0,0,0,0,0,0,0,0,0,0,3516,1820,196,31
"10602015006","Desert Eagle-Beast","Vũ khí phụ","Pistol","Secondary","Súng lục","Gold V","","",3599,873,1453,296,0,109,868,0,0,0,448,294,131,67,37,0,0,0,0,0,0,0,0,0,0,0,0,0,0,0,0,0,0,0,0,0,0,0,0,0,0,0,0,0,0,0,0,0,0,0,0,0,0,0,0,0,0,0,0,0,0,0,0,0,0,0,0,0,3540,1930,236,35
"32903001000","AK47-Beast-Battlefield","Biến đổi vũ khí","Card âm thanh","","","A","","",3552,384,1101,267,0,219,1581,0,0,0,841,493,252,144,70,0,0,0,0,0,0,0,0,0,0,0,0,0,0,0,0,0,0,0,0,0,0,0,0,0,0,0,0,0,0,0,0,0,0,0,0,0,0,0,0,0,0,0,0,0,0,0,0,0,0,0,0,0,3238,1587,180,29
"30310042000","30310042000","","","","","","","",3516,0,0,0,0,0,0,0,3516,0,0,0,0,0,0,0,0,0,0,0,3516,0,0,0,0,0,0,0,0,0,0,0,0,0,0,0,0,0,0,0,0,0,0,0,0,0,0,0,0,0,0,293,1858,1365,0,0,0,0,0,0,0,0,0,0,0,0,0,0,2772,483,35,7
"31234380000","Rương Hiệu Ứng Ánh Sáng Barrett M82A1-Born Beast","Phiếu trải nghiệm","Thẻ tự chọn","","","Orange","","",3480,0,0,0,0,1373,2107,0,0,0,1994,825,392,269,0,0,0,0,0,0,0,0,0,0,0,0,0,0,0,0,0,0,0,0,0,0,0,0,0,0,0,0,0,0,0,0,0,0,0,0,0,0,0,0,0,0,0,0,0,0,0,0,0,0,0,0,0,0,2720,702,74,13
"10405006006","Dual Steyr TMP-Angel","Vũ khí chính","SMG","SMG","SMG","Gold V","","",3413,4,0,2413,992,4,0,0,0,4,0,0,0,0,0,0,0,0,0,0,0,0,0,0,0,0,0,0,0,0,0,0,0,0,0,0,0,0,0,0,0,0,0,0,0,0,0,0,0,0,0,0,0,0,0,0,0,0,0,0,0,0,0,0,0,0,0,0,3408,1971,254,34
"10504003006","Golden Shark","Vũ khí chính","Shotgun","Shotgun","Shotgun","Gold V","","",3307,0,0,0,0,0,0,0,3307,0,0,0,0,0,0,0,0,0,0,1863,889,412,143,0,0,0,0,0,0,0,0,0,0,0,0,0,0,0,0,0,0,0,0,0,0,0,663,720,298,182,175,145,131,102,170,86,80,71,50,70,73,58,43,47,38,34,32,39,3206,1325,154,28
"10202003006","Barrett M82A1-Born Beast","Vũ khí chính","Sniper","Sniper","Barrett","Gold V","","",3283,0,0,0,0,1720,1563,0,0,0,2151,627,339,166,0,0,0,0,0,0,0,0,0,0,0,0,0,0,0,0,0,0,0,0,0,0,0,0,0,0,0,0,0,0,0,0,0,0,0,0,0,0,0,0,0,0,0,0,0,0,0,0,0,0,0,0,0,0,3278,1449,137,27
"10101110006","AK47-Shade Turbo","Vũ khí chính","Rifle","Rifle","AK47","Gold VVIP","","",3222,0,0,0,0,0,2313,909,0,0,0,0,0,1777,536,398,284,225,2,0,0,0,0,34,47,30,45,49,33,32,37,31,30,39,32,24,0,1,0,0,1,0,0,0,0,0,0,0,0,0,0,0,0,0,0,0,0,0,0,0,0,0,0,0,0,0,0,0,3221,843,125,33
"10705044006","Dual Karambit-Dilophosaurus","Cận chiến","Melee","Melee","Cận chiến","Gold VVIP","","",3172,0,0,0,0,0,0,0,3172,0,0,0,0,0,0,0,0,0,0,1800,842,377,153,0,0,0,0,0,0,0,0,0,0,0,0,0,0,0,0,0,0,0,0,0,0,0,619,702,300,179,168,136,118,100,151,92,77,67,45,73,54,54,48,36,40,37,36,40,3112,1523,175,32
"32001117000","B.C Axe-Iron Beast-Pink","Biến đổi vũ khí","Hiệu ứng ánh sáng","","","C","","",3170,645,794,624,440,294,198,90,85,48,83,49,37,42,27,24,28,14,18,24,31,19,17,2,13,1,7,0,1,3,0,3,1,3,0,4,4,6,1,0,3,1,3,4,2,3,3,7,2,3,5,3,6,4,4,7,2,3,5,1,1,3,5,1,4,5,5,3,3058,157,18,6
"10105014006","AN94-Smilodon-Neon","Vũ khí chính","Rifle","Rifle","Súng trường khác","Gold V","","",3083,0,0,0,0,0,2519,564,0,0,0,0,1848,498,173,169,179,121,83,12,0,0,0,20,38,29,28,12,25,22,14,14,26,15,15,15,17,14,12,7,15,9,9,12,0,0,0,0,0,0,0,0,0,0,0,0,0,0,0,0,0,0,0,0,0,0,0,0,2887,1449,160,32
"31234316000","Rương Hiệu Ứng Ánh Sáng AK47-Iron Beast","Phiếu trải nghiệm","Thẻ tự chọn","","","Orange","","",3000,1940,1060,0,0,0,0,0,0,0,0,0,0,0,0,0,0,0,0,0,0,0,0,0,0,0,0,0,0,0,0,0,0,0,0,0,0,0,0,0,0,0,0,0,0,0,0,0,0,0,0,0,0,0,0,0,0,0,0,0,0,0,0,0,0,0,0,0,2267,634,64,17
"10120005006","QBZ03-Born Beast","Vũ khí chính","Rifle","Rifle","Súng trường khác","Gold V","","",2971,25,25,0,0,0,1126,753,1042,0,14,57,561,294,200,182,215,150,127,556,273,236,56,30,37,38,24,20,29,21,24,18,27,22,21,17,19,16,17,19,24,19,13,16,63,58,91,156,106,66,57,50,30,35,42,31,28,48,39,29,36,30,32,22,18,25,13,0,2957,1922,245,33
"34001123000","Nón Dilophosaurus","Thời trang","Mũ","","","A","","",2763,0,0,0,0,0,0,0,2763,0,0,0,0,0,0,0,0,0,0,1503,762,354,144,0,0,0,0,0,0,0,0,0,0,0,0,0,0,0,0,0,0,0,0,0,0,0,491,609,250,153,153,130,89,94,167,79,50,61,55,57,51,62,31,37,36,27,28,53,2478,1173,138,22
"10710007006","Thunderbolt Hammer-Iron Beast","Cận chiến","Melee","Melee","Cận chiến","Gold V","","",2744,0,0,0,1937,807,0,0,0,162,12,0,0,0,0,0,0,0,0,0,0,0,0,0,0,0,0,0,0,0,0,0,0,0,0,0,0,0,0,0,0,0,0,0,0,0,0,0,0,0,0,0,0,0,0,0,0,0,0,0,0,0,0,0,0,0,0,0,2673,1724,235,36
"10105003006","AN94-Smilodon","Vũ khí chính","Rifle","Rifle","Súng trường khác","Gold V","","",2744,1,3,0,0,2739,0,1,0,304,21,0,0,0,0,0,1,0,0,0,0,0,0,0,0,0,0,1,0,0,0,0,0,0,0,0,0,0,0,0,0,0,0,0,0,0,0,0,0,0,0,0,0,0,0,0,0,0,0,0,0,0,0,0,0,0,0,0,2614,1410,177,33
"30310547000","Quà Khởi Trình Cơ Bản","Rương kho báu","Rương kho báu","","","Orange","","",2725,0,3,2,7,167,1249,866,431,0,280,295,285,315,240,242,192,184,181,195,138,106,59,18,27,30,42,25,22,32,26,28,21,27,16,34,23,25,31,19,27,26,30,31,36,32,22,29,16,29,21,25,21,15,16,23,17,11,12,8,11,28,17,19,11,14,22,12,2724,61,1,0
"34101069000","Ba Lô Dilophosaurus","Thời trang","Balo","","","A","","",2692,0,0,0,0,0,0,0,2692,0,0,0,0,0,0,0,0,0,0,1514,720,321,137,0,0,0,0,0,0,0,0,0,0,0,0,0,0,0,0,0,0,0,0,0,0,0,509,616,228,161,134,98,87,104,139,96,62,54,44,64,52,48,26,33,33,30,29,45,2503,1100,111,23
"30132216000","[Truyền Kỳ] Khung Ảnh Top 500 S2 [Truyền Kỳ]","Cá nhân hóa","Avatar Frame","","","Orange","","",2672,0,0,0,1974,698,0,0,0,149,8,0,0,0,0,0,0,0,0,0,0,0,0,0,0,0,0,0,0,0,0,0,0,0,0,0,0,0,0,0,0,0,0,0,0,0,0,0,0,0,0,0,0,0,0,0,0,0,0,0,0,0,0,0,0,0,0,0,2672,832,68,16
"10703007006","B.C Axe-Noble Dragon","Cận chiến","Melee","Melee","Cận chiến","Orange","","",2667,0,0,1,8,49,318,974,1317,6,34,47,53,110,101,135,190,86,53,860,179,589,199,23,23,16,13,10,7,15,14,13,9,6,18,11,9,5,5,11,8,9,6,6,504,99,63,80,67,41,37,24,23,25,23,22,25,19,20,20,169,179,101,81,72,57,35,35,2667,700,107,33
"31940501401","Dual Steyr TMP-Angel-Blood","Biến đổi vũ khí","Skin","","","B","","",2653,0,0,1799,854,0,0,0,0,0,0,0,0,0,0,0,0,0,0,0,0,0,0,0,0,0,0,0,0,0,0,0,0,0,0,0,0,0,0,0,0,0,0,0,0,0,0,0,0,0,0,0,0,0,0,0,0,0,0,0,0,0,0,0,0,0,0,0,2651,1651,249,34
"10202018006","Barrett M82A1-Born Beast-Noble Gold","Vũ khí chính","Sniper","Sniper","Barrett","Red","","",2650,426,467,443,392,279,512,131,0,42,78,61,338,52,30,42,31,29,29,0,0,0,0,3,8,5,5,5,2,5,3,2,6,4,4,5,4,4,9,4,3,5,0,0,0,0,0,0,0,0,0,0,0,0,0,0,0,0,0,0,0,0,0,0,0,0,0,0,2379,1244,200,33
"10101098006","AK47-Rush","Vũ khí chính","Rifle","Rifle","AK47","Gold VVIP","","",2638,0,0,0,2107,462,0,0,69,105,0,0,0,0,0,0,0,0,0,0,0,0,69,0,0,0,0,0,0,0,0,0,0,0,0,0,0,0,0,0,0,0,0,0,0,0,0,0,0,0,0,0,0,0,0,0,0,0,0,0,0,0,0,0,0,0,9,60,2637,1008,158,33
"31910108101","AK47-Iron Beast-Ragnarok","Biến đổi vũ khí","Skin","","","B","","",2624,1723,901,0,0,0,0,0,0,0,0,0,0,0,0,0,0,0,0,0,0,0,0,0,0,0,0,0,0,0,0,0,0,0,0,0,0,0,0,0,0,0,0,0,0,0,0,0,0,0,0,0,0,0,0,0,0,0,0,0,0,0,0,0,0,0,0,0,2425,977,135,28
"32101002000","Búp Bê GR MOS","Biến đổi vũ khí","Búp Bê","","","C","","",2618,0,0,0,0,0,1925,692,1,0,0,0,0,1489,436,295,217,179,1,1,0,0,0,22,33,26,34,35,21,30,29,26,19,30,28,17,0,0,0,0,1,0,0,0,0,1,0,0,0,0,0,0,0,0,0,0,0,0,0,0,0,0,0,0,0,0,0,0,2616,677,110,23
"32001118000","B.C Axe-Iron Beast-Green","Biến đổi vũ khí","Hiệu ứng ánh sáng","","","C","","",2617,322,592,593,435,287,180,108,100,59,53,63,33,32,33,24,29,24,23,33,25,29,21,5,7,6,4,4,3,3,4,3,4,4,3,3,5,2,2,1,3,6,4,3,5,5,7,4,9,0,5,3,4,3,5,4,1,1,6,3,5,3,5,6,5,5,8,3,2569,180,13,6
"30310596000","Rương 600 Gem","Rương kho báu","Rương kho báu","","","Orange","","",2604,0,0,0,0,5,48,1923,628,0,22,16,5,5,5,0,792,595,426,295,206,237,0,0,0,165,316,176,135,116,86,67,102,91,66,67,53,49,52,59,71,73,69,46,64,37,39,42,25,42,22,32,38,31,24,27,32,37,34,38,34,33,35,26,0,0,0,0,2344,875,87,13
"10102116006","M4A1-Rush","Vũ khí chính","Rifle","Rifle","M4A1","Gold VVIP","","",2594,0,1,0,2107,462,0,0,24,105,0,0,0,0,0,0,0,0,0,0,0,0,24,0,0,0,0,0,0,0,0,0,0,0,0,0,0,0,0,0,0,0,0,0,0,0,0,0,0,0,0,0,0,0,0,0,0,0,0,0,0,0,0,0,0,0,3,21,2592,995,155,33
"31910118601","AK47-Beast-Frost","Biến đổi vũ khí","Skin","","","C","","",2563,0,0,0,0,260,2303,0,0,0,1161,751,349,191,111,0,0,0,0,0,0,0,0,0,0,0,0,0,0,0,0,0,0,0,0,0,0,0,0,0,0,0,0,0,0,0,0,0,0,0,0,0,0,0,0,0,0,0,0,0,0,0,0,0,0,0,0,0,2526,1227,134,24
"34101035000","Bass Tử Kim Wu Mengmeng","Thời trang","Balo","","","A","","",2540,0,0,0,0,0,0,0,2540,0,0,0,0,0,0,0,0,0,0,0,1581,824,135,0,0,0,0,0,0,0,0,0,0,0,0,0,0,0,0,0,0,0,0,0,0,0,0,0,0,0,0,0,0,342,710,298,231,142,115,114,131,140,110,72,46,29,32,28,2119,507,75,20
"32001056000","Barrett M82A1-Born Beast-Green","Biến đổi vũ khí","Hiệu ứng ánh sáng","","","C","","",2530,6,15,1,12,1206,1113,110,67,14,1521,384,203,155,36,35,25,20,23,33,17,12,12,1,5,4,3,8,1,3,3,1,6,2,2,3,3,4,3,1,4,5,3,4,3,4,7,7,4,4,2,1,3,1,5,2,3,0,1,4,1,0,5,1,2,2,5,3,2390,636,41,2
"10505008006","AA12-Iron Beast","Vũ khí chính","Shotgun","Shotgun","Shotgun","Gold V","","",2498,0,0,0,0,0,1409,1048,41,0,0,0,0,0,1409,498,286,158,78,69,0,0,0,39,76,49,30,28,17,23,23,22,29,19,26,16,8,14,9,14,15,8,10,14,14,12,10,5,10,4,0,0,0,0,0,0,0,0,0,0,0,0,0,0,0,0,0,0,2178,1000,152,34
"10607006006","Anaconda-Born Beast","Vũ khí phụ","Pistol","Secondary","Súng lục","Gold V","","",2465,0,0,1931,240,0,0,0,294,0,0,0,0,0,0,0,0,0,0,0,0,238,56,0,0,0,0,0,0,0,0,0,0,0,0,0,0,0,0,0,0,0,0,0,0,0,0,0,0,0,0,0,0,0,0,0,0,0,0,0,64,99,46,29,18,14,13,11,2383,1231,199,37
"10614001006","Particle Cannon","Vũ khí phụ","Pistol","Secondary","Súng lục","Orange","","",2397,0,0,0,0,0,0,0,2397,0,0,0,0,0,0,0,0,0,0,0,370,1197,830,0,0,0,0,0,0,0,0,0,0,0,0,0,0,0,0,0,0,0,0,0,0,0,0,0,0,0,0,7,29,43,62,101,128,121,152,144,156,181,227,216,183,203,201,243,2154,373,34,8
"10801181001","Grenade-Fireworks","Vật phóng","Grenade","Utility","Đặc biệt","Purple","","",2395,0,0,2257,138,0,0,0,0,0,0,0,0,0,0,0,0,0,0,0,0,0,0,0,0,0,0,0,0,0,0,0,0,0,0,0,0,0,0,0,0,0,0,0,0,0,0,0,0,0,0,0,0,0,0,0,0,0,0,0,0,0,0,0,0,0,0,0,2309,329,42,14
"32908001000","M4A1-Iron Beast-Battlefield","Biến đổi vũ khí","Card âm thanh","","","A","","",2338,0,0,0,1704,634,0,0,0,118,8,0,0,0,0,0,0,0,0,0,0,0,0,0,0,0,0,0,0,0,0,0,0,0,0,0,0,0,0,0,0,0,0,0,0,0,0,0,0,0,0,0,0,0,0,0,0,0,0,0,0,0,0,0,0,0,0,0,2148,1149,160,26
"31961400501","COP 357-Iron Beast-Punk","Biến đổi vũ khí","Skin","","","C","","",2331,0,0,0,1577,754,0,0,0,168,16,0,0,0,0,0,0,0,0,0,0,0,0,0,0,0,0,0,0,0,0,0,0,0,0,0,0,0,0,0,0,0,0,0,0,0,0,0,0,0,0,0,0,0,0,0,0,0,0,0,0,0,0,0,0,0,0,0,2141,1203,203,37
"30132231000","Khung Ảnh Top 500 S3【Thần Thoại】","Cá nhân hóa","Avatar Frame","","","Orange","","",2290,0,0,0,0,0,1803,487,0,0,0,487,832,293,191,159,120,97,105,6,0,0,0,12,22,18,17,15,19,14,15,12,15,18,11,12,20,17,9,18,18,15,8,6,0,0,0,0,0,0,0,0,0,0,0,0,0,0,0,0,0,0,0,0,0,0,0,0,2290,897,74,19
"31234315000","Rương Hiệu Ứng Ánh Sáng Kukri-Beast","Phiếu trải nghiệm","Thẻ tự chọn","","","Orange","","",2287,358,838,163,0,77,851,0,0,0,319,277,163,102,67,0,0,0,0,0,0,0,0,0,0,0,0,0,0,0,0,0,0,0,0,0,0,0,0,0,0,0,0,0,0,0,0,0,0,0,0,0,0,0,0,0,0,0,0,0,0,0,0,0,0,0,0,0,1854,771,87,20
"10614002006","COP 357-Eternal Dragon","Vũ khí phụ","Pistol","Secondary","Súng lục","Orange","","",2286,0,0,0,0,772,1386,128,0,0,1018,473,353,160,154,128,0,0,0,0,0,0,0,0,0,0,0,0,0,0,0,0,0,0,0,0,0,0,0,0,0,0,0,0,0,0,0,0,0,0,0,0,0,0,0,0,0,0,0,0,0,0,0,0,0,0,0,0,2234,957,133,28
"32001155000","AWM-Infernal Dragon-Blue","Biến đổi vũ khí","Hiệu ứng ánh sáng","","","C","","",2256,0,0,0,0,2256,0,0,0,391,49,0,0,0,0,0,0,0,0,0,0,0,0,0,0,0,0,0,0,0,0,0,0,0,0,0,0,0,0,0,0,0,0,0,0,0,0,0,0,0,0,0,0,0,0,0,0,0,0,0,0,0,0,0,0,0,0,0,2173,898,107,20
"10404004006","Thompson-Gilt","Vũ khí chính","SMG","SMG","SMG","Orange","","",2218,0,1,1,6,41,247,765,1157,3,34,27,50,73,85,118,163,43,25,708,153,528,184,25,15,16,8,8,10,6,5,3,6,3,10,10,3,6,5,1,4,4,2,7,409,80,40,70,65,37,25,29,20,16,26,23,14,19,23,21,139,156,88,82,79,42,27,36,2218,611,104,30
"31910113801","AK47-Iron Beast-Legend","Biến đổi vũ khí","Skin","","","Limited","","",2176,0,0,0,0,0,0,1299,877,0,0,0,0,0,0,0,0,0,0,1769,188,147,72,0,0,0,0,0,0,0,0,0,0,0,0,0,0,0,0,0,0,0,0,0,1299,242,92,74,35,27,31,32,30,29,29,18,19,26,19,22,17,23,15,25,21,14,21,16,2176,94,2,0
"32501010000","Sơn Xịt Tóc Mây","Biến đổi vũ khí","Sơn xịt","","","C","","",2163,0,0,0,0,2140,0,22,1,319,49,0,0,0,0,0,17,5,0,1,0,0,0,0,0,3,4,2,8,1,0,0,4,0,0,0,0,0,0,0,0,0,0,0,0,0,0,1,0,0,0,0,0,0,0,0,0,0,0,0,0,0,0,0,0,0,0,0,1430,541,56,4
"31912000901","QBZ03-Born Beast-Mithril","Biến đổi vũ khí","Skin","","","C","","",2157,0,0,0,0,0,632,624,901,0,0,0,287,205,140,156,163,123,104,396,327,202,54,18,29,22,26,19,23,20,21,19,18,19,13,13,13,16,16,15,18,17,9,13,65,33,41,45,71,128,81,55,46,44,41,29,31,30,34,29,31,27,26,25,21,21,12,0,2157,1557,233,33
"34101008000","Ba Lô Ragnarok","Thời trang","Balo","","","A","","",2148,473,592,112,0,665,213,0,93,50,341,66,34,33,0,0,0,0,0,0,0,56,37,0,0,0,0,0,0,0,0,0,0,0,0,0,0,0,0,0,0,0,0,0,0,0,0,0,0,0,0,0,0,0,0,0,0,0,0,0,10,24,14,8,12,11,6,8,2030,933,153,24
"32001123000","Kukri-Beast-Purple","Biến đổi vũ khí","Hiệu ứng ánh sáng","","","C","","",2147,218,651,223,42,105,726,150,32,6,289,201,125,115,71,53,50,33,12,11,11,5,7,13,6,9,6,2,5,4,3,7,2,7,7,3,4,0,0,3,2,2,1,0,2,2,1,2,2,2,2,0,3,0,1,3,2,1,0,2,0,0,1,1,1,4,1,1,1959,865,96,22
"34101052000","Ba Lô Yun Youyou Doll","Thời trang","Balo","","","A","","",2142,0,0,0,1885,257,0,0,0,20,0,0,0,0,0,0,0,0,0,0,0,0,0,0,0,0,0,0,0,0,0,0,0,0,0,0,0,0,0,0,0,0,0,0,0,0,0,0,0,0,0,0,0,0,0,0,0,0,0,0,0,0,0,0,0,0,0,0,1523,868,103,18
"10101287006","AK47-Steel Frenzy","Vũ khí chính","Rifle","Rifle","AK47","Gold VVIP","","",2124,0,0,0,0,1037,803,256,28,701,465,242,204,123,105,105,111,40,0,0,0,0,28,18,26,17,13,7,13,16,10,6,8,0,0,0,0,0,0,0,0,0,0,0,0,0,0,0,0,0,0,0,0,0,0,0,0,0,0,0,0,0,0,0,0,0,3,25,2124,633,95,30
"30121084001","Biểu tượng hạ gục S-I【B】","Cá nhân hóa","Biểu tượng ","","","Orange","","",2113,0,0,0,0,0,0,0,2113,0,0,0,0,0,0,0,0,0,0,47,591,791,684,0,0,0,0,0,0,0,0,0,0,0,0,0,0,0,0,0,0,0,0,0,0,0,0,4,18,25,47,61,68,78,101,103,133,92,96,89,101,107,154,152,164,168,190,162,2113,217,16,4
"31970407601","Kukri-Dragon-Legend","Biến đổi vũ khí","Skin","","","Limited","","",2111,0,0,0,0,0,0,1322,789,0,0,0,0,0,0,0,0,0,0,1783,192,99,37,0,0,0,0,0,0,0,0,0,0,0,0,0,0,0,0,0,0,0,0,0,1322,209,115,59,40,38,45,28,34,29,20,20,16,15,17,13,7,9,15,23,6,13,8,10,2111,848,55,4
"34601001000","34601001000","","","","","","","",2073,0,0,0,0,0,0,57,2016,0,0,0,0,0,0,17,40,0,0,2002,14,0,0,0,0,0,0,0,40,0,0,0,0,0,0,0,0,0,0,0,0,0,0,0,0,638,1364,0,0,0,14,0,0,0,0,0,0,0,0,0,0,0,0,0,0,0,0,0,3,0,1,2
"31910210201","M4A1-Born Beast-Ragnarok","Biến đổi vũ khí","Skin","","","B","","",2065,0,0,0,0,2065,0,0,0,116,16,0,0,0,0,0,0,0,0,0,0,0,0,0,0,0,0,0,0,0,0,0,0,0,0,0,0,0,0,0,0,0,0,0,0,0,0,0,0,0,0,0,0,0,0,0,0,0,0,0,0,0,0,0,0,0,0,0,2033,1000,163,35
"10628003006","MK23-Mechanical Era","Vũ khí phụ","Pistol","Secondary","Súng lục","Gold VVIP","","",2064,1110,806,0,0,0,0,0,148,0,0,0,0,0,0,0,0,0,0,0,0,0,148,0,0,0,0,0,0,0,0,0,0,0,0,0,0,0,0,0,0,0,0,0,0,0,0,0,0,0,0,0,0,0,0,0,0,0,0,0,0,0,0,0,0,0,0,148,2052,907,150,33
"31950400901","Golden Shark-Mutant Venom","Biến đổi vũ khí","Skin","","","C","","",2059,0,0,0,0,0,0,0,2059,0,0,0,0,0,0,0,0,0,0,1162,561,246,90,0,0,0,0,0,0,0,0,0,0,0,0,0,0,0,0,0,0,0,0,0,0,0,404,445,186,127,92,96,74,72,111,66,50,39,26,44,39,34,32,32,25,24,19,22,1991,841,119,21
"31910113101","AK47-Born Beast-Continue","Biến đổi vũ khí","Skin","","","B","","",2055,0,0,1793,262,0,0,0,0,0,0,0,0,0,0,0,0,0,0,0,0,0,0,0,0,0,0,0,0,0,0,0,0,0,0,0,0,0,0,0,0,0,0,0,0,0,0,0,0,0,0,0,0,0,0,0,0,0,0,0,0,0,0,0,0,0,0,0,1976,943,176,34
"32911001000","Barrett M82A1-Iron Shark-Battlefield","Biến đổi vũ khí","Card âm thanh","","","A","","",2055,0,0,0,0,0,0,737,1318,0,0,0,0,0,0,0,0,0,0,1582,256,134,83,0,0,0,0,0,0,0,0,0,0,0,0,0,0,0,0,0,0,0,0,0,737,258,181,192,130,84,73,24,47,23,26,39,24,19,25,13,14,25,24,14,22,16,16,29,1797,517,67,18
"32101051000","Búp Bê Yumo","Biến đổi vũ khí","Búp Bê","","","S","","",2052,0,0,0,0,0,0,1990,62,0,0,0,0,0,0,935,655,235,120,107,0,0,0,148,139,121,72,35,35,52,31,29,21,45,25,32,20,13,13,19,19,17,19,11,34,24,12,7,7,12,0,0,0,0,0,0,0,0,0,0,0,0,0,0,0,0,0,0,1425,860,131,28
"32001012000","M4A1-Iron Beast-Red","Biến đổi vũ khí","Hiệu ứng ánh sáng","","","C","","",2017,0,0,0,1317,694,5,0,1,143,25,2,1,2,0,0,0,0,0,0,0,0,1,0,0,0,0,0,0,0,0,0,0,0,0,0,0,0,0,0,0,0,0,0,0,0,0,0,0,0,0,0,0,0,0,0,0,0,0,0,0,0,0,0,1,0,0,0,1922,689,90,20
"31910200501","M4A1-Iron Beast-Punk","Biến đổi vũ khí","Skin","","","C","","",2010,0,0,0,1486,524,0,0,0,92,5,0,0,0,0,0,0,0,0,0,0,0,0,0,0,0,0,0,0,0,0,0,0,0,0,0,0,0,0,0,0,0,0,0,0,0,0,0,0,0,0,0,0,0,0,0,0,0,0,0,0,0,0,0,0,0,0,0,1914,977,158,32
"34001010000","Nón Ragnarok","Thời trang","Mũ","","","A","","",1998,379,494,82,1,625,333,0,84,29,508,106,60,36,0,0,0,0,0,0,0,61,23,0,0,0,0,0,0,0,0,0,0,0,0,0,0,0,0,0,0,0,0,0,0,0,0,0,0,0,0,0,0,0,0,0,0,0,0,0,22,15,18,6,7,2,9,5,1891,819,136,24
"31234385000","Rương Hiệu Ứng Ánh Sáng Barrett M82A1-Iron Shark","Phiếu dùng thử","Thẻ tự chọn","","","Orange","","",1985,0,0,0,0,0,0,294,1691,0,0,0,0,0,0,0,0,0,0,1147,482,244,112,0,0,0,0,0,0,0,0,0,0,0,0,0,0,0,0,0,0,0,0,0,294,184,181,206,146,136,104,66,67,54,72,58,61,44,33,35,36,42,36,18,45,14,27,26,1540,340,46,15
"30117377001","Khung Top 500 S4【Thần Thoại】","Cá nhân hóa","Khung","","","Orange","","",1977,0,0,0,0,0,0,0,1977,0,0,0,0,0,0,0,0,0,0,1,876,803,297,0,0,0,0,0,0,0,0,0,0,0,0,0,0,0,0,0,0,0,0,0,0,0,0,0,0,1,11,31,69,127,185,226,227,185,126,131,91,92,94,84,81,73,72,71,1634,733,62,17
"31980118401","Grenade-Born Beast-Ragnarok","Biến đổi vũ khí","Skin","","","B","","",1976,0,0,0,0,0,0,0,1976,0,0,0,0,0,0,0,0,0,0,0,0,1394,582,0,0,0,0,0,0,0,0,0,0,0,0,0,0,0,0,0,0,0,0,0,0,0,0,0,0,0,0,0,0,0,0,0,0,0,0,0,274,494,372,254,224,149,127,82,1709,502,72,17
"32001122000","Kukri-Beast-Red","Biến đổi vũ khí","Hiệu ứng ánh sáng","","","C","","",1970,174,521,175,60,90,837,85,28,4,402,223,125,89,69,18,27,24,15,6,7,12,4,5,4,3,1,4,2,2,3,2,5,6,4,2,1,2,2,1,0,3,6,0,1,3,1,1,0,0,1,0,2,1,1,1,1,4,2,1,2,2,0,1,3,0,0,1,1762,805,85,17
"31980206901","Flashbang-Born Beast-Ragnarok","Biến đổi vũ khí","Skin","","","B","","",1968,0,0,0,0,0,0,0,1968,0,0,0,0,0,0,0,0,0,0,0,0,1347,621,0,0,0,0,0,0,0,0,0,0,0,0,0,0,0,0,0,0,0,0,0,0,0,0,0,0,0,0,0,0,0,0,0,0,0,0,0,293,451,391,212,235,150,143,93,1684,505,69,19
"31980111201","Grenade-Born Beast-Continue","Biến đổi vũ khí","Skin","","","Limited","","",1966,0,0,1634,332,0,0,0,0,0,0,0,0,0,0,0,0,0,0,0,0,0,0,0,0,0,0,0,0,0,0,0,0,0,0,0,0,0,0,0,0,0,0,0,0,0,0,0,0,0,0,0,0,0,0,0,0,0,0,0,0,0,0,0,0,0,0,0,1772,805,153,34
"32001157000","AWM-Infernal Dragon-Purple","Biến đổi vũ khí","Hiệu ứng ánh sáng","","","C","","",1957,0,0,0,0,1957,0,0,0,330,40,0,0,0,0,0,0,0,0,0,0,0,0,0,0,0,0,0,0,0,0,0,0,0,0,0,0,0,0,0,0,0,0,0,0,0,0,0,0,0,0,0,0,0,0,0,0,0,0,0,0,0,0,0,0,0,0,0,1910,783,84,13
"31980205601","Flashbang-Beast-Frost","Biến đổi vũ khí","Skin","","","C","","",1900,0,0,0,0,208,1692,0,0,0,861,573,238,157,71,0,0,0,0,0,0,0,0,0,0,0,0,0,0,0,0,0,0,0,0,0,0,0,0,0,0,0,0,0,0,0,0,0,0,0,0,0,0,0,0,0,0,0,0,0,0,0,0,0,0,0,0,0,1666,935,127,26
"31980305301","Smoke-Born Beast-Ragnarok","Biến đổi vũ khí","Skin","","","B","","",1892,0,0,0,0,0,0,0,1892,0,0,0,0,0,0,0,0,0,0,0,0,1326,566,0,0,0,0,0,0,0,0,0,0,0,0,0,0,0,0,0,0,0,0,0,0,0,0,0,0,0,0,0,0,0,0,0,0,0,0,0,262,483,364,217,207,146,113,100,1617,483,68,17
"32001121000","Kukri-Beast-Green","Biến đổi vũ khí","Hiệu ứng ánh sáng","","","C","","",1882,182,575,214,42,73,673,95,28,3,255,216,130,75,52,35,36,12,8,8,12,9,3,7,5,4,7,1,6,1,2,2,1,4,1,1,3,0,1,2,0,2,0,2,2,1,0,2,0,1,3,0,0,0,0,8,1,3,1,0,1,2,0,2,1,0,2,0,1635,785,72,21
"31980304301","Smoke-Beast-Frost","Biến đổi vũ khí","Skin","","","C","","",1828,0,0,0,0,193,1635,0,0,0,845,525,232,151,75,0,0,0,0,0,0,0,0,0,0,0,0,0,0,0,0,0,0,0,0,0,0,0,0,0,0,0,0,0,0,0,0,0,0,0,0,0,0,0,0,0,0,0,0,0,0,0,0,0,0,0,0,0,1631,905,134,25
"10617004006","Dual Double Barrel-Born Beast","Vũ khí phụ","Pistol","Secondary","Súng lục","Gold V","","",1826,2,0,0,0,1824,0,0,0,134,10,0,0,0,0,0,0,0,0,0,0,0,0,0,0,0,0,0,0,0,0,0,0,0,0,0,0,0,0,0,0,0,0,0,0,0,0,0,0,0,0,0,0,0,0,0,0,0,0,0,0,0,0,0,0,0,0,0,1804,1097,194,33
"32001156000","AWM-Infernal Dragon-Red","Biến đổi vũ khí","Hiệu ứng ánh sáng","","","C","","",1799,0,0,0,0,1799,0,0,0,320,40,0,0,0,0,0,0,0,0,0,0,0,0,0,0,0,0,0,0,0,0,0,0,0,0,0,0,0,0,0,0,0,0,0,0,0,0,0,0,0,0,0,0,0,0,0,0,0,0,0,0,0,0,0,0,0,0,0,1732,761,85,14
"32001186000","COP 357-Iron Beast-Purple","Biến đổi vũ khí","Hiệu ứng ánh sáng","","","C","","",1755,0,0,0,1087,656,8,3,1,135,20,5,1,0,1,1,0,2,0,1,0,0,0,0,0,0,0,0,0,2,0,0,0,0,0,0,0,0,0,0,0,0,0,0,0,0,1,0,0,0,0,0,0,0,0,0,0,0,0,0,0,0,0,0,0,0,0,0,1613,791,108,18
"10703028006","B.C Axe-Tournament Spirit","Cận chiến","Melee","Melee","Cận chiến","Gold VVIP","","",1738,0,376,1070,292,0,0,0,0,0,0,0,0,0,0,0,0,0,0,0,0,0,0,0,0,0,0,0,0,0,0,0,0,0,0,0,0,0,0,0,0,0,0,0,0,0,0,0,0,0,0,0,0,0,0,0,0,0,0,0,0,0,0,0,0,0,0,0,1729,520,106,26
"10519002006","M1216-Blood Moon","Vũ khí chính","Shotgun","Shotgun","Shotgun","Gold V","","",1718,13,7,0,0,24,1056,494,124,0,117,304,270,207,182,163,116,82,106,73,38,28,12,23,20,15,26,10,10,13,12,5,11,18,13,10,14,10,7,24,10,22,19,17,10,8,2,12,7,17,6,8,4,5,3,5,7,3,3,6,5,5,1,5,3,3,3,3,1637,133,7,2
"34101017000","Nhà Nhỏ Rock Wang","Thời trang","Balo","","","B","","",1706,0,0,0,0,602,998,106,0,0,799,293,242,141,125,106,0,0,0,0,0,0,0,0,0,0,0,0,0,0,0,0,0,0,0,0,0,0,0,0,0,0,0,0,0,0,0,0,0,0,0,0,0,0,0,0,0,0,0,0,0,0,0,0,0,0,0,0,1641,666,85,19
"30310549000","Gói Trác Việt Khởi Hành","Rương kho báu","Rương kho báu","","","Orange","","",1694,3,1,1,3,120,797,485,284,0,180,174,204,216,142,117,118,106,107,108,96,84,33,10,16,27,15,20,22,16,17,12,18,13,13,17,16,13,20,12,14,17,15,16,21,17,16,15,11,12,10,10,18,16,14,17,11,13,8,8,7,15,18,15,11,9,7,6,1693,60,1,0
"10202010006","Barrett M82A1-Iron Beast","Vũ khí chính","Sniper","Sniper","Barrett","Gold V","","",1680,0,0,0,1171,509,0,0,0,94,9,0,0,0,0,0,0,0,0,0,0,0,0,0,0,0,0,0,0,0,0,0,0,0,0,0,0,0,0,0,0,0,0,0,0,0,0,0,0,0,0,0,0,0,0,0,0,0,0,0,0,0,0,0,0,0,0,0,1672,842,139,26
"10602063006","Dual Desert Eagle-Chameleon","Vũ khí phụ","Pistol","Secondary","Súng lục","Gold VVIP","","",1680,0,0,0,0,1680,0,0,0,430,120,0,0,0,0,0,0,0,0,0,0,0,0,0,0,0,0,0,0,0,0,0,0,0,0,0,0,0,0,0,0,0,0,0,0,0,0,0,0,0,0,0,0,0,0,0,0,0,0,0,0,0,0,0,0,0,0,0,1667,573,101,31
"10702030006","Laser Dagger-Born Beast","Cận chiến","Melee","Melee","Cận chiến","Gold V","","",1675,2,0,0,0,1673,0,0,0,107,10,0,0,0,0,0,0,0,0,0,0,0,0,0,0,0,0,0,0,0,0,0,0,0,0,0,0,0,0,0,0,0,0,0,0,0,0,0,0,0,0,0,0,0,0,0,0,0,0,0,0,0,0,0,0,0,0,0,1654,1009,183,36
"32101036000","Búp Bê Zihan","Biến đổi vũ khí","Búp Bê","","","S","","",1675,0,0,0,0,1673,0,2,0,191,16,0,0,0,0,0,2,0,0,0,0,0,0,0,0,0,2,0,0,0,0,0,0,0,0,0,0,0,0,0,0,0,0,0,0,0,0,0,0,0,0,0,0,0,0,0,0,0,0,0,0,0,0,0,0,0,0,0,1305,788,162,30
"30132237000","Khung Ảnh Top 500 S4【Thần Thoại】","Cá nhân hóa","Avatar Frame","","","Orange","","",1634,0,0,0,0,0,0,0,1634,0,0,0,0,0,0,0,0,0,0,1,810,630,193,0,0,0,0,0,0,0,0,0,0,0,0,0,0,0,0,0,0,0,0,0,0,0,0,0,0,1,11,29,66,122,171,212,199,155,106,106,74,66,64,59,48,43,51,51,1634,733,62,17
"10602005006","Desert Eagle-Born Beast","Vũ khí phụ","Pistol","Secondary","Súng lục","Gold V","","",1611,0,0,0,0,850,761,0,0,0,1075,317,139,80,0,0,0,0,0,0,0,0,0,0,0,0,0,0,0,0,0,0,0,0,0,0,0,0,0,0,0,0,0,0,0,0,0,0,0,0,0,0,0,0,0,0,0,0,0,0,0,0,0,0,0,0,0,0,1584,804,92,25
"20152002000","Xiang","Nhân vật","Nhân vật","","","Gold V","","",1603,0,0,0,0,0,0,6,1597,0,0,0,0,0,0,0,0,0,0,15,259,658,671,0,0,0,0,0,0,0,0,0,0,0,0,0,0,0,0,0,0,0,0,0,6,1,1,4,2,1,5,8,4,50,76,57,59,98,70,86,84,75,109,136,210,142,145,174,1603,847,142,25
"32001009000","M4A1-Iron Beast-Space Purple","Biến đổi vũ khí","Hiệu ứng ánh sáng","","","C","","",1595,0,0,0,1017,566,8,4,0,109,11,2,0,1,2,0,2,1,0,1,0,0,0,0,0,0,1,0,0,0,0,0,0,0,1,0,0,0,0,0,0,0,0,0,1,0,0,0,0,0,0,0,0,0,0,0,0,0,0,0,0,0,0,0,0,0,0,0,1512,554,77,15
"31980302501","Smoke-Born Beast-Continue","Biến đổi vũ khí","Skin","","","Limited","","",1588,0,0,1343,245,0,0,0,0,0,0,0,0,0,0,0,0,0,0,0,0,0,0,0,0,0,0,0,0,0,0,0,0,0,0,0,0,0,0,0,0,0,0,0,0,0,0,0,0,0,0,0,0,0,0,0,0,0,0,0,0,0,0,0,0,0,0,0,1442,694,139,33
"10705054006","Dual Karambit-Mystery City Rainbow-Alpha","Cận chiến","Melee","Melee","Cận chiến","Orange","","",1584,0,0,0,0,0,0,0,1584,0,0,0,0,0,0,0,0,0,0,65,455,597,467,0,0,0,0,0,0,0,0,0,0,0,0,0,0,0,0,0,0,0,0,0,0,2,2,2,22,37,42,54,50,67,74,81,87,72,74,88,77,78,102,106,98,124,139,106,1584,136,11,2
"10510004006","Dual Desperado-Armoured Beast","Vũ khí chính","Shotgun","Shotgun","Shotgun","Gold VVIP","","",1538,351,153,0,0,1034,0,0,0,120,6,0,0,0,0,0,0,0,0,0,0,0,0,0,0,0,0,0,0,0,0,0,0,0,0,0,0,0,0,0,0,0,0,0,0,0,0,0,0,0,0,0,0,0,0,0,0,0,0,0,0,0,0,0,0,0,0,0,1480,783,131,34
"31980203101","Flashbang-Born Beast-Continue","Biến đổi vũ khí","Skin","","","Limited","","",1525,0,0,1287,238,0,0,0,0,0,0,0,0,0,0,0,0,0,0,0,0,0,0,0,0,0,0,0,0,0,0,0,0,0,0,0,0,0,0,0,0,0,0,0,0,0,0,0,0,0,0,0,0,0,0,0,0,0,0,0,0,0,0,0,0,0,0,0,1386,685,143,33
"30310550000","Quà Chí Tôn Khởi Hành","Rương kho báu","Rương kho báu","","","Orange","","",1515,5,2,2,1,116,691,397,301,0,189,160,168,180,110,109,94,67,82,119,96,82,49,10,14,18,13,16,13,17,7,10,8,10,8,7,11,6,9,11,22,12,11,13,32,16,16,12,13,17,13,8,20,9,25,17,4,7,5,14,10,20,14,12,17,12,13,7,1515,65,2,0
"10102132006","M4A1-Iron Beast-Laura","Vũ khí chính","Rifle","Rifle","M4A1","Gold VVIP","","",1506,0,0,0,0,0,856,627,23,0,0,0,0,0,856,310,169,91,46,34,0,0,0,19,42,24,19,18,16,12,13,16,13,12,12,13,7,6,4,7,8,11,3,2,9,3,8,1,7,4,0,0,0,0,0,0,0,0,0,0,0,0,0,0,0,0,0,0,1498,844,149,32
"31960210701","Desert Eagle-Born Beast-Master","Biến đổi vũ khí","Skin","","","Limited","","",1491,0,0,0,0,425,412,357,297,0,506,110,92,79,50,27,19,30,34,378,70,69,27,3,3,2,3,2,1,7,3,5,2,5,3,5,7,6,5,1,6,5,4,5,242,49,30,24,14,14,10,14,12,4,9,6,15,8,7,8,5,11,15,15,5,9,5,8,1491,225,5,0
"31980120301","Grenade-Beast-Ragnarok","Biến đổi vũ khí","Skin","","","B","","",1480,465,851,164,0,0,0,0,0,0,0,0,0,0,0,0,0,0,0,0,0,0,0,0,0,0,0,0,0,0,0,0,0,0,0,0,0,0,0,0,0,0,0,0,0,0,0,0,0,0,0,0,0,0,0,0,0,0,0,0,0,0,0,0,0,0,0,0,1393,571,96,19
"10225005006","GM6-Mechanical Era","Vũ khí chính","Sniper","Sniper","Bắn tỉa khác","Gold VVIP","","",1469,834,544,0,0,4,0,0,87,4,0,0,0,0,0,0,0,0,0,0,0,0,87,0,0,0,0,0,0,0,0,0,0,0,0,0,0,0,0,0,0,0,0,0,0,0,0,0,0,0,0,0,0,0,0,0,0,0,0,0,0,0,0,0,0,0,0,87,1458,695,135,31
"31980202301","Flashbang-Predator-Prime","Biến đổi vũ khí","Skin","","","C","","",1455,0,0,0,0,0,0,411,1044,0,0,0,0,0,0,0,0,0,0,898,346,211,0,0,0,0,0,0,0,0,0,0,0,0,0,0,0,0,0,0,0,0,0,0,411,153,109,82,77,66,57,54,56,51,40,42,46,29,41,34,31,25,30,21,0,0,0,0,1070,420,104,27
"31980115301","Grenade-Beast-Frost","Biến đổi vũ khí","Skin","","","C","","",1454,0,0,0,0,160,1294,0,0,0,686,406,198,109,55,0,0,0,0,0,0,0,0,0,0,0,0,0,0,0,0,0,0,0,0,0,0,0,0,0,0,0,0,0,0,0,0,0,0,0,0,0,0,0,0,0,0,0,0,0,0,0,0,0,0,0,0,0,1314,844,133,30
"10502004006","Jack Hammer-Mutant Killer","Vũ khí chính","Shotgun","Shotgun","Shotgun","Purple","","",1438,0,0,0,0,28,888,410,112,0,107,250,236,158,165,143,85,74,85,53,36,35,11,16,7,18,12,16,8,12,9,4,12,10,14,13,9,6,16,19,10,18,7,13,10,5,5,6,7,7,4,8,5,2,5,3,9,5,6,7,6,5,1,5,2,5,1,3,1351,106,6,1
"31980302101","Smoke-Predator-Prime","Biến đổi vũ khí","Skin","","","C","","",1436,0,0,0,0,0,0,421,1015,0,0,0,0,0,0,0,0,0,0,879,348,209,0,0,0,0,0,0,0,0,0,0,0,0,0,0,0,0,0,0,0,0,0,1,420,146,109,69,66,68,66,60,47,50,38,41,46,42,30,36,24,28,28,21,0,0,0,0,1083,432,96,27
"31980110801","Grenade-Predator-Prime","Biến đổi vũ khí","Skin","","","C","","",1407,0,0,0,0,0,0,412,995,0,0,0,0,0,0,0,0,0,0,871,319,217,0,0,0,0,0,0,0,0,0,0,0,0,0,0,0,0,0,0,0,0,0,0,412,148,103,69,67,72,59,47,46,42,33,44,48,36,30,38,31,33,31,18,0,0,0,0,1012,427,99,27
"10704012006","Kukri-Beast-Noble Gold","Cận chiến","Melee","Melee","Cận chiến","Red","","",1398,155,861,382,0,0,0,0,0,0,0,0,0,0,0,0,0,0,0,0,0,0,0,0,0,0,0,0,0,0,0,0,0,0,0,0,0,0,0,0,0,0,0,0,0,0,0,0,0,0,0,0,0,0,0,0,0,0,0,0,0,0,0,0,0,0,0,0,1314,889,228,33
"31970402301","Kukri-Beast-Noble Gold-Champion Miracle","Biến đổi vũ khí","Skin","","","A","","",1386,140,833,379,0,12,20,2,0,0,13,8,4,3,4,2,0,0,0,0,0,0,0,0,0,0,0,0,0,0,0,0,0,0,0,0,0,0,0,0,0,0,0,0,0,0,0,0,0,0,0,0,0,0,0,0,0,0,0,0,0,0,0,0,0,0,0,0,1285,893,228,34
"31970702301","Shovel-Born Beast-Continue","Biến đổi vũ khí","Skin","","","B","","",1366,0,0,1176,190,0,0,0,0,0,0,0,0,0,0,0,0,0,0,0,0,0,0,0,0,0,0,0,0,0,0,0,0,0,0,0,0,0,0,0,0,0,0,0,0,0,0,0,0,0,0,0,0,0,0,0,0,0,0,0,0,0,0,0,0,0,0,0,1300,712,160,34
"31920203601","Barrett M82A1-Born Beast-Ragnarok","Biến đổi vũ khí","Skin","","","B","","",1354,0,0,0,0,647,707,0,0,0,857,264,143,90,0,0,0,0,0,0,0,0,0,0,0,0,0,0,0,0,0,0,0,0,0,0,0,0,0,0,0,0,0,0,0,0,0,0,0,0,0,0,0,0,0,0,0,0,0,0,0,0,0,0,0,0,0,0,1319,620,90,20
"10614009006","COP 357-Sakura","Vũ khí phụ","Pistol","Secondary","Súng lục","Orange","","",1345,148,875,322,0,0,0,0,0,0,0,0,0,0,0,0,0,0,0,0,0,0,0,0,0,0,0,0,0,0,0,0,0,0,0,0,0,0,0,0,0,0,0,0,0,0,0,0,0,0,0,0,0,0,0,0,0,0,0,0,0,0,0,0,0,0,0,0,1327,794,170,26
"32101013000","Búp Bê Thiết Kỵ","Biến đổi vũ khí","Búp Bê","","","B","","",1337,0,0,0,928,409,0,0,0,77,5,0,0,0,0,0,0,0,0,0,0,0,0,0,0,0,0,0,0,0,0,0,0,0,0,0,0,0,0,0,0,0,0,0,0,0,0,0,0,0,0,0,0,0,0,0,0,0,0,0,0,0,0,0,0,0,0,0,1155,587,86,17
"31002001001","Nhẫn Evil Dragon","Phụ kiện","Nhẫn","","","Purple","","",1322,552,308,432,30,0,0,0,0,0,0,0,0,0,0,0,0,0,0,0,0,0,0,0,0,0,0,0,0,0,0,0,0,0,0,0,0,0,0,0,0,0,0,0,0,0,0,0,0,0,0,0,0,0,0,0,0,0,0,0,0,0,0,0,0,0,0,0,8,1,0,0
"10103016006","QBZ95-Armoured Beast","Vũ khí chính","Rifle","Rifle","Súng trường khác","Gold VVIP","","",1295,291,121,0,0,882,0,1,0,102,6,0,0,0,0,0,1,0,0,0,0,0,0,0,0,0,0,1,0,0,0,0,0,0,0,0,0,0,0,0,0,0,0,0,0,0,0,0,0,0,0,0,0,0,0,0,0,0,0,0,0,0,0,0,0,0,0,0,1261,694,121,28
"31920103601","AWM-Infernal Dragon-Devil","Biến đổi vũ khí","Skin","","","C","","",1291,0,0,0,0,1291,0,0,0,152,8,0,0,0,0,0,0,0,0,0,0,0,0,0,0,0,0,0,0,0,0,0,0,0,0,0,0,0,0,0,0,0,0,0,0,0,0,0,0,0,0,0,0,0,0,0,0,0,0,0,0,0,0,0,0,0,0,0,1274,739,134,29
"32001185000","COP 357-Iron Beast-Green","Biến đổi vũ khí","Hiệu ứng ánh sáng","","","C","","",1289,0,0,0,823,452,11,3,0,85,17,8,1,1,1,0,1,0,1,1,0,0,0,0,0,0,0,0,0,0,0,0,0,0,0,0,1,0,0,0,0,0,0,1,0,0,0,0,0,0,0,0,0,0,0,0,0,0,0,0,0,0,0,0,0,0,0,0,1183,611,78,18
"32001041000","Barrett M82A1-Born Beast-Yellow","Biến đổi vũ khí","Hiệu ứng ánh sáng","","","B","","",1287,0,0,0,0,521,753,9,4,0,761,297,127,87,2,2,2,2,3,0,3,1,0,0,0,1,0,1,0,0,0,0,0,0,1,1,1,0,1,0,1,0,0,0,0,0,0,0,0,0,0,2,0,0,0,1,0,0,0,0,0,0,0,1,0,0,0,0,1216,336,41,8
"30310548000","Quà Khởi Trình Cao Cấp","Rương kho báu","Rương kho báu","","","Orange","","",1241,0,1,0,4,86,576,365,209,0,148,143,133,147,91,102,84,76,71,91,68,59,23,10,14,11,18,11,8,16,10,11,6,15,9,9,14,5,16,8,12,9,7,10,22,14,11,11,10,13,7,12,9,11,14,11,4,5,6,7,7,8,11,15,8,5,5,5,1240,55,2,0
"10405020006","Steyr TMP-Prime","Vũ khí chính","SMG","SMG","SMG","Purple","","",1236,0,0,0,0,0,0,1234,2,0,0,0,0,0,0,0,65,1165,3,2,1,0,0,0,0,0,0,4,61,197,282,326,336,23,0,1,0,1,0,2,0,0,0,0,1,0,0,1,0,0,0,0,0,0,0,1,0,0,0,0,0,0,0,0,0,0,0,0,1236,169,14,2
"31970402201","Kukri-Beast-Ragnarok","Biến đổi vũ khí","Skin","","","B","","",1234,362,699,173,0,0,0,0,0,0,0,0,0,0,0,0,0,0,0,0,0,0,0,0,0,0,0,0,0,0,0,0,0,0,0,0,0,0,0,0,0,0,0,0,0,0,0,0,0,0,0,0,0,0,0,0,0,0,0,0,0,0,0,0,0,0,0,0,1198,588,111,25
"31960701401","Anaconda-Born Beast-Continue","Biến đổi vũ khí","Skin","","","B","","",1221,0,0,1054,167,0,0,0,0,0,0,0,0,0,0,0,0,0,0,0,0,0,0,0,0,0,0,0,0,0,0,0,0,0,0,0,0,0,0,0,0,0,0,0,0,0,0,0,0,0,0,0,0,0,0,0,0,0,0,0,0,0,0,0,0,0,0,0,1125,613,143,34
"10704035006","Kukri-Mini","Cận chiến","Melee","Melee","Cận chiến","Orange","","",1218,0,0,1184,34,0,0,0,0,0,0,0,0,0,0,0,0,0,0,0,0,0,0,0,0,0,0,0,0,0,0,0,0,0,0,0,0,0,0,0,0,0,0,0,0,0,0,0,0,0,0,0,0,0,0,0,0,0,0,0,0,0,0,0,0,0,0,0,1217,63,9,1
"31910208901","M4A1-Iron Beast-Noble Gold-Champion Miracle","Biến đổi vũ khí","Skin","","","A","","",1201,120,702,311,0,27,33,8,0,0,29,9,9,5,8,8,0,0,0,0,0,0,0,0,0,0,0,0,0,0,0,0,0,0,0,0,0,0,0,0,0,0,0,0,0,0,0,0,0,0,0,0,0,0,0,0,0,0,0,0,0,0,0,0,0,0,0,0,1154,788,227,34
"10702036006","Butterfly Knife-Iron Shark","Cận chiến","Melee","Melee","Cận chiến","Gold V","","",1201,0,0,0,0,0,0,353,848,0,0,0,0,0,0,0,0,0,0,871,198,89,43,0,0,0,0,0,0,0,0,0,0,0,0,0,0,0,0,0,0,0,0,1,352,160,121,111,72,54,53,29,27,19,33,23,14,5,14,13,15,15,17,10,8,13,13,9,1190,441,91,24
"10202005006","Barrett M82A1-Iron Shark","Vũ khí chính","Sniper","Sniper","Barrett","Gold V","","",1195,22,1,28,17,0,0,376,751,0,0,0,0,0,0,0,0,0,0,789,188,107,43,0,0,0,0,0,0,0,0,0,0,0,0,0,0,0,0,0,0,0,0,0,376,142,106,70,53,42,48,27,22,20,30,22,19,16,21,13,16,17,17,7,12,10,10,11,1189,486,95,27
"30414037000","30414037000","","","","","","","",1186,0,98,158,229,241,211,136,113,33,118,48,45,40,40,37,37,27,26,34,38,37,13,6,4,7,2,6,5,6,5,3,4,0,5,4,4,3,3,3,6,4,3,5,4,8,5,2,8,2,8,2,4,5,6,5,8,5,2,7,10,3,3,7,4,5,2,2,728,1,1,0
"31971000801","Thunderbolt Hammer-Iron Beast-Punk","Biến đổi vũ khí","Skin","","","C","","",1186,0,0,0,855,331,0,0,0,75,9,0,0,0,0,0,0,0,0,0,0,0,0,0,0,0,0,0,0,0,0,0,0,0,0,0,0,0,0,0,0,0,0,0,0,0,0,0,0,0,0,0,0,0,0,0,0,0,0,0,0,0,0,0,0,0,0,0,1138,723,172,34
"32001187000","COP 357-Iron Beast-White","Biến đổi vũ khí","Hiệu ứng ánh sáng","","","C","","",1179,0,0,0,801,373,2,3,0,86,10,1,0,0,1,1,0,0,2,0,0,0,0,0,0,0,0,0,0,0,0,0,0,0,0,0,1,1,0,0,0,0,0,0,0,0,0,0,0,0,0,0,0,0,0,0,0,0,0,0,0,0,0,0,0,0,0,0,1062,509,67,18
"31970404001","Kukri-Beast-Frost","Biến đổi vũ khí","Skin","","","C","","",1169,0,0,0,0,162,1007,0,0,0,561,338,134,88,48,0,0,0,0,0,0,0,0,0,0,0,0,0,0,0,0,0,0,0,0,0,0,0,0,0,0,0,0,0,0,0,0,0,0,0,0,0,0,0,0,0,0,0,0,0,0,0,0,0,0,0,0,0,1139,772,125,27
"31980207501","Flashbang-Beast-Ragnarok","Biến đổi vũ khí","Skin","","","B","","",1162,384,638,140,0,0,0,0,0,0,0,0,0,0,0,0,0,0,0,0,0,0,0,0,0,0,0,0,0,0,0,0,0,0,0,0,0,0,0,0,0,0,0,0,0,0,0,0,0,0,0,0,0,0,0,0,0,0,0,0,0,0,0,0,0,0,0,0,1122,484,89,15
"31980120401","Grenade-Born Beast-A-Ragnarok","Biến đổi vũ khí","Skin","","","B","","",1155,0,0,0,0,1155,0,0,0,119,13,0,0,0,0,0,0,0,0,0,0,0,0,0,0,0,0,0,0,0,0,0,0,0,0,0,0,0,0,0,0,0,0,0,0,0,0,0,0,0,0,0,0,0,0,0,0,0,0,0,0,0,0,0,0,0,0,0,1114,464,99,29
"10139002006","G36-Mechanical Era","Vũ khí chính","Rifle","Rifle","Súng trường khác","Gold V","","",1152,642,448,0,0,0,0,0,62,0,0,0,0,0,0,0,0,0,0,0,0,0,62,0,0,0,0,0,0,0,0,0,0,0,0,0,0,0,0,0,0,0,0,0,0,0,0,0,0,0,0,0,0,0,0,0,0,0,0,0,0,0,0,0,0,0,0,62,1148,573,111,29
"31960204701","Desert Eagle-Born Beast-Noble Gold-Champion Miracle","Biến đổi vũ khí","Skin","","","A","","",1118,124,674,299,0,9,10,2,0,0,12,2,2,1,2,2,0,0,0,0,0,0,0,0,0,0,0,0,0,0,0,0,0,0,0,0,0,0,0,0,0,0,0,0,0,0,0,0,0,0,0,0,0,0,0,0,0,0,0,0,0,0,0,0,0,0,0,0,1067,739,213,34
"10602090006","Desert Eagle-Pro Max","Vũ khí phụ","Pistol","Secondary","Súng lục","Orange","","",1116,0,0,1082,34,0,0,0,0,0,0,0,0,0,0,0,0,0,0,0,0,0,0,0,0,0,0,0,0,0,0,0,0,0,0,0,0,0,0,0,0,0,0,0,0,0,0,0,0,0,0,0,0,0,0,0,0,0,0,0,0,0,0,0,0,0,0,0,1116,59,1,0
"10101086006","AK47-RED","Vũ khí chính","Rifle","Rifle","AK47","Purple","","",1096,0,0,0,0,0,0,509,587,0,0,0,0,0,0,0,0,0,0,771,159,112,54,0,0,0,0,0,0,0,0,0,0,0,0,0,0,0,0,0,0,0,0,0,509,91,54,45,42,30,19,33,30,25,10,25,17,16,12,19,16,19,16,14,13,17,16,8,1091,67,2,0
"10101096006","AK47-Rose","Vũ khí chính","Rifle","Rifle","AK47","Purple","","",1078,0,0,0,0,0,0,508,570,0,0,0,0,0,0,0,0,0,0,785,137,96,60,0,0,0,0,0,0,0,0,0,0,0,0,0,0,0,0,0,0,0,0,0,508,111,52,54,33,27,26,18,25,17,17,18,16,20,12,18,14,19,2,11,17,20,10,13,1077,68,2,0
"10113003006","M16-Royal Dragon","Vũ khí chính","Rifle","Rifle","Súng trường khác","Purple","","",1076,0,0,0,0,0,0,475,601,0,0,0,0,0,0,0,0,0,0,760,140,111,65,0,0,0,0,0,0,0,0,0,0,0,0,0,0,0,0,0,0,0,0,0,475,116,54,43,38,34,25,25,14,13,13,31,19,15,13,20,22,12,13,16,22,14,17,12,1072,59,2,0
"10109004006","9A91-Royal Fire","Vũ khí chính","Rifle","Rifle","Súng trường khác","Purple","","",1075,0,0,0,0,0,0,518,557,0,0,0,0,0,0,0,0,0,0,784,136,94,61,0,0,0,0,0,0,0,0,0,0,0,0,0,0,0,0,0,0,0,0,0,518,97,59,44,37,29,20,21,18,23,13,18,23,12,17,11,15,18,9,12,14,12,15,20,1073,81,3,0
"31980306301","Smoke-Beast-Ragnarok","Biến đổi vũ khí","Skin","","","B","","",1072,343,586,143,0,0,0,0,0,0,0,0,0,0,0,0,0,0,0,0,0,0,0,0,0,0,0,0,0,0,0,0,0,0,0,0,0,0,0,0,0,0,0,0,0,0,0,0,0,0,0,0,0,0,0,0,0,0,0,0,0,0,0,0,0,0,0,0,1049,464,83,16
"10102165006","M4A1-Red","Vũ khí chính","Rifle","Rifle","M4A1","Purple","","",1070,0,0,0,0,0,0,511,559,0,0,0,0,0,0,0,0,0,0,782,137,102,49,0,0,0,0,0,0,0,0,0,0,0,0,0,0,0,0,0,0,0,0,0,511,107,51,44,39,30,21,17,15,29,19,22,14,9,13,16,15,19,14,16,15,12,11,11,1063,65,1,1
"10307002006","KAC-Ancient Dragon","Vũ khí chính","MG","Machine Gun","SMG","Purple","","",1066,0,0,0,0,0,0,529,537,0,0,0,0,0,0,0,0,0,0,786,133,95,52,0,0,0,0,0,0,0,0,0,0,0,0,0,0,0,0,0,0,0,0,0,529,95,63,31,41,27,25,22,12,13,20,27,14,10,19,16,8,13,14,15,13,18,7,14,1060,78,4,0
"32001008000","M4A1-Iron Beast-Pink","Biến đổi vũ khí","Hiệu ứng ánh sáng","","","C","","",1064,0,0,0,690,364,8,2,0,65,15,8,0,0,0,1,0,1,0,0,0,0,0,0,0,0,0,0,0,0,0,1,0,0,0,0,0,0,0,0,0,0,0,0,0,0,0,0,0,0,0,0,0,0,0,0,0,0,0,0,0,0,0,0,0,0,0,0,1014,411,60,9
"10102007006","M4A1-Iron Beast-Noble Gold","Vũ khí chính","Rifle","Rifle","M4A1","Red","","",1062,118,655,289,0,0,0,0,0,0,0,0,0,0,0,0,0,0,0,0,0,0,0,0,0,0,0,0,0,0,0,0,0,0,0,0,0,0,0,0,0,0,0,0,0,0,0,0,0,0,0,0,0,0,0,0,0,0,0,0,0,0,0,0,0,0,0,0,1048,726,216,33
"10102012006","M4A1-S Jasmine","Vũ khí chính","Rifle","Rifle","M4A1","Purple","","",1062,0,0,0,0,0,0,514,548,0,0,0,0,0,0,0,0,0,0,784,140,78,60,0,0,0,0,0,0,0,0,0,0,0,0,0,0,0,0,0,0,0,0,0,514,90,64,51,37,28,30,22,17,16,14,17,24,10,8,12,11,15,11,11,19,18,12,11,1059,55,2,0
"10321003006","QBB95-Ancient War","Vũ khí chính","MG","Machine Gun","SMG","Gold V","","",1057,0,0,0,0,0,0,0,1057,0,0,0,0,0,0,0,0,0,0,0,30,623,404,0,0,0,0,0,0,0,0,0,0,0,0,0,0,0,0,0,0,0,0,0,0,0,0,0,0,0,0,0,0,0,0,2,28,40,80,91,109,102,98,103,104,95,93,112,1040,217,17,5
"10602026006","Desert Eagle-Born Beast-Noble Gold","Vũ khí phụ","Pistol","Secondary","Súng lục","Red","","",1056,120,646,290,0,0,0,0,0,0,0,0,0,0,0,0,0,0,0,0,0,0,0,0,0,0,0,0,0,0,0,0,0,0,0,0,0,0,0,0,0,0,0,0,0,0,0,0,0,0,0,0,0,0,0,0,0,0,0,0,0,0,0,0,0,0,0,0,1020,705,212,33
"10304004006","M249-Oriental Phoenix","Vũ khí chính","MG","Machine Gun","SMG","Purple","","",1053,0,0,0,0,0,0,512,541,0,0,0,0,0,0,0,0,0,0,768,139,100,46,0,0,0,0,0,0,0,0,0,0,0,0,0,0,0,0,0,0,0,0,0,512,94,60,38,33,31,20,23,23,14,20,18,21,14,17,15,12,16,10,16,12,13,9,12,1051,65,1,0
"10602041006","Desert Eagle-Rose","Vũ khí phụ","Pistol","Secondary","Súng lục","Purple","","",1047,0,0,0,0,0,0,496,551,0,0,0,0,0,0,0,0,0,0,760,137,94,56,0,0,0,0,0,0,0,0,0,0,0,0,0,0,0,0,0,0,0,0,0,496,95,47,50,43,29,26,25,11,21,22,19,13,15,12,12,13,14,13,15,17,9,13,17,1045,71,4,1
"30117381001","Khung S-I【B】","Cá nhân hóa","Khung","","","Orange","","",1044,0,0,0,0,0,0,0,1044,0,0,0,0,0,0,0,0,0,0,20,247,398,379,0,0,0,0,0,0,0,0,0,0,0,0,0,0,0,0,0,0,0,0,0,0,0,0,2,8,10,20,34,20,43,40,49,41,40,49,62,48,53,67,79,87,100,116,76,1012,137,9,3
"10623002006","Colt1911-RED","Vũ khí phụ","Pistol","Secondary","Súng lục","Purple","","",1043,0,0,0,0,0,0,508,535,0,0,0,0,0,0,0,0,0,0,782,126,90,45,0,0,0,0,0,0,0,0,0,0,0,0,0,0,0,0,0,0,0,0,0,508,98,71,46,29,30,19,21,18,21,11,24,12,10,14,15,20,10,8,13,10,14,9,12,1039,59,1,0
"10226001006","SR25-Titan","Vũ khí chính","Sniper","Sniper","Bắn tỉa khác","Orange","","",1043,0,0,0,0,0,0,0,1043,0,0,0,0,0,0,0,0,0,0,0,0,110,933,0,0,0,0,0,0,0,0,0,0,0,0,0,0,0,0,0,0,0,0,0,0,0,0,0,0,0,0,0,0,0,0,0,0,0,0,0,0,24,32,54,92,160,287,394,1031,137,17,3
"10307006006","KAC-Gold","Vũ khí chính","MG","Machine Gun","SMG","Orange","","",1042,0,0,0,0,0,0,507,535,0,0,0,0,0,0,0,0,0,0,780,133,70,59,0,0,0,0,0,0,0,0,0,0,0,0,0,0,0,0,0,0,0,0,0,507,105,48,44,45,31,28,26,20,12,14,20,13,6,18,14,4,14,9,5,6,18,18,17,1036,68,3,1
"32001010000","M4A1-Iron Beast-Green","Biến đổi vũ khí","Hiệu ứng ánh sáng","","","C","","",1040,0,0,0,640,394,4,2,0,92,10,1,1,1,0,2,0,0,0,0,0,0,0,0,0,0,0,0,0,0,0,0,0,0,0,0,0,0,0,0,0,0,0,0,0,0,0,0,0,0,0,0,0,0,0,0,0,0,0,0,0,0,0,0,0,0,0,0,976,359,55,9
"10102034006","M4A1-XS-Ancient Dragon","Vũ khí chính","Rifle","Rifle","M4A1","Purple","","",1037,0,0,0,0,0,0,507,530,0,0,0,0,0,0,0,0,0,0,766,128,82,61,0,0,0,0,0,0,0,0,0,0,0,0,0,0,0,0,0,0,0,0,0,507,105,48,40,37,29,27,15,18,14,17,24,13,11,14,16,15,11,8,7,15,16,13,17,1031,64,4,1
"10103007006","QBZ95-Royal Dragon","Vũ khí chính","Rifle","Rifle","Súng trường khác","Purple","","",1034,0,0,0,0,0,0,488,546,0,0,0,0,0,0,0,0,0,0,748,147,94,45,0,0,0,0,0,0,0,0,0,0,0,0,0,0,0,0,0,0,0,0,0,488,103,49,40,42,26,32,25,19,22,16,19,14,13,19,11,15,16,9,11,9,14,14,8,1033,63,0,1
"10101013006","AK47-A Jasmine","Vũ khí chính","Rifle","Rifle","AK47","Purple","","",1030,0,0,0,0,0,0,500,530,0,0,0,0,0,0,0,0,0,0,760,127,97,46,0,0,0,0,0,0,0,0,0,0,0,0,0,0,0,0,0,0,0,0,0,500,95,57,40,42,26,20,17,23,13,10,22,22,17,15,11,16,14,8,16,9,11,6,20,1027,63,0,0
"10302004006","RPK-Jasmine","Vũ khí chính","MG","Machine Gun","SMG","Purple","","",1026,0,0,0,0,0,0,504,522,0,0,0,0,0,0,0,0,0,0,757,139,94,36,0,0,0,0,0,0,0,0,0,0,0,0,0,0,0,0,0,0,0,0,0,504,94,56,36,42,25,27,19,19,12,19,26,17,8,16,15,12,20,12,11,6,13,11,6,1023,88,3,0
"10404009006","Thompson-Gold","Vũ khí chính","SMG","SMG","SMG","Orange","","",1020,0,0,0,0,0,0,483,537,0,0,0,0,0,0,0,0,0,0,749,125,99,47,0,0,0,0,0,0,0,0,0,0,0,0,0,0,0,0,0,0,0,0,0,483,111,55,34,35,31,15,18,25,17,13,20,17,16,20,15,8,15,10,15,11,14,11,11,1016,61,3,0
"10503002006","Armsel Striker-Oriental Phoenix","Vũ khí chính","Shotgun","Shotgun","Shotgun","Purple","","",1020,0,0,0,0,0,0,483,537,0,0,0,0,0,0,0,0,0,0,745,118,105,52,0,0,0,0,0,0,0,0,0,0,0,0,0,0,0,0,0,0,0,0,0,483,88,62,54,34,24,20,15,21,21,13,18,10,20,17,15,10,19,10,14,15,10,10,17,1014,71,0,1
"10403014006","MK5-Gold","Vũ khí chính","SMG","SMG","SMG","Orange","","",1011,0,0,0,0,0,0,492,519,0,0,0,0,0,0,0,0,0,0,756,116,91,48,0,0,0,0,0,0,0,0,0,0,0,0,0,0,0,0,0,0,0,0,0,492,90,62,43,36,33,21,16,13,11,14,27,14,11,18,15,13,11,13,10,15,12,8,13,1006,49,4,0
"10119004006","QBZ03-Royal Dragon","Vũ khí chính","Rifle","Rifle","Súng trường khác","Purple","","",1008,0,0,0,0,0,0,480,528,0,0,0,0,0,0,0,0,0,0,711,152,100,45,0,0,0,0,0,0,0,0,0,0,0,0,0,0,0,0,0,0,0,0,0,480,97,41,42,26,25,18,30,20,18,17,21,28,16,13,17,13,16,15,10,11,15,11,8,1005,68,1,0
"31980306401","Smoke-Born Beast-A-Ragnarok","Biến đổi vũ khí","Skin","","","B","","",1006,0,0,0,0,1006,0,0,0,135,12,0,0,0,0,0,0,0,0,0,0,0,0,0,0,0,0,0,0,0,0,0,0,0,0,0,0,0,0,0,0,0,0,0,0,0,0,0,0,0,0,0,0,0,0,0,0,0,0,0,0,0,0,0,0,0,0,0,988,385,98,31
"10201042006","AWM-Spearfish","Vũ khí chính","Sniper","Sniper","AWM","Orange","","",1006,0,0,0,0,0,0,0,1006,0,0,0,0,0,0,0,0,0,0,0,0,0,1006,0,0,0,0,0,0,0,0,0,0,0,0,0,0,0,0,0,0,0,0,0,0,0,0,0,0,0,0,0,0,0,0,0,0,0,0,0,0,0,0,0,0,0,0,1006,1006,117,7,1
"31910120901","AK47-Born Beast-Ragnarok","Biến đổi vũ khí","Skin","","","B","","",988,0,0,0,0,0,0,0,988,0,0,0,0,0,0,0,0,0,0,0,0,736,252,0,0,0,0,0,0,0,0,0,0,0,0,0,0,0,0,0,0,0,0,0,0,0,0,0,0,0,0,0,0,0,0,0,0,0,0,0,178,296,153,109,84,62,62,44,986,377,51,16
"10101148006","AK47-Mini","Vũ khí chính","Rifle","Rifle","AK47","Orange","","",987,0,0,970,17,0,0,0,0,0,0,0,0,0,0,0,0,0,0,0,0,0,0,0,0,0,0,0,0,0,0,0,0,0,0,0,0,0,0,0,0,0,0,0,0,0,0,0,0,0,0,0,0,0,0,0,0,0,0,0,0,0,0,0,0,0,0,0,987,63,6,0
"32101055000","Búp Bê Wu Mengmeng","Biến đổi vũ khí","Búp Bê","","","S","","",984,0,0,0,0,0,0,0,984,0,0,0,0,0,0,0,0,0,0,0,635,287,62,0,0,0,0,0,0,0,0,0,0,0,0,0,0,0,0,0,0,0,0,0,0,0,0,0,0,0,0,0,0,192,244,121,78,49,51,52,38,41,31,25,18,15,18,11,727,403,88,20
"10301004006","M60-Gold","Vũ khí chính","MG","Machine Gun","SMG","Orange","","",981,0,0,0,0,0,0,480,501,0,0,0,0,0,0,0,0,0,0,735,121,83,42,0,0,0,0,0,0,0,0,0,0,0,0,0,0,0,0,0,0,0,0,0,480,75,57,47,48,28,20,17,20,14,11,23,16,9,9,16,10,10,13,16,16,8,11,7,979,60,1,0
"10307008006","KAC-Chameleon","Vũ khí chính","MG","Machine Gun","SMG","Gold VVIP","","",977,0,0,0,0,977,0,0,0,257,81,0,0,0,0,0,0,0,0,0,0,0,0,0,0,0,0,0,0,0,0,0,0,0,0,0,0,0,0,0,0,0,0,0,0,0,0,0,0,0,0,0,0,0,0,0,0,0,0,0,0,0,0,0,0,0,0,0,969,394,88,29
"10706009006","Keris-Born Beast","Cận chiến","Melee","Melee","Cận chiến","Gold V","","",968,0,0,0,0,520,448,0,0,0,652,171,85,60,0,0,0,0,0,0,0,0,0,0,0,0,0,0,0,0,0,0,0,0,0,0,0,0,0,0,0,0,0,0,0,0,0,0,0,0,0,0,0,0,0,0,0,0,0,0,0,0,0,0,0,0,0,0,965,505,85,26
"31960204401","Desert Eagle-Beast-Ragnarok","Biến đổi vũ khí","Skin","","","B","","",964,307,538,119,0,0,0,0,0,0,0,0,0,0,0,0,0,0,0,0,0,0,0,0,0,0,0,0,0,0,0,0,0,0,0,0,0,0,0,0,0,0,0,0,0,0,0,0,0,0,0,0,0,0,0,0,0,0,0,0,0,0,0,0,0,0,0,0,946,497,102,20
"10201055001","10201055001","","","","AWM","","","",937,0,0,0,0,0,0,2,935,0,0,0,0,0,0,0,0,0,0,136,290,311,200,0,0,0,0,0,0,0,0,0,0,0,0,0,0,0,0,0,0,0,0,0,2,11,30,24,34,35,28,40,41,35,45,48,53,35,49,41,46,54,43,43,47,60,47,46,937,11,1,0
"10102086006","M4A1-Overlimit Engine","Vũ khí chính","Rifle","Rifle","M4A1","Gold VVIP","","",933,0,0,0,0,0,0,593,340,0,0,0,0,0,0,0,2,1,491,207,112,70,50,0,1,1,0,0,0,1,0,0,0,0,0,0,0,0,0,1,360,80,50,46,53,34,15,27,16,16,17,16,16,11,13,23,16,7,8,11,16,14,5,9,13,12,12,13,933,280,68,23
"10140002006","MK47-Mechanical Era","Vũ khí chính","Rifle","Rifle","Súng trường khác","Gold VVIP","","",927,515,354,0,0,4,0,0,54,4,0,0,0,0,0,0,0,0,0,0,0,0,54,0,0,0,0,0,0,0,0,0,0,0,0,0,0,0,0,0,0,0,0,0,0,0,0,0,0,0,0,0,0,0,0,0,0,0,0,0,0,0,0,0,0,0,0,54,920,479,105,26
"10602079006","Desert Eagle-Mini","Vũ khí phụ","Pistol","Secondary","Súng lục","Orange","","",917,0,0,892,25,0,0,0,0,0,0,0,0,0,0,0,0,0,0,0,0,0,0,0,0,0,0,0,0,0,0,0,0,0,0,0,0,0,0,0,0,0,0,0,0,0,0,0,0,0,0,0,0,0,0,0,0,0,0,0,0,0,0,0,0,0,0,0,917,57,1,0
"32902001000","Barrett M82A1-Born Beast-Battlefield","Biến đổi vũ khí","Card âm thanh","","","A","","",906,0,0,0,0,448,458,0,0,0,573,165,102,66,0,0,0,0,0,0,0,0,0,0,0,0,0,0,0,0,0,0,0,0,0,0,0,0,0,0,0,0,0,0,0,0,0,0,0,0,0,0,0,0,0,0,0,0,0,0,0,0,0,0,0,0,0,0,888,461,78,17
"10101183006","AK47-Pro Max","Vũ khí chính","Rifle","Rifle","AK47","Orange","","",906,0,0,872,34,0,0,0,0,0,0,0,0,0,0,0,0,0,0,0,0,0,0,0,0,0,0,0,0,0,0,0,0,0,0,0,0,0,0,0,0,0,0,0,0,0,0,0,0,0,0,0,0,0,0,0,0,0,0,0,0,0,0,0,0,0,0,0,906,68,4,0
"31980207601","Flashbang-Born Beast-A-Ragnarok","Biến đổi vũ khí","Skin","","","B","","",882,0,0,0,0,882,0,0,0,112,17,0,0,0,0,0,0,0,0,0,0,0,0,0,0,0,0,0,0,0,0,0,0,0,0,0,0,0,0,0,0,0,0,0,0,0,0,0,0,0,0,0,0,0,0,0,0,0,0,0,0,0,0,0,0,0,0,0,868,382,100,29
"10405015006","Steyr TMP-Armoured Beast","Vũ khí chính","SMG","SMG","SMG","Gold VVIP","","",874,621,253,0,0,0,0,0,0,0,0,0,0,0,0,0,0,0,0,0,0,0,0,0,0,0,0,0,0,0,0,0,0,0,0,0,0,0,0,0,0,0,0,0,0,0,0,0,0,0,0,0,0,0,0,0,0,0,0,0,0,0,0,0,0,0,0,0,871,300,65,19
"34001129000","Hóa Trang Sủi Cảo","Thời trang","headgear","","","C","","",872,217,177,237,89,60,49,23,20,6,20,15,9,4,14,4,9,4,1,14,4,6,1,1,3,1,1,0,0,0,1,0,2,0,1,0,1,0,0,0,0,0,0,0,5,1,1,3,2,2,1,0,1,0,1,0,1,1,0,1,0,4,0,0,0,0,1,0,870,20,1,0
"10521002006","M1216-T-Rex","Vũ khí chính","Shotgun","Shotgun","Shotgun","Gold VVIP","","",860,0,0,0,0,0,815,45,0,0,0,470,184,99,62,45,0,0,0,0,0,0,0,0,0,0,0,0,0,0,0,0,0,0,0,0,0,0,0,0,0,0,0,0,0,0,0,0,0,0,0,0,0,0,0,0,0,0,0,0,0,0,0,0,0,0,0,0,824,464,117,30
"10703052006","B.C Axe-T-Rex","Cận chiến","Melee","Melee","Cận chiến","Gold VVIP","","",844,0,0,0,0,0,805,39,0,0,0,441,185,102,77,39,0,0,0,0,0,0,0,0,0,0,0,0,0,0,0,0,0,0,0,0,0,0,0,0,0,0,0,0,0,0,0,0,0,0,0,0,0,0,0,0,0,0,0,0,0,0,0,0,0,0,0,0,796,443,114,30
"32923001000","M4A1-Born Beast-Battlefield","Biến đổi vũ khí","Card âm thanh","","","A","","",834,0,0,0,0,834,0,0,0,67,6,0,0,0,0,0,0,0,0,0,0,0,0,0,0,0,0,0,0,0,0,0,0,0,0,0,0,0,0,0,0,0,0,0,0,0,0,0,0,0,0,0,0,0,0,0,0,0,0,0,0,0,0,0,0,0,0,0,826,416,66,14
"10202014006","Barrett M82A1-Gun Girl","Vũ khí chính","Sniper","Sniper","Barrett","Gold VVIP","","",827,0,0,0,0,0,0,704,123,0,0,0,0,0,0,0,460,161,70,47,44,45,0,0,0,139,212,65,44,43,29,26,19,26,8,10,7,13,6,6,12,11,15,9,4,8,6,7,4,9,2,6,10,4,6,10,6,6,9,7,7,4,8,4,0,0,0,0,821,401,74,28
"32901001000","AK47-Iron Beast-Battlefield","Biến đổi vũ khí","Card âm thanh","","","A","","",820,460,360,0,0,0,0,0,0,0,0,0,0,0,0,0,0,0,0,0,0,0,0,0,0,0,0,0,0,0,0,0,0,0,0,0,0,0,0,0,0,0,0,0,0,0,0,0,0,0,0,0,0,0,0,0,0,0,0,0,0,0,0,0,0,0,0,0,776,347,57,12
"31234317000","Rương Hiệu Ứng Ánh Sáng B.C Axe-Iron Beast","Phiếu trải nghiệm","Thẻ tự chọn","","","Orange","","",803,528,275,0,0,0,0,0,0,0,0,0,0,0,0,0,0,0,0,0,0,0,0,0,0,0,0,0,0,0,0,0,0,0,0,0,0,0,0,0,0,0,0,0,0,0,0,0,0,0,0,0,0,0,0,0,0,0,0,0,0,0,0,0,0,0,0,0,659,197,25,9
"10137001006","M4A1-Mini","Vũ khí chính","Rifle","Rifle","Súng trường khác","Orange","","",771,0,0,754,17,0,0,0,0,0,0,0,0,0,0,0,0,0,0,0,0,0,0,0,0,0,0,0,0,0,0,0,0,0,0,0,0,0,0,0,0,0,0,0,0,0,0,0,0,0,0,0,0,0,0,0,0,0,0,0,0,0,0,0,0,0,0,0,771,47,5,1
"10607045006","Anaconda-T-Rex","Vũ khí phụ","Pistol","Secondary","Súng lục","Gold VVIP","","",763,0,0,0,0,0,727,36,0,0,0,429,159,87,52,36,0,0,0,0,0,0,0,0,0,0,0,0,0,0,0,0,0,0,0,0,0,0,0,0,0,0,0,0,0,0,0,0,0,0,0,0,0,0,0,0,0,0,0,0,0,0,0,0,0,0,0,0,732,422,100,30
"10602078006","Desert Eagle-Tournament Spirit","Vũ khí phụ","Pistol","Secondary","Súng lục","Gold VVIP","","",749,0,211,416,122,0,0,0,0,0,0,0,0,0,0,0,0,0,0,0,0,0,0,0,0,0,0,0,0,0,0,0,0,0,0,0,0,0,0,0,0,0,0,0,0,0,0,0,0,0,0,0,0,0,0,0,0,0,0,0,0,0,0,0,0,0,0,0,745,300,80,23
"10738002006","Jungle Knife-Predator","Cận chiến","Melee","Melee","Cận chiến","Gold V","","",749,2,0,0,0,0,0,227,520,0,0,0,0,0,0,0,0,0,0,475,160,112,0,0,0,0,0,0,0,0,0,0,0,0,0,0,0,0,0,0,0,0,0,0,227,88,53,38,38,31,23,27,27,27,20,15,21,18,15,21,14,18,15,11,0,0,0,0,723,343,85,27
"31961701301","Dual Double Barrel-Born Beast-Ragnarok","Biến đổi vũ khí","Skin","","","B","","",720,0,0,0,0,720,0,0,0,52,5,0,0,0,0,0,0,0,0,0,0,0,0,0,0,0,0,0,0,0,0,0,0,0,0,0,0,0,0,0,0,0,0,0,0,0,0,0,0,0,0,0,0,0,0,0,0,0,0,0,0,0,0,0,0,0,0,0,706,381,128,30
"10102121006","M4A1-S-Chameleon","Vũ khí chính","Rifle","Rifle","M4A1","Gold VVIP","","",710,0,0,0,0,710,0,0,0,199,56,0,0,0,0,0,0,0,0,0,0,0,0,0,0,0,0,0,0,0,0,0,0,0,0,0,0,0,0,0,0,0,0,0,0,0,0,0,0,0,0,0,0,0,0,0,0,0,0,0,0,0,0,0,0,0,0,0,705,297,78,27
"10707005006","Shovel-Gilt","Cận chiến","Melee","Melee","Cận chiến","Orange","","",707,0,0,0,5,15,65,197,425,1,6,7,11,25,20,33,40,13,10,186,50,208,82,4,6,1,1,5,1,3,1,1,1,4,1,2,2,0,2,1,3,2,0,3,98,18,16,23,14,14,12,5,4,5,7,9,8,7,9,3,65,62,29,33,32,18,23,9,707,237,59,28
"32101020000","Búp Bê Thỏ Nhỏ Cung Đình","Biến đổi vũ khí","Búp Bê","","","C","","",703,0,0,0,0,0,658,45,0,0,0,366,158,78,56,45,0,0,0,0,0,0,0,0,0,0,0,0,0,0,0,0,0,0,0,0,0,0,0,0,0,0,0,0,0,0,0,0,0,0,0,0,0,0,0,0,0,0,0,0,0,0,0,0,0,0,0,0,489,236,66,19
"31960208701","Desert Eagle-Beast-Frost","Biến đổi vũ khí","Skin","","","C","","",696,0,0,0,0,96,600,0,0,0,354,201,66,48,27,0,0,0,0,0,0,0,0,0,0,0,0,0,0,0,0,0,0,0,0,0,0,0,0,0,0,0,0,0,0,0,0,0,0,0,0,0,0,0,0,0,0,0,0,0,0,0,0,0,0,0,0,0,691,465,96,23
"31234381000","Rương Hiệu Ứng Ánh Sáng Desert Eagle-Born Beast","Phiếu trải nghiệm","Thẻ tự chọn","","","Orange","","",693,0,0,0,0,279,414,0,0,0,414,165,55,59,0,0,0,0,0,0,0,0,0,0,0,0,0,0,0,0,0,0,0,0,0,0,0,0,0,0,0,0,0,0,0,0,0,0,0,0,0,0,0,0,0,0,0,0,0,0,0,0,0,0,0,0,0,0,644,205,27,9
"32001055000","Barrett M82A1-Born Beast-Blue","Biến đổi vũ khí","Hiệu ứng ánh sáng","","","C","","",674,0,0,0,0,281,383,8,2,0,386,147,84,45,2,3,2,2,1,1,0,1,0,0,0,0,2,0,0,0,0,1,0,1,0,0,0,0,0,1,0,0,0,0,0,0,0,0,0,1,0,0,0,0,0,0,0,0,0,1,0,0,0,0,0,0,0,0,665,230,24,3
"31970206101","Laser Dagger-Born Beast-Ragnarok","Biến đổi vũ khí","Skin","","","B","","",672,0,0,0,0,672,0,0,0,38,5,0,0,0,0,0,0,0,0,0,0,0,0,0,0,0,0,0,0,0,0,0,0,0,0,0,0,0,0,0,0,0,0,0,0,0,0,0,0,0,0,0,0,0,0,0,0,0,0,0,0,0,0,0,0,0,0,0,657,354,129,31
"32101096000","Prime Doll","Biến đổi vũ khí","Búp Bê","","","C","","",663,0,0,0,0,0,0,203,460,0,0,0,0,0,0,0,0,0,0,422,142,99,0,0,0,0,0,0,0,0,0,0,0,0,0,0,0,0,0,0,0,0,0,1,202,92,51,31,29,16,29,22,26,22,12,10,21,17,9,20,11,10,20,12,0,0,0,0,435,178,50,19
"34001132000","Mặt Nạ T-Rex","Thời Trang","Mũ","","","B","","",650,0,0,0,0,0,613,37,0,0,0,367,137,68,41,37,0,0,0,0,0,0,0,0,0,0,0,0,0,0,0,0,0,0,0,0,0,0,0,0,0,0,0,0,0,0,0,0,0,0,0,0,0,0,0,0,0,0,0,0,0,0,0,0,0,0,0,0,534,294,79,25
"32401013000","Trang Sức Resident Evil","Biến đổi vũ khí","Trang sức","","","C","","",646,0,0,0,0,0,568,78,0,0,0,276,132,81,79,78,0,0,0,0,0,0,0,0,0,0,0,0,0,0,0,0,0,0,0,0,0,0,0,0,0,0,0,0,0,0,0,0,0,0,0,0,0,0,0,0,0,0,0,0,0,0,0,0,0,0,0,0,436,207,48,11
"10139004006","G36-Tournament Spirit","Vũ khí chính","Rifle","Rifle","Súng trường khác","Gold VVIP","","",634,0,183,360,91,0,0,0,0,0,0,0,0,0,0,0,0,0,0,0,0,0,0,0,0,0,0,0,0,0,0,0,0,0,0,0,0,0,0,0,0,0,0,0,0,0,0,0,0,0,0,0,0,0,0,0,0,0,0,0,0,0,0,0,0,0,0,0,631,261,76,22
"31234382000","Rương Hiệu Ứng Ánh Sáng Keris-Born Beast","Phiếu trải nghiệm","Thẻ tự chọn","","","Orange","","",625,0,0,0,0,250,375,0,0,0,367,158,58,42,0,0,0,0,0,0,0,0,0,0,0,0,0,0,0,0,0,0,0,0,0,0,0,0,0,0,0,0,0,0,0,0,0,0,0,0,0,0,0,0,0,0,0,0,0,0,0,0,0,0,0,0,0,0,552,121,19,10
"34101083000","Ba Lô T-Rex","Thời Trang","Balo","","","A","","",617,0,0,0,0,0,584,33,0,0,0,338,145,63,38,33,0,0,0,0,0,0,0,0,0,0,0,0,0,0,0,0,0,0,0,0,0,0,0,0,0,0,0,0,0,0,0,0,0,0,0,0,0,0,0,0,0,0,0,0,0,0,0,0,0,0,0,0,517,287,79,26
"10101133006","AK47-Iron Beast-Subject Alpha","Vũ khí chính","Rifle","Rifle","AK47","Gold VVIP","","",602,0,0,0,0,0,349,240,13,0,0,0,0,0,349,118,64,36,17,18,0,0,0,12,14,13,6,3,5,2,6,6,9,6,6,1,3,1,2,4,2,4,1,2,3,4,2,3,2,2,0,0,0,0,0,0,0,0,0,0,0,0,0,0,0,0,0,0,599,349,110,31
"10703019006","B.C Axe-Beast-Noble Gold","Cận chiến","Melee","Melee","Cận chiến","Red","","",596,0,0,0,0,288,285,23,0,0,349,104,46,36,38,23,0,0,0,0,0,0,0,0,0,0,0,0,0,0,0,0,0,0,0,0,0,0,0,0,0,0,0,0,0,0,0,0,0,0,0,0,0,0,0,0,0,0,0,0,0,0,0,0,0,0,0,0,574,315,186,35
"10102079006","M4A1-Gun Girl","Vũ khí chính","Rifle","Rifle","M4A1","Gold V","","",595,0,0,0,0,0,0,503,92,0,0,0,0,0,0,0,352,90,55,23,35,40,0,0,0,129,154,42,27,25,19,12,12,9,3,10,8,4,11,3,11,9,9,0,6,5,2,5,2,3,3,2,7,7,5,7,4,3,7,7,8,5,6,4,0,0,0,0,592,293,56,27
"31234320000","Rương Hiệu Ứng Ánh Sáng M4A1-Predator","Phiếu trải nghiệm","Thẻ tự chọn","","","Orange","","",588,0,0,0,0,0,0,94,494,0,0,0,0,0,0,0,0,0,0,280,181,127,0,0,0,0,0,0,0,0,0,0,0,0,0,0,0,0,0,0,0,0,0,0,94,52,42,30,41,21,15,30,22,30,26,34,24,29,35,21,18,6,14,4,0,0,0,0,399,115,24,10
"32001159000","Barrett M82A1-Iron Shark-Green","Biến đổi vũ khí","Hiệu ứng ánh sáng","","","C","","",575,0,0,0,0,0,0,85,490,0,0,0,0,0,0,0,0,0,0,315,137,88,35,0,0,0,0,0,0,0,0,0,0,0,0,0,0,0,0,0,0,0,0,0,85,43,48,52,48,39,33,24,16,15,18,13,18,17,17,11,20,10,8,5,16,7,7,5,523,128,15,5
"31970303301","B.C Axe-Iron Beast-Ragnarok","Biến đổi vũ khí","Skin","","","B","","",574,380,190,0,0,4,0,0,0,4,0,0,0,0,0,0,0,0,0,0,0,0,0,0,0,0,0,0,0,0,0,0,0,0,0,0,0,0,0,0,0,0,0,0,0,0,0,0,0,0,0,0,0,0,0,0,0,0,0,0,0,0,0,0,0,0,0,0,560,279,80,22
"32001330000","Barrett M82A1-Iron Shark-Red","Biến đổi vũ khí","Hiệu ứng ánh sáng","","","C","","",570,0,0,0,0,0,0,94,476,0,0,0,0,0,0,0,0,0,0,330,141,65,34,0,0,0,0,0,0,0,0,0,0,0,0,0,0,0,0,0,0,0,0,0,94,58,48,59,34,37,22,20,18,18,26,20,17,7,10,11,12,9,9,7,13,4,11,6,555,119,19,8
"31960210001","Desert Eagle-Iron Beast-Ragnarok","Biến đổi vũ khí","Skin","","","B","","",562,391,171,0,0,0,0,0,0,0,0,0,0,0,0,0,0,0,0,0,0,0,0,0,0,0,0,0,0,0,0,0,0,0,0,0,0,0,0,0,0,0,0,0,0,0,0,0,0,0,0,0,0,0,0,0,0,0,0,0,0,0,0,0,0,0,0,0,554,290,83,21
"10102198006","M4A1-Pro Max","Vũ khí chính","Rifle","Rifle","M4A1","Orange","","",548,0,0,537,11,0,0,0,0,0,0,0,0,0,0,0,0,0,0,0,0,0,0,0,0,0,0,0,0,0,0,0,0,0,0,0,0,0,0,0,0,0,0,0,0,0,0,0,0,0,0,0,0,0,0,0,0,0,0,0,0,0,0,0,0,0,0,0,548,33,5,0
"32001144000","M4A1-Beast-White","Biến đổi vũ khí","Hiệu ứng ánh sáng","","","C","","",545,0,0,1,2,501,36,0,5,482,22,13,6,8,5,0,0,0,0,0,3,2,0,0,0,0,0,0,0,0,0,0,0,0,0,0,0,0,0,0,0,0,0,0,0,0,0,0,0,0,0,1,2,0,0,0,0,0,0,0,0,0,2,0,0,0,0,0,539,66,3,0
"31970302401","B.C Axe-Beast-Noble Gold-Champion Miracle","Biến đổi vũ khí","Skin","","","A","","",540,0,0,0,0,258,258,24,0,0,312,94,39,34,37,24,0,0,0,0,0,0,0,0,0,0,0,0,0,0,0,0,0,0,0,0,0,0,0,0,0,0,0,0,0,0,0,0,0,0,0,0,0,0,0,0,0,0,0,0,0,0,0,0,0,0,0,0,524,282,182,34
"10629001006","Dual Colt1911-Iron Shark","Vũ khí phụ","Pistol","Secondary","Súng lục","Gold V","","",538,0,0,0,0,0,0,199,339,0,0,0,0,0,0,0,0,0,0,402,81,40,15,0,0,0,0,0,0,0,0,0,0,0,0,0,0,0,0,0,0,0,0,0,199,67,53,38,25,20,25,14,9,8,11,8,6,4,8,6,5,6,8,3,1,3,7,4,535,253,56,23
"10102115006","M4A1-Predator-Noble Gold","Vũ khí chính","Rifle","Rifle","M4A1","Red","","",512,0,0,0,0,242,244,26,0,0,296,84,44,31,31,26,0,0,0,0,0,0,0,0,0,0,0,0,0,0,0,0,0,0,0,0,0,0,0,0,0,0,0,0,0,0,0,0,0,0,0,0,0,0,0,0,0,0,0,0,0,0,0,0,0,0,0,0,507,280,168,35
"31910213301","M4A1-Predator-Noble Gold-Champion Miracle","Biến đổi vũ khí","Skin","","","A","","",511,0,0,0,0,240,247,24,0,0,297,88,43,30,29,24,0,0,0,0,0,0,0,0,0,0,0,0,0,0,0,0,0,0,0,0,0,0,0,0,0,0,0,0,0,0,0,0,0,0,0,0,0,0,0,0,0,0,0,0,0,0,0,0,0,0,0,0,507,282,167,35
"31920205501","Barrett M82A1-Iron Shark-Summer Breeze","Biến đổi vũ khí","Skin","","","C","","",503,0,0,0,0,0,0,175,328,0,0,0,0,0,0,0,0,0,0,355,69,56,23,0,0,0,0,0,0,0,0,0,0,0,0,0,0,0,0,0,0,0,0,0,175,53,45,34,25,23,22,14,6,8,9,5,5,10,8,5,11,8,12,2,8,7,3,5,499,147,41,22
"32001331000","Barrett M82A1-Iron Shark-Blue","Biến đổi vũ khí","Hiệu ứng ánh sáng","","","C","","",498,0,0,0,0,0,0,75,423,0,0,0,0,0,0,0,0,0,0,312,110,54,22,0,0,0,0,0,0,0,0,0,0,0,0,0,0,0,0,0,0,0,0,0,75,64,44,52,42,35,28,14,16,10,18,16,8,10,4,7,5,13,9,6,7,1,7,7,494,135,20,9
"30310606000","Rương Battle Pass Nâng Cao","Rương kho báu","Rương kho báu","","","Orange","","",498,0,0,0,0,0,0,58,440,0,0,0,0,0,0,0,0,0,0,161,150,136,51,0,0,0,0,0,0,0,0,0,0,0,0,0,0,0,0,0,0,0,0,2,56,31,19,27,14,12,22,16,19,15,36,24,18,24,22,20,19,20,16,15,13,16,9,13,498,53,1,1
"32001124000","Keris-Born Beast-Green","Biến đổi vũ khí","Hiệu ứng ánh sáng","","","C","","",493,0,0,0,4,205,270,9,5,1,275,102,37,53,5,3,5,1,0,3,1,0,1,2,0,2,0,1,0,0,0,0,1,0,0,0,0,0,0,0,0,0,0,0,0,1,1,1,0,0,0,0,0,0,1,0,0,0,0,0,0,0,0,0,0,1,0,0,465,148,17,4
"10602037006","Desert Eagle-El Dorado-Noble Gold","Vũ khí phụ","Pistol","Secondary","Súng lục","Red","","",474,0,0,0,0,231,221,22,0,0,276,79,35,32,30,22,0,0,0,0,0,0,0,0,0,0,0,0,0,0,0,0,0,0,0,0,0,0,0,0,0,0,0,0,0,0,0,0,0,0,0,0,0,0,0,0,0,0,0,0,0,0,0,0,0,0,0,0,468,252,160,34
"10801134001","Grenade-Mini","Vật phóng","Grenade","Utility","Đặc biệt","Orange","","",463,0,0,457,6,0,0,0,0,0,0,0,0,0,0,0,0,0,0,0,0,0,0,0,0,0,0,0,0,0,0,0,0,0,0,0,0,0,0,0,0,0,0,0,0,0,0,0,0,0,0,0,0,0,0,0,0,0,0,0,0,0,0,0,0,0,0,0,463,37,6,2
"30132239000","Khung Ảnh S-I【B】","Cá nhân hóa","Avatar Frame","","","Orange","","",457,0,0,0,0,0,0,0,457,0,0,0,0,0,0,0,0,0,0,9,112,180,156,0,0,0,0,0,0,0,0,0,0,0,0,0,0,0,0,0,0,0,0,0,0,0,0,0,6,3,10,16,15,19,14,22,16,13,26,14,17,21,47,42,30,40,51,35,457,80,7,2
"31960205801","Desert Eagle-Born Beast-Noble Gold-Champion Miracle","Biến đổi vũ khí","Skin","","","A","","",456,0,0,0,0,223,211,22,0,0,266,78,33,30,27,22,0,0,0,0,0,0,0,0,0,0,0,0,0,0,0,0,0,0,0,0,0,0,0,0,0,0,0,0,0,0,0,0,0,0,0,0,0,0,0,0,0,0,0,0,0,0,0,0,0,0,0,0,453,242,157,33
"10114005006","AK12-Iron Spider","Vũ khí chính","Rifle","Rifle","Súng trường khác","Gold V","","",453,0,0,0,0,188,242,23,0,0,236,82,57,33,22,23,0,0,0,0,0,0,0,0,0,0,0,0,0,0,0,0,0,0,0,0,0,0,0,0,0,0,0,0,0,0,0,0,0,0,0,0,0,0,0,0,0,0,0,0,0,0,0,0,0,0,0,0,448,233,97,24
"10101136006","AK47-Chameleon","Vũ khí chính","Rifle","Rifle","AK47","Gold VVIP","","",451,0,0,0,0,451,0,0,0,123,42,0,0,0,0,0,0,0,0,0,0,0,0,0,0,0,0,0,0,0,0,0,0,0,0,0,0,0,0,0,0,0,0,0,0,0,0,0,0,0,0,0,0,0,0,0,0,0,0,0,0,0,0,0,0,0,0,0,450,201,63,26
"34101040000","Đôi Cánh Phượng Hoàng","Thời trang","Balo","","","A","","",440,0,0,13,11,31,46,278,61,0,1,0,42,2,1,67,119,46,19,51,14,15,8,36,14,27,23,10,7,5,8,4,13,8,3,5,2,3,5,2,6,1,0,4,23,6,7,4,5,2,1,1,3,3,1,2,3,2,5,0,3,0,2,3,0,2,2,4,324,14,270,36
"32001057000","Barrett M82A1-Born Beast-Space Purple","Biến đổi vũ khí","Hiệu ứng ánh sáng","","","C","","",437,0,0,0,0,167,263,6,1,0,238,106,50,34,2,2,1,1,1,1,0,1,0,1,0,0,0,0,0,0,0,1,0,0,0,0,0,0,0,0,0,1,0,1,0,0,0,0,0,0,0,0,0,0,0,0,0,0,0,1,0,0,0,0,0,0,0,0,432,106,12,3
"10318007006","Lewis Gun-Steel Frenzy","Vũ khí chính","MG","Machine Gun","SMG","Gold V","","",411,0,0,0,0,215,143,45,8,139,103,41,29,31,15,12,18,15,0,0,0,0,8,5,3,1,2,1,4,4,2,4,5,0,0,0,0,0,0,0,0,0,0,0,0,0,0,0,0,0,0,0,0,0,0,0,0,0,0,0,0,0,0,0,0,0,0,8,411,129,58,25
"10102108006","M4A1-Tournament Spirit","Vũ khí chính","Rifle","Rifle","M4A1","Gold VVIP","","",386,0,119,197,70,0,0,0,0,0,0,0,0,0,0,0,0,0,0,0,0,0,0,0,0,0,0,0,0,0,0,0,0,0,0,0,0,0,0,0,0,0,0,0,0,0,0,0,0,0,0,0,0,0,0,0,0,0,0,0,0,0,0,0,0,0,0,0,383,174,54,22
"10209006006","QBU09-Armoured Beast","Vũ khí chính","Sniper","Sniper","Bắn tỉa khác","Gold VVIP","","",376,278,98,0,0,0,0,0,0,0,0,0,0,0,0,0,0,0,0,0,0,0,0,0,0,0,0,0,0,0,0,0,0,0,0,0,0,0,0,0,0,0,0,0,0,0,0,0,0,0,0,0,0,0,0,0,0,0,0,0,0,0,0,0,0,0,0,0,373,169,39,16
"10625001006","CZ75-Predator","Vũ khí phụ","Pistol","Secondary","Súng lục","Gold V","","",354,4,0,0,0,4,0,131,215,4,0,0,0,0,0,0,0,0,0,238,58,50,0,0,0,0,0,0,0,0,0,0,0,0,0,0,0,0,0,0,0,0,0,0,131,42,21,17,18,9,8,9,8,10,5,8,10,8,5,13,6,5,8,5,0,0,0,0,344,165,43,22
"31910213001","M4A1-Predator-Prime","Biến đổi vũ khí","Skin","","","C","","",346,0,0,0,0,0,0,105,241,0,0,0,0,0,0,0,0,0,0,214,76,56,0,0,0,0,0,0,0,0,0,0,0,0,0,0,0,0,0,0,0,0,0,1,104,38,23,10,20,18,16,10,13,8,6,12,11,12,9,8,6,8,7,6,0,0,0,0,333,135,41,20
"31970204901","Butterfly Knife-Iron Shark-Summer Breeze","Biến đổi vũ khí","Skin","","","C","","",340,0,0,0,0,0,0,133,207,0,0,0,0,0,0,0,0,0,0,260,48,19,13,0,0,0,0,0,0,0,0,0,0,0,0,0,0,0,0,0,0,0,0,0,133,47,28,19,16,17,17,6,6,3,5,10,1,3,4,3,5,3,1,0,1,7,4,1,336,115,33,20
"10602121006","Desert Eagle-Born Beast-Arch","Vũ khí phụ","Pistol","Secondary","Súng lục","Gold VVIP","","",331,0,0,0,0,0,194,135,2,0,0,0,0,0,194,62,45,17,5,8,0,0,0,6,8,7,8,4,1,3,1,3,1,3,3,3,0,3,0,0,1,0,1,2,4,0,1,1,0,0,0,0,0,0,0,0,0,0,0,0,0,0,0,0,0,0,0,0,304,139,45,22
"31960205701","Desert Eagle-Born Beast-Ragnarok","Biến đổi vũ khí","Skin","","","B","","",326,0,0,0,0,172,154,0,0,0,220,56,30,20,0,0,0,0,0,0,0,0,0,0,0,0,0,0,0,0,0,0,0,0,0,0,0,0,0,0,0,0,0,0,0,0,0,0,0,0,0,0,0,0,0,0,0,0,0,0,0,0,0,0,0,0,0,0,317,157,46,15
"32101025000","Búp Bê Totoro","Biến đổi vũ khí","Búp Bê","","","B","","",311,3,5,10,7,0,2,231,53,0,0,0,0,2,0,0,132,68,24,23,17,20,0,0,0,36,56,21,19,15,15,7,7,10,6,8,4,2,6,2,3,1,6,4,3,3,5,3,2,3,3,2,2,5,1,2,2,2,3,6,4,1,2,2,0,0,0,0,279,82,10,6
"10102185006","M4A1-UnderTech Gold","Vũ khí chính","Rifle","Rifle","M4A1","Gold VVIP","","",306,0,0,0,0,0,0,0,306,0,0,0,0,0,0,0,0,0,0,0,0,0,306,0,0,0,0,0,0,0,0,0,0,0,0,0,0,0,0,0,0,0,0,0,0,0,0,0,0,0,0,0,0,0,0,0,0,0,0,0,0,0,0,0,0,0,0,306,303,151,40,14
"10101158006","AK47-Buster III","Vũ khí chính","Rifle","Rifle","AK47","Gold VVIP","","",301,0,0,0,0,0,0,0,301,0,0,0,0,0,0,0,0,0,0,0,0,0,301,0,0,0,0,0,0,0,0,0,0,0,0,0,0,0,0,0,0,0,0,0,0,0,0,0,0,0,0,0,0,0,0,0,0,0,0,0,0,0,0,0,0,0,0,301,288,141,41,12
"31970601701","Keris-Born Beast-Ragnarok","Biến đổi vũ khí","Skin","","","B","","",296,0,0,0,0,178,118,0,0,0,217,36,30,13,0,0,0,0,0,0,0,0,0,0,0,0,0,0,0,0,0,0,0,0,0,0,0,0,0,0,0,0,0,0,0,0,0,0,0,0,0,0,0,0,0,0,0,0,0,0,0,0,0,0,0,0,0,0,293,149,44,16
"32001140000","M4A1-Beast-Blue","Biến đổi vũ khí","Hiệu ứng ánh sáng","","","C","","",289,0,0,0,1,270,17,0,1,255,18,3,5,3,3,0,0,0,0,1,0,0,0,0,0,0,0,0,0,0,0,0,0,0,0,0,0,0,0,0,0,0,0,0,0,0,0,0,0,1,0,0,0,0,0,0,0,0,0,0,0,0,0,0,0,0,0,0,287,28,3,0
"31970702801","Shovel-Born Beast-Ragnarok","Biến đổi vũ khí","Skin","","","B","","",287,0,0,0,0,0,0,0,287,0,0,0,0,0,0,0,0,0,0,0,0,219,68,0,0,0,0,0,0,0,0,0,0,0,0,0,0,0,0,0,0,0,0,0,0,0,0,0,0,0,0,0,0,0,0,0,0,0,0,0,68,85,37,29,19,18,16,15,284,161,45,11
"10202040006","Barrett M82A1-Chameleon","Vũ khí chính","Sniper","Sniper","Barrett","Gold VVIP","","",287,0,0,0,0,287,0,0,0,73,25,0,0,0,0,0,0,0,0,0,0,0,0,0,0,0,0,0,0,0,0,0,0,0,0,0,0,0,0,0,0,0,0,0,0,0,0,0,0,0,0,0,0,0,0,0,0,0,0,0,0,0,0,0,0,0,0,0,286,132,48,24
"10110009006","M14EBR-Born Beast","Vũ khí chính","Rifle","Rifle","Súng trường khác","Gold V","","",280,4,1,0,0,0,154,115,6,0,0,0,0,0,154,51,33,17,13,7,0,0,0,4,4,7,3,2,7,0,2,3,5,1,4,2,1,5,1,2,2,1,1,0,1,1,4,0,1,0,0,0,0,0,0,0,0,0,0,0,0,0,0,0,0,0,0,0,265,134,39,18
"32001038000","Desert Eagle-Born Beast-Yellow","Biến đổi vũ khí","Hiệu ứng ánh sáng","","","B","","",276,0,0,0,0,120,156,0,0,0,166,67,17,23,3,0,0,0,0,0,0,0,0,0,0,0,0,0,0,0,0,0,0,0,0,0,0,0,0,0,0,0,0,0,0,0,0,0,0,0,0,0,0,0,0,0,0,0,0,0,0,0,0,0,0,0,0,0,274,98,12,7
"32001058000","Barrett M82A1-Born Beast-Pink","Biến đổi vũ khí","Hiệu ứng ánh sáng","","","C","","",274,0,0,0,0,104,163,6,1,0,162,62,30,12,1,2,0,2,1,2,0,0,0,0,0,0,0,0,0,0,0,1,0,1,0,0,0,0,1,0,0,0,0,1,0,1,0,0,0,0,0,0,0,0,0,0,0,0,0,0,0,0,0,0,0,0,0,0,269,57,7,1
"31973800301","Jungle Knife-Predator-Prime","Biến đổi vũ khí","Skin","","","C","","",272,0,0,0,0,0,0,95,177,0,0,0,0,0,0,0,0,0,0,175,55,42,0,0,0,0,0,0,0,0,0,0,0,0,0,0,0,0,0,0,0,0,0,0,95,35,19,8,10,8,11,10,7,7,6,4,10,6,11,5,3,4,8,5,0,0,0,0,258,119,49,22
"10201034006","AWM-Infernal Dragon-JON","Vũ khí chính","Sniper","Sniper","AWM","Gold VVIP","","",271,0,0,0,0,0,169,97,5,0,0,0,0,0,169,53,22,10,8,9,0,0,0,6,4,4,1,1,3,1,0,1,4,2,2,0,3,1,1,1,0,2,0,1,3,1,3,0,1,0,0,0,0,0,0,0,0,0,0,0,0,0,0,0,0,0,0,0,266,143,74,29
"30460015000","Thẻ Battle Pass 5000","Vật liệu","Thẻ điểm kinh nghiệm BP","","","Orange","","",261,0,0,223,38,0,0,0,0,0,0,0,0,0,0,0,0,0,0,0,0,0,0,0,0,0,0,0,0,0,0,0,0,0,0,0,0,0,0,0,0,0,0,0,0,0,0,0,0,0,0,0,0,0,0,0,0,0,0,0,0,0,0,0,0,0,0,0,104,13,1,1
"10703008006","B.C Axe-Transformer Beast","Cận chiến","Melee","Melee","Cận chiến","Gold V","","",260,0,246,12,1,1,0,0,0,0,0,0,0,0,0,0,0,0,0,0,0,0,0,0,0,0,0,0,0,0,0,0,0,0,0,0,0,0,0,0,0,0,0,0,0,0,0,0,0,0,0,0,0,0,0,0,0,0,0,0,0,0,0,0,0,0,0,0,16,1,0,0
"32001126000","Keris-Born Beast-Purple","Biến đổi vũ khí","Hiệu ứng ánh sáng","","","C","","",237,0,0,0,0,89,145,1,2,0,143,55,22,14,0,0,0,0,0,2,0,1,0,0,0,0,0,0,0,0,0,0,0,0,0,0,0,0,0,0,0,0,0,0,1,0,0,1,0,0,0,0,0,0,0,0,0,0,0,0,0,1,0,0,0,0,0,0,235,55,9,4
"10405016006","Steyr TMP-Butterfly","Vũ khí chính","SMG","SMG","SMG","Gold VVIP","","",216,0,0,0,0,0,127,87,2,0,0,0,0,0,127,41,27,10,7,4,0,0,0,5,2,6,2,4,5,0,1,2,1,3,2,1,2,0,1,2,1,1,0,0,2,0,1,1,0,0,0,0,0,0,0,0,0,0,0,0,0,0,0,0,0,0,0,0,203,96,45,19
"10201033006","AWM-Infernal Dragon-Noble Gold","Vũ khí chính","Sniper","Sniper","AWM","Red","","",216,0,0,0,0,0,0,33,183,0,0,0,0,0,0,0,0,0,0,92,53,47,24,0,0,0,0,0,0,0,0,0,0,0,0,0,0,0,0,0,0,0,0,0,33,13,14,10,13,9,7,9,8,10,8,6,5,8,9,6,6,8,4,6,6,6,5,7,213,127,29,6
"10754001006","Chainsaw","Cận chiến","Melee","Melee","Cận chiến","Purple","","",207,0,0,0,0,0,0,0,207,0,0,0,0,0,0,0,0,0,0,0,0,0,207,0,0,0,0,0,0,0,0,0,0,0,0,0,0,0,0,0,0,0,0,0,0,0,0,0,0,0,0,0,0,0,0,0,0,0,0,0,0,0,0,0,0,0,0,207,193,75,27,13
"31963000201","Dual Colt-Iron Shark-Summer Breeze","Biến đổi vũ khí","Skin","","","C","","",187,0,0,0,0,0,0,80,107,0,0,0,0,0,0,0,0,0,0,145,22,15,5,0,0,0,0,0,0,0,0,0,0,0,0,0,0,0,0,0,0,0,0,0,80,27,12,12,8,6,6,3,4,1,0,6,2,2,5,0,2,3,2,1,0,2,1,2,186,66,23,17
"30103001000","Túi Y Tế","Hàng chức năng","Bộ dụng cụ y tế","","","Green","","",187,0,0,0,0,0,0,0,187,0,0,0,0,0,0,0,0,0,0,0,0,0,187,0,0,0,0,0,0,0,0,0,0,0,0,0,0,0,0,0,0,0,0,0,0,0,0,0,0,0,0,0,0,0,0,0,0,0,0,0,0,0,0,0,0,0,0,187,109,27,3,2
"32001142000","M4A1-Beast-Purple","Biến đổi vũ khí","Hiệu ứng ánh sáng","","","C","","",185,0,0,0,1,167,16,1,0,161,8,3,6,4,1,0,0,0,1,0,0,0,0,0,0,0,0,0,0,0,0,0,0,0,0,0,0,0,0,0,0,1,0,0,0,0,0,0,0,0,0,0,0,0,0,0,0,0,0,0,0,0,0,0,0,0,0,0,183,9,1,0
"10702003001","10702003001","","","","Cận chiến","","","",182,0,0,0,0,107,75,0,0,0,109,58,14,0,0,0,0,0,0,0,0,0,0,0,0,0,0,0,0,0,0,0,0,0,0,0,0,0,0,0,0,0,0,0,0,0,0,0,0,0,0,0,0,0,0,0,0,0,0,0,0,0,0,0,0,0,0,0,182,60,4,0
"37301010000","Đường Parabol-Gravity Fruit","Biến đổi vũ khí","Parabol","","","B","","",180,0,0,24,0,3,18,114,21,0,0,0,12,6,0,45,33,18,15,12,3,6,3,21,3,0,6,3,0,3,9,3,0,0,3,0,0,3,3,6,0,0,3,0,3,0,6,0,3,0,0,0,0,0,0,0,3,3,3,0,0,0,0,0,0,0,3,0,45,1,5,36
"31960702801","Anaconda-Born Beast-Ragnarok","Biến đổi vũ khí","Skin","","","B","","",179,0,0,0,0,0,0,0,179,0,0,0,0,0,0,0,0,0,0,0,0,143,36,0,0,0,0,0,0,0,0,0,0,0,0,0,0,0,0,0,0,0,0,0,0,0,0,0,0,0,0,0,0,0,0,0,0,0,0,0,43,54,27,19,8,11,12,5,176,91,31,10
"32001143000","M4A1-Beast-Pink","Biến đổi vũ khí","Hiệu ứng ánh sáng","","","C","","",178,0,0,1,1,158,17,0,1,148,9,7,4,3,2,0,0,0,0,0,1,0,0,0,0,0,0,0,0,0,0,0,0,0,0,0,0,0,0,0,0,0,0,0,0,0,0,0,0,0,1,0,0,0,0,0,0,0,0,0,0,0,0,0,0,0,0,0,176,23,2,0
"32001125000","Keris-Born Beast-Blue","Biến đổi vũ khí","Hiệu ứng ánh sáng","","","C","","",175,0,0,0,0,70,102,1,2,0,101,43,15,11,2,0,1,0,0,1,1,0,0,0,0,0,1,0,0,0,0,0,0,0,0,0,0,0,0,0,0,0,0,0,0,0,0,0,1,0,0,0,0,0,0,0,1,0,0,0,0,0,0,0,0,0,0,0,173,39,9,4
"32001059000","Barrett M82A1-Born Beast-Snow","Biến đổi vũ khí","Hiệu ứng ánh sáng","","","C","","",174,0,0,0,0,60,113,1,0,0,80,51,29,13,0,0,0,1,0,0,0,0,0,0,0,0,0,0,0,0,0,0,0,1,0,0,0,0,0,0,0,0,0,0,0,0,0,0,0,0,0,0,0,0,0,0,0,0,0,0,0,0,0,0,0,0,0,0,174,59,5,1
"31962500201","CZ75-Predator-Prime","Biến đổi vũ khí","Skin","","","C","","",166,0,0,0,0,0,0,58,108,0,0,0,0,0,0,0,0,0,0,111,32,23,0,0,0,0,0,0,0,0,0,0,0,0,0,0,0,0,0,0,0,0,0,0,58,24,13,7,7,2,5,7,6,5,0,0,9,4,5,4,1,1,5,3,0,0,0,0,154,73,26,17
"10703004006","B.C Axe-Jasmine","Cận chiến","Melee","Melee","Cận chiến","Purple","","",156,0,0,0,0,0,0,0,156,0,0,0,0,0,0,0,0,0,0,0,17,81,58,0,0,0,0,0,0,0,0,0,0,0,0,0,0,0,0,0,0,0,0,0,0,0,0,0,0,0,0,0,0,3,4,3,7,7,9,7,11,13,16,18,12,12,16,18,120,19,4,1
"32001050000","Desert Eagle-Born Beast-Blue","Biến đổi vũ khí","Hiệu ứng ánh sáng","","","C","","",125,0,0,0,0,49,75,1,0,0,70,28,13,13,0,1,0,0,0,0,0,0,0,0,0,0,0,0,0,0,0,0,0,0,0,0,0,0,0,0,0,0,0,0,0,0,0,0,0,0,0,0,0,0,0,0,0,0,0,0,0,0,0,0,0,0,0,0,125,34,8,3
"32101004000","Búp Bê Kẻ Ẩn Nấp Switcher","Biến đổi vũ khí","Búp Bê","","","B","","",124,0,0,0,0,0,0,0,124,0,0,0,0,0,0,0,0,0,0,0,0,0,124,0,0,0,0,0,0,0,0,0,0,0,0,0,0,0,0,0,0,0,0,0,0,0,0,0,0,0,0,0,0,0,0,0,0,0,0,0,0,0,0,0,0,0,0,124,118,29,9,8
"32101014000","Búp Bê JON-GR","Biến đổi vũ khí","Búp Bê","","","B","","",123,0,0,0,0,0,0,0,123,0,0,0,0,0,0,0,0,0,0,0,0,0,123,0,0,0,0,0,0,0,0,0,0,0,0,0,0,0,0,0,0,0,0,0,0,0,0,0,0,0,0,0,0,0,0,0,0,0,0,0,0,0,0,0,0,0,0,123,114,35,7,7
"32001052000","Desert Eagle-Born Beast-Space Purple","Biến đổi vũ khí","Hiệu ứng ánh sáng","","","C","","",103,0,0,0,0,38,64,1,0,0,66,20,11,5,0,1,0,0,0,0,0,0,0,0,0,0,0,0,0,0,0,0,0,0,0,0,0,0,0,0,0,0,0,0,0,0,0,0,0,0,0,0,0,0,0,0,0,0,0,0,0,0,0,0,0,0,0,0,103,37,3,1
"30117382001","Khung S-I【A】","Cá nhân hóa","Khung","","","Orange","","",101,0,0,0,0,0,0,0,101,0,0,0,0,0,0,0,0,0,0,0,22,48,31,0,0,0,0,0,0,0,0,0,0,0,0,0,0,0,0,0,0,0,0,0,0,0,0,0,0,0,1,0,0,7,2,6,6,11,1,9,6,2,3,16,13,10,2,6,71,10,4,0
"32001141000","M4A1-Beast-Green","Biến đổi vũ khí","Hiệu ứng ánh sáng","","","C","","",101,0,0,0,1,91,8,1,0,86,5,4,2,1,1,0,0,1,0,0,0,0,0,0,0,0,0,0,0,1,0,0,0,0,0,0,0,0,0,0,0,0,0,0,0,0,0,0,0,0,0,0,0,0,0,0,0,0,0,0,0,0,0,0,0,0,0,0,101,15,2,0
"30121085001","Biểu tượng hạ gục S-I【SS】","Cá nhân hóa","Biểu tượng ","","","Orange","","",96,0,0,0,0,0,0,0,96,0,0,0,0,0,0,0,0,0,0,0,17,48,31,0,0,0,0,0,0,0,0,0,0,0,0,0,0,0,0,0,0,0,0,0,0,0,0,0,0,0,0,0,0,0,5,0,12,25,1,1,2,2,8,9,17,7,2,5,96,17,4,0
"10123010006","HK416-Iron Shark","Vũ khí chính","Rifle","Rifle","Súng trường khác","Gold V","","",82,14,68,0,0,0,0,0,0,0,0,0,0,0,0,0,0,0,0,0,0,0,0,0,0,0,0,0,0,0,0,0,0,0,0,0,0,0,0,0,0,0,0,0,0,0,0,0,0,0,0,0,0,0,0,0,0,0,0,0,0,0,0,0,0,0,0,0,82,1,0,0
"30117383001","Khung S-I【S】","Cá nhân hóa","Khung","","","Orange","","",79,0,0,0,0,0,0,0,79,0,0,0,0,0,0,0,0,0,0,0,0,39,40,0,0,0,0,0,0,0,0,0,0,0,0,0,0,0,0,0,0,0,0,0,0,0,0,0,0,0,0,0,0,0,0,0,0,0,0,10,8,11,2,8,15,13,2,10,52,8,3,0
"10704019006","Blood Moon","Cận chiến","Melee","Melee","Cận chiến","Gold V","","",77,0,0,0,0,0,0,76,1,0,0,0,0,0,0,0,73,1,0,2,0,1,0,2,0,0,0,0,0,1,0,0,0,0,0,0,0,0,0,0,0,0,0,0,2,0,0,0,0,0,0,0,0,0,0,0,0,0,0,0,0,0,1,0,0,0,0,0,61,16,2,2
"10414008006","CZS2-Blood Moon","Vũ khí chính","SMG","SMG","SMG","Gold V","","",73,29,5,0,0,0,0,38,1,0,0,0,0,0,0,0,37,0,0,1,0,1,0,1,0,0,0,0,0,0,0,0,0,0,0,0,0,0,0,0,0,0,0,0,1,0,0,0,0,0,0,0,0,0,0,0,0,0,0,0,0,0,1,0,0,0,0,0,62,5,1,2
"10211015006","98K-Satellite","Vũ khí chính","Sniper","Sniper","Bắn tỉa khác","Gold VVIP","","",69,33,36,0,0,0,0,0,0,0,0,0,0,0,0,0,0,0,0,0,0,0,0,0,0,0,0,0,0,0,0,0,0,0,0,0,0,0,0,0,0,0,0,0,0,0,0,0,0,0,0,0,0,0,0,0,0,0,0,0,0,0,0,0,0,0,0,0,69,1,0,0
"30121086001","Biểu tượng hạ gục S-I【A】","Cá nhân hóa","Biểu tượng ","","","Orange","","",66,0,0,0,0,0,0,0,66,0,0,0,0,0,0,0,0,0,0,0,21,21,24,0,0,0,0,0,0,0,0,0,0,0,0,0,0,0,0,0,0,0,0,0,0,0,0,0,0,0,1,1,12,4,3,0,0,0,0,0,4,14,1,2,8,12,0,4,50,6,3,0
"32001051000","Desert Eagle-Born Beast-Green","Biến đổi vũ khí","Hiệu ứng ánh sáng","","","C","","",66,0,0,0,0,20,44,2,0,0,34,16,10,4,0,0,2,0,0,0,0,0,0,1,0,0,1,0,0,0,0,0,0,0,0,0,0,0,0,0,0,0,0,0,0,0,0,0,0,0,0,0,0,0,0,0,0,0,0,0,0,0,0,0,0,0,0,0,65,21,2,0
"10705016006","Bladed Knuckles-Infernal Dragon-Noble Gold","Cận chiến","Melee","Melee","Cận chiến","Red","","",63,0,2,53,6,2,0,0,0,0,0,0,0,0,0,0,0,0,0,0,0,0,0,0,0,0,0,0,0,0,0,0,0,0,0,0,0,0,0,0,0,0,0,0,0,0,0,0,0,0,0,0,0,0,0,0,0,0,0,0,0,0,0,0,0,0,0,0,61,10,1,1
"10706010006","Greatsword-Angel","Cận chiến","Melee","Melee","Cận chiến","Gold V","","",62,0,0,0,0,55,7,0,0,0,58,2,0,2,0,0,0,0,0,0,0,0,0,0,0,0,0,0,0,0,0,0,0,0,0,0,0,0,0,0,0,0,0,0,0,0,0,0,0,0,0,0,0,0,0,0,0,0,0,0,0,0,0,0,0,0,0,0,59,14,1,2
"32101026000","Búp Bê Beast","Biến đổi vũ khí","Búp Bê","","","S","","",60,0,0,8,0,1,6,38,7,0,0,0,4,2,0,15,11,6,5,4,1,2,1,7,1,0,2,1,0,1,3,1,0,0,1,0,0,1,1,2,0,0,1,0,1,0,2,0,1,0,0,0,0,0,0,0,1,1,1,0,0,0,0,0,0,0,1,0,45,1,5,36
"30132240000","Khung Ảnh S-I【A】","Cá nhân hóa","Avatar Frame","","","Orange","","",60,0,0,0,0,0,0,0,60,0,0,0,0,0,0,0,0,0,0,0,12,30,18,0,0,0,0,0,0,0,0,0,0,0,0,0,0,0,0,0,0,0,0,0,0,0,0,0,0,0,0,0,0,1,1,6,4,5,3,9,3,1,0,9,6,10,2,0,60,9,3,0
"10801170001","SWF Doll Grenade","Vật phóng","Grenade","Utility","Đặc biệt","Purple","","",59,0,52,5,0,2,0,0,0,1,0,0,0,0,0,0,0,0,0,0,0,0,0,0,0,0,0,0,0,0,0,0,0,0,0,0,0,0,0,0,0,0,0,0,0,0,0,0,0,0,0,0,0,0,0,0,0,0,0,0,0,0,0,0,0,0,0,0,59,11,0,0
"32401170000","Trang Sức GOOD","Biến đổi vũ khí","Trang sức","","","C","","",59,0,52,5,0,2,0,0,0,1,0,0,0,0,0,0,0,0,0,0,0,0,0,0,0,0,0,0,0,0,0,0,0,0,0,0,0,0,0,0,0,0,0,0,0,0,0,0,0,0,0,0,0,0,0,0,0,0,0,0,0,0,0,0,0,0,0,0,59,11,0,0
"32001053000","Desert Eagle-Born Beast-Pink","Biến đổi vũ khí","Hiệu ứng ánh sáng","","","C","","",58,0,0,0,0,28,30,0,0,0,39,9,4,5,1,0,0,0,0,0,0,0,0,0,0,0,0,0,0,0,0,0,0,0,0,0,0,0,0,0,0,0,0,0,0,0,0,0,0,0,0,0,0,0,0,0,0,0,0,0,0,0,0,0,0,0,0,0,58,17,4,0
"30117366001","Khung Creator Sơ Cấp","Cá nhân hóa","Khung","","","Orange","","",56,0,0,0,0,0,0,0,56,0,0,0,0,0,0,0,0,0,0,0,0,49,7,0,0,0,0,0,0,0,0,0,0,0,0,0,0,0,0,0,0,0,0,0,0,0,0,0,0,0,0,0,0,0,0,0,0,0,29,4,2,4,7,3,2,0,4,1,38,5,0,0
"30132241000","Khung Ảnh S-I【S】","Cá nhân hóa","Avatar Frame","","","Orange","","",52,0,0,0,0,0,0,0,52,0,0,0,0,0,0,0,0,0,0,0,0,29,23,0,0,0,0,0,0,0,0,0,0,0,0,0,0,0,0,0,0,0,0,0,0,0,0,0,0,0,0,0,0,0,0,0,0,0,0,10,8,2,1,8,12,1,1,9,52,8,3,0
"10703039006","B.C Axe-Steel Empire","Cận chiến","Melee","Melee","Cận chiến","Gold V","","",49,0,43,6,0,0,0,0,0,0,0,0,0,0,0,0,0,0,0,0,0,0,0,0,0,0,0,0,0,0,0,0,0,0,0,0,0,0,0,0,0,0,0,0,0,0,0,0,0,0,0,0,0,0,0,0,0,0,0,0,0,0,0,0,0,0,0,0,37,7,0,0
"10101008006","AK47-Beast-Noble Gold","Vũ khí chính","Rifle","Rifle","AK47","Red","","",45,0,0,0,0,0,0,0,45,0,0,0,0,0,0,0,0,0,0,0,5,20,20,0,0,0,0,0,0,0,0,0,0,0,0,0,0,0,0,0,0,0,0,0,0,0,0,0,0,0,0,0,0,1,1,2,1,3,3,1,2,1,4,6,6,3,5,6,45,10,2,0
"10102244006","M4A1-Iron Wolf","Vũ khí chính","Rifle","Rifle","M4A1","Gold V","","",43,14,29,0,0,0,0,0,0,0,0,0,0,0,0,0,0,0,0,0,0,0,0,0,0,0,0,0,0,0,0,0,0,0,0,0,0,0,0,0,0,0,0,0,0,0,0,0,0,0,0,0,0,0,0,0,0,0,0,0,0,0,0,0,0,0,0,0,43,0,0,0
"30310592000","Rương 388 Gem","Rương kho báu","Rương kho báu","","","Orange","","",42,0,0,0,0,32,8,2,0,0,36,3,0,1,0,0,1,0,1,0,0,0,0,1,0,0,0,0,0,0,0,0,0,0,0,0,0,0,0,0,0,0,1,0,0,0,0,0,0,0,0,0,0,0,0,0,0,0,0,0,0,0,0,0,0,0,0,0,42,8,0,0
"31970302501","B.C Axe-Beast-Heroic Battlegear","Biến đổi vũ khí","Skin","","","C","","",42,0,0,0,0,0,0,0,42,0,0,0,0,0,0,0,0,0,0,2,0,16,24,0,0,0,0,0,0,0,0,0,0,0,0,0,0,0,0,0,0,0,0,0,0,1,1,0,0,0,0,0,0,0,0,0,0,2,1,3,3,2,2,3,7,2,6,9,42,26,10,6
"10102139006","M4A1-Red Knife Beast","Vũ khí chính","Rifle","Rifle","M4A1","Gold V","","",42,0,0,37,3,2,0,0,0,0,0,0,0,0,0,0,0,0,0,0,0,0,0,0,0,0,0,0,0,0,0,0,0,0,0,0,0,0,0,0,0,0,0,0,0,0,0,0,0,0,0,0,0,0,0,0,0,0,0,0,0,0,0,0,0,0,0,0,42,4,1,1
"30460055000","Thẻ Battle Pass 5000 S2","Vật liệu","Thẻ điểm kinh nghiệm BP","","","Orange","","",41,0,0,0,41,0,0,0,0,0,0,0,0,0,0,0,0,0,0,0,0,0,0,0,0,0,0,0,0,0,0,0,0,0,0,0,0,0,0,0,0,0,0,0,0,0,0,0,0,0,0,0,0,0,0,0,0,0,0,0,0,0,0,0,0,0,0,0,15,1,0,1
"32101015000","Búp Bê Gấu Koala","Biến đổi vũ khí","Búp Bê","","","B","","",40,3,10,10,9,1,4,1,2,0,1,2,1,0,1,0,0,0,1,0,2,0,0,0,0,0,0,0,0,0,0,0,0,0,0,0,0,0,0,0,0,0,1,0,0,0,0,0,0,0,1,0,0,0,0,0,1,0,0,0,0,0,0,0,0,0,0,0,40,1,0,0
"32401068000","Chuông Ngân-Winter Land","Biến đổi vũ khí","Trang sức","","","C","","",39,36,3,0,0,0,0,0,0,0,0,0,0,0,0,0,0,0,0,0,0,0,0,0,0,0,0,0,0,0,0,0,0,0,0,0,0,0,0,0,0,0,0,0,0,0,0,0,0,0,0,0,0,0,0,0,0,0,0,0,0,0,0,0,0,0,0,0,37,0,0,0
"34101067000","Ba Lô Hỏa Tiễn","Thời trang","Balo","","","B","","",38,10,8,9,2,0,6,2,1,0,2,3,1,0,0,1,0,1,0,0,0,0,1,0,0,0,0,0,0,0,0,0,0,0,1,0,0,0,0,0,0,0,0,0,0,0,0,0,0,0,0,0,0,0,0,0,0,0,0,0,0,0,0,0,1,0,0,0,36,0,0,0
"10614019006","COP 357-Red Qipao","Vũ khí phụ","Pistol","Secondary","Súng lục","Gold VVIP","","",37,0,0,0,0,0,0,31,6,0,0,0,0,0,0,14,7,4,3,6,1,1,1,0,2,1,2,1,1,0,0,3,0,0,1,0,0,0,0,2,0,0,1,1,2,1,2,0,0,0,0,0,0,0,0,0,1,1,0,0,0,0,0,0,0,0,0,1,37,0,0,36
"10750002006","Soulstealer","Cận chiến","Melee","Melee","Cận chiến","Gold VVIP","","",37,0,0,29,7,1,0,0,0,0,0,0,0,0,0,0,0,0,0,0,0,0,0,0,0,0,0,0,0,0,0,0,0,0,0,0,0,0,0,0,0,0,0,0,0,0,0,0,0,0,0,0,0,0,0,0,0,0,0,0,0,0,0,0,0,0,0,0,37,5,3,0
"10403012006","MK5-Iron Shark","Vũ khí chính","SMG","SMG","SMG","Gold V","","",36,3,8,0,0,0,10,2,13,0,0,1,3,4,2,0,0,2,0,11,1,0,1,0,0,0,0,0,0,0,0,0,1,0,0,1,0,0,0,0,0,0,0,0,0,11,0,0,0,0,0,1,0,0,0,0,0,0,0,0,0,0,0,0,0,0,0,1,36,5,1,2
"30117384001","Khung S-I【SS】","Cá nhân hóa","Khung","","","Orange","","",36,0,0,0,0,0,0,0,36,0,0,0,0,0,0,0,0,0,0,0,0,14,22,0,0,0,0,0,0,0,0,0,0,0,0,0,0,0,0,0,0,0,0,0,0,0,0,0,0,0,0,0,0,0,0,0,0,0,0,0,0,12,2,0,3,14,3,2,33,3,3,0
"10104008006","SCAR-Dark Knight-Alpha","Vũ khí chính","Rifle","Rifle","Súng trường khác","Gold V","","",36,0,0,0,0,0,22,14,0,0,0,7,7,4,4,4,1,3,6,0,0,0,0,1,0,0,0,0,0,1,0,0,0,0,1,1,0,1,2,0,1,0,2,0,0,0,0,0,0,0,0,0,0,0,0,0,0,0,0,0,0,0,0,0,0,0,0,0,36,9,2,2
"10120017006","QBZ03-Knife-Jade Flower","Vũ khí chính","Rifle","Rifle","Súng trường khác","Gold V","","",32,29,3,0,0,0,0,0,0,0,0,0,0,0,0,0,0,0,0,0,0,0,0,0,0,0,0,0,0,0,0,0,0,0,0,0,0,0,0,0,0,0,0,0,0,0,0,0,0,0,0,0,0,0,0,0,0,0,0,0,0,0,0,0,0,0,0,0,32,0,0,0
"32001054000","Desert Eagle-Born Beast-Snow","Biến đổi vũ khí","Hiệu ứng ánh sáng","","","C","","",31,0,0,0,0,8,23,0,0,0,14,10,3,4,0,0,0,0,0,0,0,0,0,0,0,0,0,0,0,0,0,0,0,0,0,0,0,0,0,0,0,0,0,0,0,0,0,0,0,0,0,0,0,0,0,0,0,0,0,0,0,0,0,0,0,0,0,0,31,9,1,0
"34101004000","Ba Lô Búp Bê Subject Alpha","Thời trang","Balo","","","B","","",30,3,9,6,6,1,4,0,1,0,1,1,2,1,0,0,0,0,0,1,0,0,0,0,0,0,0,0,0,0,0,0,0,0,0,0,0,0,0,0,0,0,0,0,0,0,1,0,0,0,0,0,0,0,0,0,0,0,0,0,0,0,0,0,0,0,0,0,30,0,0,0
"10801027001","Grenade-Winter Land","Vật phóng","Grenade","Utility","Đặc biệt","Purple","","",25,23,2,0,0,0,0,0,0,0,0,0,0,0,0,0,0,0,0,0,0,0,0,0,0,0,0,0,0,0,0,0,0,0,0,0,0,0,0,0,0,0,0,0,0,0,0,0,0,0,0,0,0,0,0,0,0,0,0,0,0,0,0,0,0,0,0,0,25,1,0,0
"30310541000","Rương 7000 Gem","Rương kho báu","Rương kho báu","","","Orange","","",25,0,0,0,11,8,6,0,0,1,2,3,1,0,0,0,0,0,0,0,0,0,0,0,0,0,0,0,0,0,0,0,0,0,0,0,0,0,0,0,0,0,0,0,0,0,0,0,0,0,0,0,0,0,0,0,0,0,0,0,0,0,0,0,0,0,0,0,25,12,0,1
"10602072006","Desert Eagle-Thunder-Noble Gold","Vũ khí phụ","Pistol","Secondary","Súng lục","Red","","",25,0,0,19,6,0,0,0,0,0,0,0,0,0,0,0,0,0,0,0,0,0,0,0,0,0,0,0,0,0,0,0,0,0,0,0,0,0,0,0,0,0,0,0,0,0,0,0,0,0,0,0,0,0,0,0,0,0,0,0,0,0,0,0,0,0,0,0,25,6,0,0
"34001023000","Nón Bí Ngô","Thời trang","headgear","","","C","","",23,2,9,3,7,0,0,0,2,0,0,0,0,0,0,0,0,0,0,1,1,0,0,0,0,0,0,0,0,0,0,0,0,0,0,0,0,0,0,0,0,0,0,0,0,0,1,0,0,0,0,0,0,0,0,0,1,0,0,0,0,0,0,0,0,0,0,0,23,1,0,0
"10101258006","AK47-S-Rifle Knife","Vũ khí chính","Rifle","Rifle","AK47","Gold V","","",22,19,3,0,0,0,0,0,0,0,0,0,0,0,0,0,0,0,0,0,0,0,0,0,0,0,0,0,0,0,0,0,0,0,0,0,0,0,0,0,0,0,0,0,0,0,0,0,0,0,0,0,0,0,0,0,0,0,0,0,0,0,0,0,0,0,0,0,22,1,0,0
"10101034006","AK47-Gilt","Vũ khí chính","Rifle","Rifle","AK47","Orange","","",22,0,0,0,1,3,6,3,9,0,0,0,2,3,1,0,1,0,1,2,2,4,2,0,0,0,0,0,1,0,0,0,0,0,0,0,0,0,0,0,0,0,1,0,1,1,0,0,0,0,0,0,0,0,1,1,0,0,1,0,0,2,0,1,1,1,0,0,22,3,7,9
"30460057000","Thẻ Battle Pass 10000 S2","Vật liệu","Thẻ điểm kinh nghiệm BP","","","Orange","","",22,0,0,0,22,0,0,0,0,0,0,0,0,0,0,0,0,0,0,0,0,0,0,0,0,0,0,0,0,0,0,0,0,0,0,0,0,0,0,0,0,0,0,0,0,0,0,0,0,0,0,0,0,0,0,0,0,0,0,0,0,0,0,0,0,0,0,0,11,1,0,0
"10209008006","QBU09-El Dorado-Noble Gold","Vũ khí chính","Sniper","Sniper","Bắn tỉa khác","Red","","",20,0,2,13,5,0,0,0,0,0,0,0,0,0,0,0,0,0,0,0,0,0,0,0,0,0,0,0,0,0,0,0,0,0,0,0,0,0,0,0,0,0,0,0,0,0,0,0,0,0,0,0,0,0,0,0,0,0,0,0,0,0,0,0,0,0,0,0,19,4,0,0
"30460001000","Thẻ Kích Hoạt Battle Pass Hoàng Kim","Vật liệu","Thẻ điểm kinh nghiệm BP","","","Orange","","",20,0,0,0,0,19,1,0,0,0,20,0,0,0,0,0,0,0,0,0,0,0,0,0,0,0,0,0,0,0,0,0,0,0,0,0,0,0,0,0,0,0,0,0,0,0,0,0,0,0,0,0,0,0,0,0,0,0,0,0,0,0,0,0,0,0,0,0,20,2,0,0
"10305017006","Gatling Gun-Starship","Vũ khí chính","MG","Machine Gun","SMG","Gold V","","",16,0,14,2,0,0,0,0,0,0,0,0,0,0,0,0,0,0,0,0,0,0,0,0,0,0,0,0,0,0,0,0,0,0,0,0,0,0,0,0,0,0,0,0,0,0,0,0,0,0,0,0,0,0,0,0,0,0,0,0,0,0,0,0,0,0,0,0,16,2,0,0
"30109001000","Kềm C4","Hàng chức năng","Kìm dụng cụ C4","","","Blue","","",12,11,0,0,0,1,0,0,0,0,1,0,0,0,0,0,0,0,0,0,0,0,0,0,0,0,0,0,0,0,0,0,0,0,0,0,0,0,0,0,0,0,0,0,0,0,0,0,0,0,0,0,0,0,0,0,0,0,0,0,0,0,0,0,0,0,0,0,12,0,0,0
"30117367001","Khung Creator Cao Cấp","Cá nhân hóa","Khung","","","Orange","","",11,0,0,0,0,0,0,0,11,0,0,0,0,0,0,0,0,0,0,0,0,8,3,0,0,0,0,0,0,0,0,0,0,0,0,0,0,0,0,0,0,0,0,0,0,0,0,0,0,0,0,0,0,0,0,0,0,0,6,0,0,1,1,0,0,2,0,1,6,3,0,0
"10710012006","Thunder's Wrath","Cận chiến","Melee","Melee","Cận chiến","Gold V","","",11,0,0,0,0,0,1,10,0,0,0,0,1,0,0,0,6,4,0,0,0,0,0,0,0,4,2,0,0,4,0,0,0,0,0,0,0,0,0,0,0,0,0,0,0,0,0,0,0,0,0,0,0,0,0,0,0,0,0,0,0,0,0,0,0,0,0,0,11,2,0,0
"10318002006","Lewis Gun-Blood Moon","Vũ khí chính","MG","Machine Gun","SMG","Gold V","","",11,10,1,0,0,0,0,0,0,0,0,0,0,0,0,0,0,0,0,0,0,0,0,0,0,0,0,0,0,0,0,0,0,0,0,0,0,0,0,0,0,0,0,0,0,0,0,0,0,0,0,0,0,0,0,0,0,0,0,0,0,0,0,0,0,0,0,0,11,0,0,0
"10704021001","10704021001","","","","Cận chiến","","","",9,0,3,2,2,2,0,0,0,1,0,0,0,0,0,0,0,0,0,0,0,0,0,0,0,0,0,0,0,0,0,0,0,0,0,0,0,0,0,0,0,0,0,0,0,0,0,0,0,0,0,0,0,0,0,0,0,0,0,0,0,0,0,0,0,0,0,0,9,0,0,0
"10702011001","10702011001","","","","Cận chiến","","","",9,0,3,2,2,2,0,0,0,1,0,0,0,0,0,0,0,0,0,0,0,0,0,0,0,0,0,0,0,0,0,0,0,0,0,0,0,0,0,0,0,0,0,0,0,0,0,0,0,0,0,0,0,0,0,0,0,0,0,0,0,0,0,0,0,0,0,0,9,0,0,0
"10602003001","10602003001","","","","Súng lục","","","",9,0,3,2,2,2,0,0,0,1,0,0,0,0,0,0,0,0,0,0,0,0,0,0,0,0,0,0,0,0,0,0,0,0,0,0,0,0,0,0,0,0,0,0,0,0,0,0,0,0,0,0,0,0,0,0,0,0,0,0,0,0,0,0,0,0,0,0,9,0,0,0
"10102159001","10102159001","","","","M4A1","","","",9,0,3,2,2,2,0,0,0,1,0,0,0,0,0,0,0,0,0,0,0,0,0,0,0,0,0,0,0,0,0,0,0,0,0,0,0,0,0,0,0,0,0,0,0,0,0,0,0,0,0,0,0,0,0,0,0,0,0,0,0,0,0,0,0,0,0,0,9,0,0,0
"10211009001","10211009001","","","","Bắn tỉa khác","","","",8,0,0,0,0,0,0,8,0,0,0,0,0,0,0,0,0,0,8,0,0,0,0,0,0,0,0,0,0,0,0,0,0,0,0,0,0,0,0,2,6,0,0,0,0,0,0,0,0,0,0,0,0,0,0,0,0,0,0,0,0,0,0,0,0,0,0,0,3,0,0,0
"10101064006","AK47-Sakura","Vũ khí chính","Rifle","Rifle","AK47","Purple","","",8,4,0,0,0,4,0,0,0,4,0,0,0,0,0,0,0,0,0,0,0,0,0,0,0,0,0,0,0,0,0,0,0,0,0,0,0,0,0,0,0,0,0,0,0,0,0,0,0,0,0,0,0,0,0,0,0,0,0,0,0,0,0,0,0,0,0,0,4,0,0,0
"10101027006","AK47-Black Stripes","Vũ khí chính","Rifle","Rifle","AK47","Purple","","",5,5,0,0,0,0,0,0,0,0,0,0,0,0,0,0,0,0,0,0,0,0,0,0,0,0,0,0,0,0,0,0,0,0,0,0,0,0,0,0,0,0,0,0,0,0,0,0,0,0,0,0,0,0,0,0,0,0,0,0,0,0,0,0,0,0,0,0,5,0,0,0
"30117385001","Khung S-I【SS+】","Cá nhân hóa","Khung","","","Orange","","",4,0,0,0,0,0,0,0,4,0,0,0,0,0,0,0,0,0,0,0,0,0,4,0,0,0,0,0,0,0,0,0,0,0,0,0,0,0,0,0,0,0,0,0,0,0,0,0,0,0,0,0,0,0,0,0,0,0,0,0,0,0,0,0,0,1,2,1,4,0,0,0
"30135082000","Ảnh Đại Diện S-I【SS+】","Cá nhân hóa","Avatar","","","Orange","","",4,0,0,0,0,0,0,0,4,0,0,0,0,0,0,0,0,0,0,0,0,0,4,0,0,0,0,0,0,0,0,0,0,0,0,0,0,0,0,0,0,0,0,0,0,0,0,0,0,0,0,0,0,0,0,0,0,0,0,0,0,0,0,0,0,1,2,1,4,0,0,0
"10302002006","RPK-Inferno Dragon","Vũ khí chính","MG","Machine Gun","SMG","Gold V","","",4,0,0,0,0,0,0,1,3,0,0,0,0,0,0,0,0,0,0,2,0,0,2,0,0,0,0,0,0,0,0,0,0,0,0,0,0,0,0,0,0,0,0,0,1,0,1,0,0,0,0,0,0,0,0,0,0,0,0,0,0,0,0,0,0,0,0,2,4,1,0,0
"30201104004","30201104004","","","","","","","",3,0,0,0,0,3,0,0,0,0,3,0,0,0,0,0,0,0,0,0,0,0,0,0,0,0,0,0,0,0,0,0,0,0,0,0,0,0,0,0,0,0,0,0,0,0,0,0,0,0,0,0,0,0,0,0,0,0,0,0,0,0,0,0,0,0,0,0,1,0,0,0
"10801007001","Grenade-Firecracker","Vật phóng","Grenade","Utility","Đặc biệt","Purple","","",3,0,0,2,1,0,0,0,0,0,0,0,0,0,0,0,0,0,0,0,0,0,0,0,0,0,0,0,0,0,0,0,0,0,0,0,0,0,0,0,0,0,0,0,0,0,0,0,0,0,0,0,0,0,0,0,0,0,0,0,0,0,0,0,0,0,0,0,3,0,0,0
"10137001001","10137001001","","","","Súng trường khác","","","",2,0,0,0,2,0,0,0,0,0,0,0,0,0,0,0,0,0,0,0,0,0,0,0,0,0,0,0,0,0,0,0,0,0,0,0,0,0,0,0,0,0,0,0,0,0,0,0,0,0,0,0,0,0,0,0,0,0,0,0,0,0,0,0,0,0,0,0,2,0,0,0
"10113006006","M16-Demon","Vũ khí chính","Rifle","Rifle","Súng trường khác","Gold V","","",2,2,0,0,0,0,0,0,0,0,0,0,0,0,0,0,0,0,0,0,0,0,0,0,0,0,0,0,0,0,0,0,0,0,0,0,0,0,0,0,0,0,0,0,0,0,0,0,0,0,0,0,0,0,0,0,0,0,0,0,0,0,0,0,0,0,0,0,2,0,0,0
"10401003006","MP5-Jasmine","Vũ khí chính","SMG","SMG","SMG","Purple","","",2,2,0,0,0,0,0,0,0,0,0,0,0,0,0,0,0,0,0,0,0,0,0,0,0,0,0,0,0,0,0,0,0,0,0,0,0,0,0,0,0,0,0,0,0,0,0,0,0,0,0,0,0,0,0,0,0,0,0,0,0,0,0,0,0,0,0,0,2,0,0,0
"10743001006","Machete-Titanium","Cận chiến","Melee","Melee","Cận chiến","Orange","","",2,0,0,0,1,1,0,0,0,0,0,0,0,0,0,0,0,0,0,0,0,0,0,0,0,0,0,0,0,0,0,0,0,0,0,0,0,0,0,0,0,0,0,0,0,0,0,0,0,0,0,0,0,0,0,0,0,0,0,0,0,0,0,0,0,0,0,0,2,1,0,0
"30132219000","Khung Ảnh Lễ 30/4","Cá nhân hóa","Avatar Frame","","","Orange","","",2,0,0,0,0,0,1,0,1,0,0,0,1,0,0,0,0,0,0,0,1,0,0,0,0,0,0,0,0,0,0,0,0,0,0,0,0,0,0,0,0,0,0,0,0,0,0,0,0,0,0,1,0,0,0,0,0,0,0,0,0,0,0,0,0,0,0,0,2,0,0,0
"31233096000","31233096000","","","","","","","",2,0,0,0,0,2,0,0,0,0,2,0,0,0,0,0,0,0,0,0,0,0,0,0,0,0,0,0,0,0,0,0,0,0,0,0,0,0,0,0,0,0,0,0,0,0,0,0,0,0,0,0,0,0,0,0,0,0,0,0,0,0,0,0,0,0,0,0,2,0,0,0
"10102080006","M4A1-Sakura","Vũ khí chính","Rifle","Rifle","M4A1","Purple","","",2,2,0,0,0,0,0,0,0,0,0,0,0,0,0,0,0,0,0,0,0,0,0,0,0,0,0,0,0,0,0,0,0,0,0,0,0,0,0,0,0,0,0,0,0,0,0,0,0,0,0,0,0,0,0,0,0,0,0,0,0,0,0,0,0,0,0,0,1,0,0,0
"30117368001","Khung Creator Đỉnh Cao","Cá nhân hóa","Khung","","","Orange","","",2,0,0,0,0,0,0,0,2,0,0,0,0,0,0,0,0,0,0,0,0,2,0,0,0,0,0,0,0,0,0,0,0,0,0,0,0,0,0,0,0,0,0,0,0,0,0,0,0,0,0,0,0,0,0,0,0,0,1,0,1,0,0,0,0,0,0,0,2,0,0,0
"32101058000","Búp Bê Kẻ Ẩn Nấp Đồng Tử","Biến đổi vũ khí","Búp Bê","","","C","","",1,0,0,0,0,0,1,0,0,0,0,0,1,0,0,0,0,0,0,0,0,0,0,0,0,0,0,0,0,0,0,0,0,0,0,0,0,0,0,0,0,0,0,0,0,0,0,0,0,0,0,0,0,0,0,0,0,0,0,0,0,0,0,0,0,0,0,0,1,0,0,0
"32101029000","Búp Bê Tiểu Kim Cang","Biến đổi vũ khí","Búp Bê","","","C","","",1,0,0,0,0,0,1,0,0,0,0,0,1,0,0,0,0,0,0,0,0,0,0,0,0,0,0,0,0,0,0,0,0,0,0,0,0,0,0,0,0,0,0,0,0,0,0,0,0,0,0,0,0,0,0,0,0,0,0,0,0,0,0,0,0,0,0,0,1,0,0,0
"10124001001","10124001001","","","","Súng trường khác","","","",1,0,0,0,0,0,0,1,0,0,0,0,0,0,0,0,0,0,1,0,0,0,0,0,0,0,0,0,0,0,0,0,0,0,0,0,0,0,0,0,1,0,0,0,0,0,0,0,0,0,0,0,0,0,0,0,0,0,0,0,0,0,0,0,0,0,0,0,1,0,0,0
"10705010006","Bladed Knuckles-Black Dragon","Cận chiến","Melee","Melee","Cận chiến","Gold V","","",1,0,0,1,0,0,0,0,0,0,0,0,0,0,0,0,0,0,0,0,0,0,0,0,0,0,0,0,0,0,0,0,0,0,0,0,0,0,0,0,0,0,0,0,0,0,0,0,0,0,0,0,0,0,0,0,0,0,0,0,0,0,0,0,0,0,0,0,1,0,0,0
"10609021006","Modified Glock-Tactical Power Strip","Vũ khí phụ","Pistol","Secondary","Súng lục","Orange","","",1,0,0,0,1,0,0,0,0,0,0,0,0,0,0,0,0,0,0,0,0,0,0,0,0,0,0,0,0,0,0,0,0,0,0,0,0,0,0,0,0,0,0,0,0,0,0,0,0,0,0,0,0,0,0,0,0,0,0,0,0,0,0,0,0,0,0,0,1,0,0,0
"10101148001","10101148001","","","","AK47","","","",1,0,0,0,1,0,0,0,0,0,0,0,0,0,0,0,0,0,0,0,0,0,0,0,0,0,0,0,0,0,0,0,0,0,0,0,0,0,0,0,0,0,0,0,0,0,0,0,0,0,0,0,0,0,0,0,0,0,0,0,0,0,0,0,0,0,0,0,1,0,0,0
"32101023000","Búp Bê Linh Hồ eSports","Biến đổi vũ khí","Búp Bê","","","A","","",1,0,1,0,0,0,0,0,0,0,0,0,0,0,0,0,0,0,0,0,0,0,0,0,0,0,0,0,0,0,0,0,0,0,0,0,0,0,0,0,0,0,0,0,0,0,0,0,0,0,0,0,0,0,0,0,0,0,0,0,0,0,0,0,0,0,0,0,1,0,0,0
"10602079001","10602079001","","","","Súng lục","","","",1,0,0,0,1,0,0,0,0,0,0,0,0,0,0,0,0,0,0,0,0,0,0,0,0,0,0,0,0,0,0,0,0,0,0,0,0,0,0,0,0,0,0,0,0,0,0,0,0,0,0,0,0,0,0,0,0,0,0,0,0,0,0,0,0,0,0,0,1,0,0,0
"30460026000","Thẻ Battle Pass 26000","Vật liệu","Thẻ điểm kinh nghiệm BP","","","Orange","","",1,0,0,0,0,0,0,1,0,0,0,0,0,0,0,0,0,0,1,0,0,0,0,0,0,0,0,0,0,0,0,0,0,0,0,0,0,1,0,0,0,0,0,0,0,0,0,0,0,0,0,0,0,0,0,0,0,0,0,0,0,0,0,0,0,0,0,0,1,0,0,1
"32101019000","Búp Bê MOS Vương Giả","Biến đổi vũ khí","Búp Bê","","","C","","",1,0,0,0,0,0,0,1,0,0,0,0,0,0,0,0,0,0,1,0,0,0,0,0,0,0,0,0,0,0,0,0,0,0,0,0,0,0,0,1,0,0,0,0,0,0,0,0,0,0,0,0,0,0,0,0,0,0,0,0,0,0,0,0,0,0,0,0,1,0,0,0
"30403002000","30403002000","","","","","","","",1,0,0,0,0,1,0,0,0,0,1,0,0,0,0,0,0,0,0,0,0,0,0,0,0,0,0,0,0,0,0,0,0,0,0,0,0,0,0,0,0,0,0,0,0,0,0,0,0,0,0,0,0,0,0,0,0,0,0,0,0,0,0,0,0,0,0,0,1,0,0,0
"30132218000","Khung Ảnh Giỗ Tổ Hùng Vương","Cá nhân hóa","Avatar Frame","","","Orange","","",1,0,0,0,0,0,1,0,0,0,0,0,1,0,0,0,0,0,0,0,0,0,0,0,0,0,0,0,0,0,0,0,0,0,0,0,0,0,0,0,0,0,0,0,0,0,0,0,0,0,0,0,0,0,0,0,0,0,0,0,0,0,0,0,0,0,0,0,1,0,0,0
