"id","name","pham","fam","loai","tot","M_T1_CB","M_T1_DN","M_T1_TA","M_T1_HT","M_T1_F","M_T2_CB","M_T2_DN","M_T2_TA","M_T2_HT","M_T2_F","M_T3_CB","M_T3_DN","M_T3_TA","M_T3_HT","M_T3_F","M_T4_CB","M_T4_DN","M_T4_TA","M_T4_HT","M_T4_F","M_T5_CB","M_T5_DN","M_T5_TA","M_T5_HT","M_T5_F","M_T6_CB","M_T6_DN","M_T6_TA","M_T6_HT","M_T6_F","M_T7_CB","M_T7_DN","M_T7_TA","M_T7_HT","M_T7_F"
"10101006006","AK47-Beast","Gold V","AK47","Rifle",66009282,18110677,601390,11627,1022,12704652,8049844,170886,2498,223,4913291,5546607,99245,847,121,3175561,2762786,52808,584,83,1763279,2354643,37978,234,37,1502305,1717430,20675,103,53,1090477,754201,7444,36,11,555624
"10101005006","AK47-Iron Beast","Gold V","AK47","Rifle",37921896,5279091,184657,2913,138,4310340,4736180,119032,1254,160,2975167,3823384,63390,864,91,4352354,2212194,41140,245,4,2225566,1324452,14598,130,1,2199488,1057287,7159,99,0,1624109,464449,2230,45,0,899685
"10102005006","M4A1-Iron Beast","Gold V","M4A1","Rifle",22695412,4543114,159673,3636,153,4927142,2160405,55417,503,35,2037549,2125493,66625,1225,22,1483274,901742,30415,548,1,711586,900080,27635,399,3,724229,641202,17531,181,2,551708,316618,5237,68,3,301958
"10101028006","AK47-Born Beast","Gold V","AK47","Rifle",15301737,14,0,0,0,0,2895962,74423,1230,562,3620249,1786971,33034,292,9,1982487,696386,11539,64,5,903450,494206,10012,52,0,606154,333722,4004,33,0,445168,755291,24515,338,10,621555
"10102025006","M4A1-Predator","Gold V","M4A1","Rifle",12729459,2442421,59707,1633,70,2813420,1313440,23853,464,8,1365792,1062960,17079,250,8,1054611,367270,6393,145,12,456330,372780,6618,94,0,499213,202061,2653,96,0,345014,116798,1502,41,0,196723
"10201003006","AWM-Infernal Dragon","Gold V","AWM","Sniper",11063480,1228793,66785,2875,250,1188934,1308817,61400,1462,101,810970,1553568,60690,1034,126,963795,807383,33203,447,59,518828,609024,17531,187,15,460063,508411,14345,427,15,367501,263343,8362,194,12,204530
"10101076006","AK47-Born Beast-Beta","Silver V","AK47","Rifle",10119553,1941264,31031,678,107,4855416,566630,7301,43,5,1583934,84594,795,15,0,415911,36784,336,13,0,204288,29499,178,15,0,150623,22370,52,1,0,121912,12712,96,3,0,52947
"10202074006","Barrett M82A1-Winter","Gold VVIP","Barrett","Sniper",8360622,2535211,157480,5705,416,22,1849240,85231,1320,98,36,1516725,57068,278,18,24,705498,30026,139,16,3,629971,22894,57,2,4,477020,16683,29,2,7,260812,8566,21,0,0
"10101053006","AK47-Earl Royal","Gold VVIP","AK47","Rifle",7331524,348984,9647,264,9,515633,8772,264,0,0,13756,1640454,62269,1430,123,597998,1120708,26433,507,25,729157,704767,15131,227,2,431770,430997,7747,110,14,258564,257239,5882,89,30,142522
"10101201006","AK47-Born Beast Blood Warrior-Beta","Silver V","AK47","Rifle",6642709,903498,12993,536,7,3450218,251617,3039,25,0,1130246,49950,396,1,0,356640,21847,196,0,0,169952,16092,45,1,4,119305,20279,198,8,0,95638,4910,30,0,0,35038
"10101138006","AK47-Iron Beast-Legend","Limited","AK47","Rifle",6449492,0,0,0,0,0,0,0,0,0,0,2142710,58225,892,70,954449,368999,5422,69,0,410672,768768,14538,200,0,568748,237803,1897,3,0,362216,318577,3239,46,0,231949
"10101149006","AK47-Iron Beast-Diamond","Limited","AK47","Rifle",6052802,3149853,122366,2785,196,1282488,754897,15814,251,7,441916,143045,2410,0,0,136774,0,0,0,0,0,0,0,0,0,0,0,0,0,0,0,0,0,0,0,0
"10102006006","M4A1-Born Beast","Gold V","M4A1","Rifle",5740168,108699,21457,510,64,10100,45075,5812,98,19,3433,50581,6313,138,24,3000,1543888,51094,827,25,1867083,614012,19173,254,2,564552,282576,9193,129,1,263466,157768,4612,35,9,106146
"10206005006","M200-Dominator","Gold VVIP","M200","Sniper",5603438,479692,68924,4285,564,35258,549286,108559,5210,961,24853,923762,226207,8862,1621,23873,730307,207210,8573,1233,12976,712228,193342,8380,953,13564,525661,150422,6349,879,14358,416888,120174,5373,666,11985
"10120008006","QBZ03-Jewelry","Gold V","Súng trường khác","Rifle",5367589,1364198,48250,1396,141,1465687,486858,16644,155,26,346787,389739,14230,235,10,224645,215957,8115,160,52,121295,214851,7955,202,27,103775,144863,5212,110,27,79860,68864,2655,44,10,34554
"10101008006","AK47-Beast-Noble Gold","Red","AK47","Rifle",5128027,0,0,0,0,0,0,0,0,0,0,0,0,0,0,0,192754,21746,903,100,55671,1315255,79229,2521,320,722858,654853,25093,713,211,485970,909445,26367,655,137,633226
"10101234006","AK47-Pterosaur","Gold VVIP","AK47","Rifle",5029209,163532,96673,7382,1542,63,744219,272445,10798,1264,117,863919,313327,12455,933,21,1019019,200032,7579,849,0,413213,157857,6291,658,0,420317,91555,3066,796,0,161320,54617,3017,331,2
"10101240006","AK47-Spring","Gold VVIP","AK47","Rifle",4827927,0,0,0,0,0,0,0,0,0,0,1757879,90284,2275,325,93,1423396,32747,306,12,351,810902,16686,185,0,132,450964,6099,48,0,99,232410,2548,26,0,160
"10209004006","QBU09-El Dorado","Gold V","Bắn tỉa khác","Sniper",4795202,281770,6396,150,11,503154,648196,9218,267,3,1294790,335070,8418,324,32,598800,135525,3133,147,7,259199,114132,2376,56,0,216693,91079,2865,40,1,165571,40409,1018,6,0,76346
"10141003006","SKS-Medusa","Gold V","Súng trường khác","Rifle",4533687,15,0,0,0,0,803715,30716,932,114,256405,1013334,33119,916,131,603979,415080,15372,304,157,268644,321143,13334,348,70,195708,224372,8137,196,38,134018,114722,4910,73,28,73657
"10102160006","M4A1-Azure Dragon-Beta","Silver V","M4A1","Rifle",4438752,656041,12236,288,21,2264254,193994,3122,19,1,634959,77919,1532,8,0,213883,30954,435,6,1,94353,27981,537,11,0,75546,21229,473,4,0,63393,19918,188,0,0,45446
"10206008006","M200-Bumblebee","Purple","M200","Sniper",3210600,688724,18439,632,36,479895,350191,10235,239,4,190429,404293,10613,124,23,262244,142859,3415,49,2,88026,158729,3176,43,1,102450,130671,2793,11,6,83568,44044,870,1,0,33765
"10101003006","AK47-SS","Purple","AK47","Rifle",3140951,94298,1596,12,0,967780,56728,1037,3,10,569653,50897,712,1,0,605144,31958,191,8,0,459793,8758,44,0,0,163882,4113,26,0,0,102354,635,6,0,0,21312
"10209003006","QBU09-Winner","Orange","Bắn tỉa khác","Sniper",3088731,768332,6958,110,285,1925822,38123,411,2,0,162769,17216,95,1,0,67319,8494,52,2,0,30829,5619,49,0,0,22257,5323,69,2,0,17898,2260,35,2,0,8397
"10102077006","M4A1-Blue Crystal","Purple","M4A1","Rifle",2942172,55214,1033,16,1,1055704,24759,458,28,7,593531,18478,439,23,1,613579,9428,118,1,0,416160,2261,91,25,2,78652,1315,103,4,0,51570,469,30,1,0,18671
"10405009006","Steyr TMP-Demon","Gold V","SMG","SMG",2866778,447760,7820,231,10,1212323,148302,1900,24,0,300256,104967,1101,59,0,170008,43751,440,8,0,83284,40329,501,1,0,76653,94957,2897,8,4,92825,10234,69,0,0,26056
"10101264006","AK47-Titanium Beast","Gold VVIP","AK47","Rifle",2855663,237,32,0,0,55,174954,140699,8962,925,13,523901,349251,15827,1868,12,696810,208947,7441,754,1,255798,141118,4319,580,0,135003,60308,1404,131,3,86550,38566,1002,192,0
"10104008006","SCAR-Dark Knight-Alpha","Gold V","Súng trường khác","Rifle",2828182,335077,8433,276,5,647964,38260,511,38,0,263543,185028,3433,169,4,698153,36910,685,8,0,152192,43404,1119,40,1,218743,6853,127,8,0,40082,14836,126,3,0,132151
"10305013006","Gatling Gun-Snake","Gold V","SMG","Machine Gun",2726267,0,0,0,0,0,293358,8249,232,13,330357,556884,12939,325,13,578017,175674,3577,101,3,220549,126361,2436,32,2,159082,59535,1467,3,3,79754,60721,1267,25,4,55284
"10201014006","AWM-Glory","Purple","AWM","Sniper",2713489,365848,4777,119,9,1266661,135416,2155,72,32,488395,46573,863,16,4,211036,12290,303,8,0,64091,11490,440,7,0,42514,9157,245,7,10,33027,2746,96,1,0,15081
"10101224006","AK47-Predator","Gold V","AK47","Rifle",2603747,0,0,0,0,0,0,0,0,0,0,0,0,0,0,0,0,0,0,0,0,787637,16890,269,14,432587,539413,4319,69,0,466594,188288,1666,29,0,165972
"10102096006","M4A1-Ranger-Frost","C","M4A1","Rifle",2514392,105648,113658,8826,1364,3207,139470,180967,10309,1117,68,180000,264124,16983,2317,49,99863,184827,14946,2574,0,111094,194139,12856,2898,1,136884,241672,12461,1808,0,178570,277900,11951,1826,15
"10102001006","M4A1","Whtie","M4A1","Rifle",2304085,20347,810,35,1,180235,11933,684,18,2,296849,8312,641,38,2,532868,5429,661,68,9,459532,4719,311,15,9,612112,4172,496,18,4,89464,2040,347,13,0,71891
"10101001006","AK47","Whtie","AK47","Rifle",2242531,254555,14596,671,104,375798,158231,10062,411,113,263087,105743,6322,267,33,238471,64390,4618,169,33,184581,45297,3219,98,28,190941,38357,3977,195,87,191889,18775,3955,328,100,63030
"10101223006","AK47-Predator-Alpha","Silver V","AK47","Rifle",2197861,0,0,0,0,0,0,0,0,0,0,450793,7407,189,4,680668,143854,1389,7,1,499757,58341,495,1,0,184286,27240,42,1,0,113743,6420,14,0,0,23209
"10201001006","AWM","Whtie","AWM","Sniper",2070384,84980,2413,136,10,639828,49881,2185,85,12,369056,26298,1497,67,23,248880,19967,1388,79,26,198793,12540,898,91,9,167934,10382,1105,76,5,168615,3488,717,64,12,58844
"10702001001","Cận chiến (mã 001)","","Cận chiến","Melee",2001150,6730,182,7,2,29701,4149,120,3,4,17391,675543,43376,1950,206,384743,132221,8240,354,42,142747,195337,13506,566,70,155513,61880,5140,257,28,65149,26720,2162,91,9,27011
"10102041006","M4A1-Ranger","Gold VVIP","M4A1","Rifle",1982393,102779,29867,1205,74,5905,612197,51566,1138,50,270647,72094,36133,1546,177,3931,59837,30326,1327,175,106,316382,59010,1458,36,107,218536,43402,715,61,59,40826,20102,419,132,68
"10628005006","MK23-Silencer","Purple","Súng lục","Secondary",1977779,376393,25177,491,49,0,332401,18394,216,12,0,383702,17484,96,0,8,252195,9736,112,3,9,241785,10152,90,3,3,192004,6788,147,12,0,107667,2632,18,0,0
"10201049006","AWM-Red Frame Hawk","Gold V","AWM","Sniper",1901439,0,0,0,0,0,0,0,0,0,0,0,0,0,0,0,463621,32905,1251,107,129085,483106,25070,417,19,226102,250176,13918,175,27,115115,105432,7516,109,19,47269
"10211015006","98K-Satellite","Gold VVIP","Bắn tỉa khác","Sniper",1885448,462134,10702,330,16,950151,5393,175,0,0,7866,93,0,0,0,48,28,1,0,0,7,327429,21463,552,54,76867,14681,602,1,0,6588,156,4,0,0,107
"10101156006","AK47-Tào Tháo","Red","AK47","Rifle",1849074,0,0,0,0,0,0,0,0,0,0,0,0,0,0,0,0,0,0,0,0,130674,351807,26650,3151,2,244717,458548,24484,3217,0,205769,374716,22280,3049,10
"10201055006","AWM-Angel","Gold V","AWM","Sniper",1835090,29,0,0,0,0,3,0,0,0,5,349536,9505,245,82,497950,162339,3001,119,29,295193,94782,1743,57,14,163355,70991,1447,102,4,112205,24625,316,29,2,47382
"10515004006","KSG-Born Beast","Gold V","Shotgun","Shotgun",1758566,238192,14410,805,137,75281,405835,17988,565,45,162853,223068,10803,288,189,78358,112552,5764,95,28,44198,122239,5659,286,24,49934,81908,2263,164,0,36344,46388,1770,48,2,20083
"10101093006","AK47-Blue Pottery-Gold","Orange","AK47","Rifle",1746868,356916,29835,1149,174,0,295669,19781,482,137,0,205920,11121,214,4,0,138853,6711,128,18,22827,219946,5432,120,13,183035,113819,2719,73,1,72518,37658,1045,4,2,20544
"10202073006","Barrett M82A1-Winter-Alpha","Gold VVIP","Barrett","Sniper",1706437,906907,30163,752,109,0,355595,10013,317,61,1,191613,5224,114,9,0,78375,1998,30,1,0,58966,1238,11,1,0,41649,792,6,0,0,22116,376,0,0,0
"10101150006","AK47-Iron Beast-Heroic Battlegear","C","AK47","Rifle",1701539,0,0,0,0,0,0,0,0,0,0,322,1345,592,182,0,102522,20707,1216,65,0,835907,38384,547,44,0,427087,14217,121,8,0,249973,8231,69,0,0
"10707012006","Shovel-Born Beast-Beta","Silver V","Cận chiến","Melee",1658898,303732,5190,47,7,548115,129191,2186,15,1,197057,50925,628,0,0,72792,44983,795,2,2,52414,73573,1146,6,1,69751,38812,382,5,0,42831,11640,68,4,0,12597
"10703005006","B.C Axe-Beast","Gold V","Cận chiến","Melee",1648985,301057,5617,103,2,545252,94659,1856,27,0,144623,55435,1252,12,0,65926,59534,1649,18,1,53644,109791,3168,29,2,71846,54363,1340,7,0,45813,16326,262,0,0,15371
"10101102006","AK47-Beast-Ragnarok","B","AK47","Rifle",1628993,569529,219372,15932,1501,245,244108,112673,7224,1118,0,132693,67548,4298,660,0,59202,33594,2222,276,0,55314,27870,1363,28,0,31133,13390,353,66,0,18453,8377,417,34,0
"10101031006","AK47-Noble Dragon","Orange","AK47","Rifle",1469443,146860,3942,82,4,255114,174153,4814,137,6,250331,88310,3096,96,13,128283,58626,1952,50,19,74121,45591,1178,50,11,86646,30069,880,48,11,80639,10417,602,22,2,23268
"10403007006","MK5-Mechanical Era","Gold V","SMG","SMG",1457313,368755,10015,285,25,605773,88639,4741,255,43,74011,32544,1001,9,2,42848,13665,334,5,0,21289,22180,608,3,2,30329,74311,2989,60,3,45979,6471,199,1,3,9936
"10202005006","Barrett M82A1-Iron Shark","Gold V","Barrett","Sniper",1427638,470615,9798,303,25,716943,10360,244,22,0,16833,787,217,89,90,135,349,173,189,50,3,359,116,158,4,5,16259,1644,196,20,4739,111848,11620,790,27,52628
"10101166006","AK47-Legendary Red","Gold V","AK47","Rifle",1368610,239966,7802,252,6,284939,6984,187,0,0,9093,420418,38901,1246,280,23340,129782,8219,209,2,9279,82467,4467,73,0,5583,46994,1852,11,4,3249,36496,1538,14,0,4957
"10305004006","Gatling Gun-Blue Pottery","Purple","SMG","Machine Gun",1292622,234273,5286,143,15,447568,99897,1616,23,11,200323,21159,252,4,0,89456,11254,104,1,0,65341,7155,80,1,0,51295,4317,38,2,2,34324,1806,13,0,0,16863
"10706047006","Dynasty Sword-Glory","Gold V","Cận chiến","Melee",1292034,0,0,0,0,0,166293,4675,111,4,187701,122951,3318,41,2,135715,93466,3030,43,0,72642,190525,5932,47,1,104735,93402,2053,18,0,56874,29286,589,4,0,18576
"10110016006","M14EBR-El Dorado","Gold V","Súng trường khác","Rifle",1287936,1017,111,2,0,163,7277,726,9,5,2895,207840,8477,172,67,341264,136131,5969,230,10,206314,94995,4584,179,16,103364,59225,3587,81,2,61255,20484,1431,25,3,20026
"10101060006","AK47-Emrald Rebirth","Gold V","AK47","Rifle",1265622,0,0,0,0,0,0,0,0,0,0,301280,5875,93,14,377852,111980,1375,8,0,194473,56306,788,5,0,90570,33441,406,3,0,53182,14417,135,0,0,23419
"10103006006","QBZ95-Angel","Gold V","Súng trường khác","Rifle",1208620,218818,5043,105,8,485603,58570,1152,15,0,172594,32091,782,5,0,79875,12864,394,5,5,34667,17764,585,8,1,39821,7321,158,0,0,28475,2261,19,0,0,9611
"10302008006","RPK-Medusa","Gold V","SMG","Machine Gun",1202475,0,0,0,0,0,0,0,0,0,0,174499,7645,201,14,87036,280276,7348,200,7,192755,143472,3773,68,6,85105,75665,2272,31,1,42628,60134,1401,51,9,37878
"10101035006","AK47-Anubis","Gold VVIP","AK47","Rifle",1150385,414209,21304,803,50,605419,17239,2943,148,2,18310,3415,2775,63,4,2,18700,10957,162,63,0,10917,7073,73,69,0,4983,2640,24,0,0,6560,1462,16,0,0
"10209009006","QBU09-Volcano","Purple","Bắn tỉa khác","Sniper",1118967,56292,646,13,0,230266,49950,393,6,6,383515,13448,109,6,0,119864,5847,209,8,0,47403,15345,202,5,4,75791,18235,164,31,3,71258,5745,35,3,0,24165
"10614011006","COP 357-Titanium Beast","Gold VVIP","Súng lục","Secondary",1084553,0,0,0,0,0,29711,38878,2956,417,9,104332,107743,5805,704,14,367399,98673,3369,364,0,93299,77274,3309,507,0,40988,43523,2349,169,0,27740,33084,1792,145,0
"10503004006","Armsel Striker-El Dorado","Gold V","Shotgun","Shotgun",1025038,0,0,0,0,0,138295,3979,89,33,163189,181447,6388,276,188,96884,90035,3270,109,38,45778,88959,4419,38,26,52589,60597,2837,20,11,39213,27641,1669,1,0,17020
"10102024006","M4A1-Ice-Alpha","Purple","M4A1","Rifle",976310,130793,3209,80,9,291934,116212,3063,39,3,223039,52680,1211,29,0,53351,21257,671,14,5,12291,20777,515,3,1,16652,10978,457,18,0,8608,4468,145,2,0,3796
"10101239006","AK47-Spring-Alpha","Gold VVIP","AK47","Rifle",975220,0,0,0,0,0,0,0,0,0,0,744859,23451,291,99,12,106515,2318,36,1,0,55810,953,11,0,2,26073,243,0,0,0,14398,148,0,0,0
"10102008006","M4A1-Ultimate Gold","Orange","M4A1","Rifle",944158,29132,562,11,2,193073,30483,700,22,3,157884,23563,509,18,0,161172,9294,173,50,0,106349,8300,140,6,0,90099,6258,156,1,0,92352,1535,21,0,0,32290
"10102032006","M4A1-Jewelry","Gold V","M4A1","Rifle",900712,153546,4157,74,0,442343,913,25,0,0,2227,6,0,0,0,11,1,0,0,0,1,28,0,0,0,12,85165,2559,53,0,179836,13405,412,7,0,15931
"10704004006","Kukri-Dragon","Gold V","Cận chiến","Melee",893739,263200,7273,160,43,175722,149641,4079,38,2,103028,36027,1182,41,0,25775,16223,1133,33,0,8359,40449,6800,212,5,4618,29495,5270,161,14,5232,7354,1143,34,2,991
"10101196006","AK47-Fury Beast","Gold VVIP","AK47","Rifle",889624,146719,131530,11881,1954,366,116186,82582,3251,336,36,80818,48301,1525,131,9,35077,23177,669,76,0,26265,18281,307,51,0,67099,27298,731,55,1,48742,15723,434,12,1
"10101258006","AK47-S-Rifle Knife","Gold V","AK47","Rifle",878657,355140,8918,208,6,493918,8367,213,1,0,11640,109,0,0,0,1,9,0,0,0,0,64,0,0,0,0,52,2,0,0,0,9,0,0,0,0
"10304006006","M249-Born Beast","Orange","SMG","Machine Gun",873472,285196,8518,310,21,364335,66327,1466,52,6,51272,20428,493,13,5,18148,7866,233,9,2,8257,7164,128,2,2,7397,4825,126,0,0,5304,8388,200,5,0,6974
"10515014006","KSG-Iron Shark","Gold V","Shotgun","Shotgun",857539,104856,2951,67,2,112776,3132,76,0,0,3234,5,0,0,0,0,18957,852,15,0,6308,264835,10920,142,4,90169,114451,3529,36,11,39295,58985,2217,52,0,19662
"10101029006","AK47-Earl","Orange","AK47","Rifle",838146,60858,1424,72,1,102935,66107,1588,27,4,105190,72799,2755,57,0,85679,55391,817,63,0,70967,34135,528,14,0,64378,25601,210,3,0,59837,8675,58,0,0,17973
"10101147006","AK47-Angel","Gold V","AK47","Rifle",834460,15,0,0,0,0,9,0,0,0,53,169,73,0,16,1,23,1,0,7,0,33,8,0,2,0,34301,810,3,5,38756,186725,2089,34,4,571323
"10107007006","AUG-Mechanical Era","Gold VVIP","Súng trường khác","Rifle",828228,19335,304,6,0,185836,129322,3900,132,9,259786,41471,781,11,0,59025,14194,424,5,1,22162,19923,392,4,0,27281,11486,299,5,0,15265,6909,102,1,0,9857
"10704033006","Kukri-Dragon-Beta","Silver V","Cận chiến","Melee",825305,112729,1583,31,6,296853,38762,509,5,1,89739,22632,321,2,0,34626,26064,385,1,0,27959,58623,808,2,0,46394,25064,212,0,0,25366,7991,49,0,0,8588
"10109017006","9A91-El Dorado","Gold V","Súng trường khác","Rifle",823343,0,0,0,0,0,3,0,0,0,0,224709,6425,174,5,401112,32057,1102,26,0,45421,26087,738,21,0,34340,16190,1149,27,0,19044,7042,435,2,0,7234
"10202064006","Barrett M82A1-Titanium Beast","Gold VVIP","Barrett","Sniper",795253,36,4,0,0,6,38275,49641,3588,612,21,98763,92053,3500,329,10,241177,66591,2233,98,1,55012,43162,1213,81,2,30659,30234,806,30,8,18439,18382,284,2,1
"10105004006","AN94-SS","Purple","Súng trường khác","Rifle",793484,45709,1060,18,1,225270,20810,472,9,3,121014,15601,529,5,0,105859,9747,254,1,1,76460,6942,85,0,0,64610,5704,46,0,0,71700,1218,13,0,0,20343
"10102015006","M4A1-A","Blue","M4A1","Rifle",792259,0,0,0,0,0,0,0,0,0,0,0,0,0,0,0,558,25,0,0,23628,5919,103,1,0,363542,3852,75,0,0,299119,932,12,0,0,94493
"10101006001","AK47-Beast","Gold V","AK47","Rifle",765398,233312,10483,622,137,137026,95610,6379,418,101,41715,59574,5111,393,49,22731,32235,2221,149,7,12605,32825,2851,96,19,13300,25910,2774,47,13,10958,10048,917,27,4,4731
"10101059006","AK47-Blue Crystal","Purple","AK47","Rifle",710273,97022,3053,64,18,252646,57015,1741,46,0,101790,32572,1078,67,0,49310,14647,558,0,0,28008,6517,248,9,6,25213,5725,347,10,4,25525,1573,117,1,1,5342
"10120005006","QBZ03-Born Beast","Gold V","Súng trường khác","Rifle",702663,247461,6138,148,7,354515,6087,131,0,0,9017,7,0,0,0,2,5,0,0,0,4,6540,3059,220,23,170,4754,1770,98,3,90,46415,2830,70,0,13099
"10206001006","M200","Blue","M200","Sniper",697386,0,0,0,0,0,0,0,0,0,0,0,0,0,0,0,6299,120,5,0,9739,74237,1573,45,0,187342,62113,1244,128,1,232285,20647,353,7,20,101228
"10206004006","M200-Blue Pottery","Purple","M200","Sniper",694537,138,2,0,0,44,0,0,0,0,0,0,0,0,0,0,196406,6104,132,13,196184,77738,1556,16,5,105246,39809,971,104,1,45615,10378,193,9,0,13873
"10105003006","AN94-Smilodon","Gold V","Súng trường khác","Rifle",671410,228330,5720,141,2,388360,5328,104,5,0,9641,0,0,0,0,0,13358,9823,566,35,0,4066,2760,134,2,0,1633,680,19,0,0,462,218,15,8,0
"10120017006","QBZ03-Knife-Jade Flower","Gold V","Súng trường khác","Rifle",670813,278095,7860,193,9,368220,6660,149,0,0,9560,15,0,0,0,30,9,0,0,0,7,6,0,0,0,0,0,0,0,0,0,0,0,0,0,0
"10602010006","Desert Eagle-Thunder","Gold V","Súng lục","Secondary",664142,126377,3278,98,2,216474,49953,1176,14,0,66639,28664,553,9,1,36938,16286,304,3,0,22382,14499,258,0,0,18813,9126,85,3,0,14100,9590,73,1,0,28443
"10209001006","QBU09","Blue","Bắn tỉa khác","Sniper",661663,33918,316,22,4,195359,12044,295,5,3,91138,13943,129,5,0,88314,13133,183,84,0,71150,8118,144,102,0,49989,8153,102,18,0,49066,2789,36,0,0,23101
"10201050006","AWM-Infernal Dragon-Heroic Battlegear","C","AWM","Sniper",660701,153,615,111,36,0,3200,4195,291,39,0,19631,11973,1106,201,0,93253,23039,1054,121,0,229041,26838,451,35,0,127978,19580,360,10,4,79670,17299,407,9,1
"10102244006","M4A1-Iron Wolf","Gold V","M4A1","Rifle",643457,251695,7000,189,5,366188,7410,606,42,6,10131,139,5,0,0,3,12,0,0,0,3,10,0,0,0,0,3,0,0,0,0,10,0,0,0,0
"10102193006","M4A1-S-Born Beast Ice Soul","Gold V","M4A1","Rifle",636690,1,0,0,0,1,1,0,0,0,6,0,0,0,0,0,0,0,0,0,0,80196,6028,76,4,19255,260108,8679,146,8,134986,77225,1452,6,0,48512
"10102256006","M4A1-Summer","Gold V","M4A1","Rifle",634426,0,0,0,0,0,0,0,0,0,0,0,0,0,0,0,1527,986,56,3,0,307030,26333,572,39,0,196913,9359,145,5,0,87573,3819,66,0,0
"10320007006","MG36-Dark Knight-Alpha","Gold V","SMG","Machine Gun",613744,0,0,0,0,0,0,0,0,0,0,0,3,0,0,0,123130,4026,130,6,164316,91425,2311,69,9,107696,37718,1149,24,1,38503,23072,513,11,0,19632
"10101082006","AK47-Invincible Dragon","Orange","AK47","Rifle",597588,144250,3011,93,12,389087,118,0,0,0,330,0,0,0,0,0,453,61,4,0,0,9378,497,30,0,3442,13659,200,26,1,20950,3924,24,1,0,8037
"10307005006","KAC-Camo Skull","Purple","SMG","Machine Gun",577946,41498,1062,14,12,45276,130462,2489,50,14,227247,19071,343,24,3,40595,8313,303,10,1,19361,6340,158,5,1,13726,4464,139,0,0,9872,2219,40,2,0,4832
"10104011006","SCAR-Dark Knight","Gold V","Súng trường khác","Rifle",574431,2,0,0,0,0,2,0,0,0,0,0,0,0,0,0,0,0,0,0,0,0,0,0,0,0,31565,1806,38,4,29454,153701,6759,262,17,350821
"10110009006","M14EBR-Born Beast","Gold V","Súng trường khác","Rifle",573627,209662,5231,88,19,339986,5350,85,0,0,9295,0,0,0,0,0,0,0,0,0,0,204,346,87,9,0,445,1706,213,9,0,289,548,50,5,0
"10201047006","AWM-Gaming Glory","Gold VVIP","AWM","Sniper",560424,84546,1532,33,24,474283,0,0,0,0,0,0,0,0,0,0,0,0,0,0,0,0,0,0,0,0,0,0,0,0,0,2,3,0,0,1
"10101110006","AK47-Shade Turbo","Gold VVIP","AK47","Rifle",559686,0,0,0,0,0,0,0,0,0,0,0,0,0,0,0,0,0,0,0,0,244435,16834,502,54,104464,112767,8926,150,18,41981,26963,2290,52,37,213
"10303005006","MG3-Legend Dragon","Purple","SMG","Machine Gun",540171,144797,3258,80,9,216253,41821,754,53,0,58770,9744,276,5,0,19890,4964,120,2,3,11583,4056,79,1,0,9142,2301,51,1,0,6361,1629,11,0,0,4157
"10211006006","Kar 98K-Invincible Dragon","Orange","Bắn tỉa khác","Sniper",531257,151121,3423,89,4,335929,19,0,0,0,96,0,0,0,0,0,882,164,7,0,0,9603,1114,55,7,1331,13914,876,34,0,6244,4039,207,14,7,2078
"10202003006","Barrett M82A1-Born Beast","Gold V","Barrett","Sniper",530310,0,0,0,0,0,0,0,0,0,0,0,0,0,0,0,90571,9828,263,12,23433,198835,41843,981,13,53809,49718,20457,402,25,0,26894,12856,353,17,0
"10101186006","AK47-Beast-Frost","C","AK47","Rifle",510794,0,0,0,0,0,0,0,0,0,0,0,0,0,0,0,989,1160,119,9,0,211587,117692,5312,646,1,76240,34345,1425,197,10,42596,17732,650,81,3
"10123010006","HK416-Iron Shark","Gold V","Súng trường khác","Rifle",505495,179004,4940,123,13,261623,11352,548,17,0,8788,9457,555,6,0,2395,6125,364,8,0,1378,6040,435,7,0,1455,5184,233,8,0,1610,3028,159,2,0,638
"10318003006","Lewis Gun-Angel","Gold V","SMG","Machine Gun",502782,395,35,1,0,109,4244,217,6,0,1709,75868,2538,127,0,114492,75119,2469,83,7,119736,33620,1051,25,5,27039,14668,568,13,2,10542,10573,260,6,0,7255
"10201017006","AWM-Gilt","Orange","AWM","Sniper",493656,92913,1341,37,0,223775,17578,353,2,2,34994,8750,189,3,0,25049,4813,72,0,0,10940,9540,393,44,2,20819,10860,308,3,0,23610,1587,24,0,0,5655
"10101059001","AK47-Blue Crystal","Purple","AK47","Rifle",490071,2204,82,2,1,3778,1112,63,7,2,1242,628,41,2,0,551,2373,51,2,0,13337,17770,403,11,1,185717,13135,308,14,21,222360,1604,58,0,0,23191
"10102181006","M4A1-S-Steel Empire","Gold V","M4A1","Rifle",487911,0,0,0,0,0,0,0,0,0,0,0,0,0,0,0,0,0,0,0,0,122573,5460,134,17,44838,139671,2575,54,8,96862,38649,443,2,0,36625
"10120016006","QBZ03-Beast Dragon","Orange","Súng trường khác","Rifle",483452,117056,5247,226,16,104285,100575,2874,96,0,55804,36393,1220,34,0,12074,12872,479,15,0,3295,12536,450,14,0,5707,6370,230,8,0,1909,2964,75,4,0,624
"10102029006","M4A1-Anonymous","Orange","M4A1","Rifle",477973,92436,1616,47,9,293594,15181,403,8,1,32767,6829,215,2,0,11400,3288,99,2,0,5704,2315,57,1,0,4553,1764,59,1,0,3552,739,29,1,0,1301
"10614004006","COP 357-Iron Beast","Gold VVIP","Súng lục","Secondary",472685,0,0,0,0,0,0,0,0,0,0,53674,34451,1700,255,0,70313,57626,2246,346,0,69333,58626,2441,415,0,37778,31855,1371,167,0,25551,23465,912,160,0
"10202036006","Barrett M82A1-Born Beast-Ragnarok","B","Barrett","Sniper",471511,0,0,0,0,0,0,0,0,0,0,0,0,0,0,0,115688,16132,794,76,17878,177217,49401,2113,307,33270,15976,20273,871,96,0,8902,11843,528,146,0
"10124001006","Type-56-Hawaiian","Purple","Súng trường khác","Rifle",465905,114389,3079,89,1,212311,27101,757,17,1,41654,12019,272,5,0,17974,5956,202,0,1,9213,4093,152,2,0,5638,3297,87,0,1,4846,1205,31,2,0,1510
"10101081006","AK47-Iron Beast-Ragnarok","B","AK47","Rifle",458805,195706,87997,7051,807,19,34957,25617,1998,212,2,22836,20049,1192,106,22,11702,10879,675,174,8,10211,7942,320,145,0,6740,3976,219,59,5,4302,2694,139,31,13
"10102126006","M4A1-Red Crystal","Purple","M4A1","Rifle",453380,20618,456,20,4,170866,13885,303,19,0,135643,5575,108,7,0,45011,2076,105,1,0,15439,2472,95,1,0,18388,1834,114,3,0,16144,394,29,1,0,3769
"10405017006","SMG (mã 017)","","SMG","SMG",445356,0,0,0,0,0,0,0,0,0,0,0,0,0,0,0,23990,841,22,1,9274,148554,2944,114,4,95729,64962,920,7,1,50973,26188,300,86,0,20446
"10211009006","Kar 98K-Gold Black Dragon","Purple","Bắn tỉa khác","Sniper",445186,0,0,0,0,0,98690,2851,62,10,172629,32064,1452,40,0,50270,16125,930,18,4,17422,13557,737,30,2,14323,7809,271,20,1,9607,2533,71,1,0,3657
"10102190006","M4A1-Titanium Beast","Gold VVIP","M4A1","Rifle",435268,44,1,0,0,9,19966,20884,1206,63,35,61892,50302,1329,38,4,167256,30635,755,34,0,27011,17351,656,29,0,13627,9572,183,9,0,7921,4349,102,5,0
"10737001006","Jungle Knife-Knight Blue","Blue","Cận chiến","Melee",424576,79225,1349,29,6,95471,37821,613,5,2,40897,16863,248,1,0,21262,14430,272,1,0,17956,24842,315,1,1,24731,15678,69,1,0,20478,4810,7,0,0,7192
"10113006006","M16-Demon","Gold V","Súng trường khác","Rifle",423120,43858,1037,23,5,76552,2437,105,7,0,2657,50502,1159,30,5,113355,9615,237,6,0,24719,11632,265,4,2,37596,2097,43,0,0,6645,7080,136,3,1,31307
"10101171006","AK47-Black Gold","Purple","AK47","Rifle",420106,113819,3670,49,14,84570,63166,1407,41,4,45013,32431,741,15,0,30666,12628,303,5,0,11721,4781,151,2,0,4984,3099,132,10,0,4253,943,34,0,0,1454
"10102250006","M4A1-Fury Beast","Gold VVIP","M4A1","Rifle",418760,50211,48343,3571,254,111,40344,31146,1073,58,22,31283,24278,742,24,5,45359,38989,1145,70,0,27726,27207,641,15,0,14555,15255,412,14,3,8395,7337,164,8,0
"10102182006","M4A1-S-Transformer Virgo","Gold V","M4A1","Rifle",417438,129781,11721,225,10,14311,89817,7266,264,1,7009,69373,5141,65,1,4138,21574,1474,8,1,1260,19960,1568,14,3,1437,15688,981,47,0,2382,9332,470,8,0,2108
"10114004006","AK12-SS","Purple","Súng trường khác","Rifle",399834,28161,614,17,0,107578,16361,323,14,0,61501,9240,211,1,0,47866,5761,106,1,0,34768,4584,38,0,0,33930,3483,62,0,0,36154,605,9,0,0,8446
"10602093006","Desert Eagle-El Dorado-Beta","Silver V","Súng lục","Secondary",399327,85249,1776,42,0,150443,32386,631,7,0,49089,12712,158,2,0,22708,5217,46,0,0,11709,4103,36,0,0,9613,2332,15,0,0,6807,1064,5,0,0,3177
"10506006001","Shotgun (mã 006)","","Shotgun","Shotgun",390977,0,0,0,0,0,0,0,0,0,0,0,0,0,0,0,0,0,0,0,0,0,0,0,0,0,20852,1728,86,11,9600,192140,13544,877,85,152054
"10101005001","AK47-Iron Beast","Gold V","AK47","Rifle",383255,62932,3169,177,23,45161,53613,3343,178,37,27437,37553,2333,97,12,29775,23369,1740,60,3,15868,15109,1073,29,1,17699,13856,1170,36,8,16155,4604,330,7,2,6296
"10602029006","Desert Eagle-El Dorado","Gold V","Súng lục","Secondary",368710,0,0,0,0,0,0,0,0,0,0,134227,5072,123,9,79479,33921,1126,14,0,25923,26585,872,5,0,21837,13989,511,11,0,12431,6544,238,1,0,5792
"10101131006","AK47-Born Beast-Continue","B","AK47","Rifle",365725,0,0,0,0,0,145498,36979,3706,620,29,63767,33814,2129,486,4,14850,13967,1117,74,0,11766,8409,574,75,0,7601,4233,232,33,0,6724,7170,1758,110,0
"10101170006","AK47-Sakura","Purple","AK47","Rifle",365391,41175,1371,77,0,56502,35011,1088,30,2,40963,25074,783,6,7,34601,27312,922,20,3,20808,15850,354,6,0,19605,14079,166,3,0,19307,4485,40,0,7,5734
"10212005006","MR1-Dragon's Roar","Gold V","Bắn tỉa khác","Sniper",362349,0,0,0,0,0,0,0,0,0,0,0,0,0,0,0,0,0,0,0,0,0,0,0,0,0,2009,513,16,1,103,229942,14293,268,52,115152
"10202018006","Barrett M82A1-Born Beast-Noble Gold","Red","Barrett","Sniper",359861,18931,20545,1939,418,10,18307,27825,2910,353,18,24154,37476,3003,105,10,21449,35412,2026,71,0,22265,36490,2345,15,0,17705,28549,1655,20,0,12823,21767,1233,32,0
"10102089006","M4A1-Iron Beast-Noble Gold-Champion Miracle","A","M4A1","Rifle",354484,5211,58975,16645,3586,7,4134,51661,12677,2529,0,3453,52043,15023,3055,0,1839,32250,8538,1384,0,1676,28141,7155,1172,0,811,18183,5054,544,0,479,13282,4424,553,0
"10109003006","9A91-SS","Purple","Súng trường khác","Rifle",352768,20635,461,12,5,101663,12616,280,8,0,70424,4287,72,2,0,37201,2255,14,0,0,26200,2703,42,0,0,28694,2436,30,0,0,33314,402,6,0,0,9006
"10102020006","M4A1-Rose","Purple","M4A1","Rifle",349776,19762,281,10,1,236450,4242,99,7,0,41312,2221,27,0,0,16558,908,29,0,0,8111,838,21,1,0,7680,753,23,12,0,7586,304,9,0,1,2530
"10102050006","M4A1-XM-Winner","Orange","M4A1","Rifle",339924,71009,1444,39,0,230926,6877,228,8,0,13551,2787,63,0,0,4478,1285,50,0,0,2150,805,15,0,0,1531,662,43,0,0,1292,209,13,0,0,459
"10102102006","M4A1-Born Beast-Ragnarok","B","M4A1","Rifle",333241,0,0,0,0,0,0,0,0,0,0,0,0,0,0,0,174791,70534,4695,728,2352,26106,20492,763,70,6,11563,8846,395,49,0,6487,4399,913,52,0
"10110014006","M14EBR-Azure","Purple","Súng trường khác","Rifle",332938,0,0,0,0,0,55624,1101,25,0,200642,9140,167,2,0,32956,1382,37,1,0,8788,939,17,0,0,6043,588,14,0,0,4581,1403,47,1,1,9439
"10703023006","Blood Sun","Gold V","Cận chiến","Melee",329156,38498,715,5,1,89921,16926,289,2,0,31231,13481,339,2,0,12783,16436,383,3,0,12396,29105,597,6,4,18498,9901,115,3,1,9330,7784,70,1,0,20330
"10103013006","QBZ95-Invincible Dragon","Orange","Súng trường khác","Rifle",328435,78457,1672,25,0,200748,7749,141,2,0,20958,2265,54,2,0,4578,1426,65,1,0,2334,1530,44,0,0,1903,1322,23,0,0,2157,301,4,0,0,674
"10201006006","AWM-A Jasmine","Purple","AWM","Sniper",328032,34226,1148,22,0,33568,11708,373,5,12,9898,18945,318,9,0,111308,5957,151,1,2,56753,2848,94,2,3,20161,2052,58,7,0,13019,742,27,0,0,4615
"10102036006","M4A1-Angel","Gold V","M4A1","Rifle",327983,58,12,0,0,1,99,8,0,0,0,62,0,0,0,0,13,0,0,0,0,70912,2753,46,4,56012,68026,981,20,2,111871,6869,109,1,0,10124
"10120012006","QBZ03-Predator","Gold V","Súng trường khác","Rifle",321429,183022,6902,121,17,0,99666,2404,28,2,0,10221,216,11,0,0,0,0,0,0,0,0,0,0,0,0,12,1,0,0,0,13025,886,26,0,4869
"10603003006","M1896-Noble Dragon","Orange","Súng lục","Secondary",315601,42475,1647,31,0,29294,38450,1429,44,1,19233,33217,1245,30,6,12039,30722,962,1,0,10508,31817,768,13,0,13438,20314,333,5,2,10896,10569,149,3,0,5960
"10415002006","M12S-Titanium Beast","Gold VVIP","SMG","SMG",306460,2,0,0,0,7,43781,11323,621,70,0,72287,17901,750,32,2,67640,8028,310,5,0,22088,5961,172,8,3,30057,12383,705,88,0,10000,2200,33,3,0
"10101098006","AK47-Rush","Gold VVIP","AK47","Rifle",303087,0,0,0,0,0,0,0,0,0,0,78039,39040,4467,545,6,57985,21805,1180,282,9,43834,12541,607,85,0,21753,5213,476,54,0,11176,3516,453,21,0
"10503001006","Armsel Striker","Green","Shotgun","Shotgun",297363,27235,414,7,1,87418,8014,103,6,0,42653,2312,40,0,0,26786,2188,22,3,1,24107,1925,24,1,0,30222,1562,14,3,2,31470,456,5,0,0,10369
"10307001006","KAC-Vanguard","Blue","SMG","Machine Gun",295226,44662,759,13,5,99909,5635,151,5,2,29479,4598,64,0,0,24930,3004,23,0,0,20907,2985,96,0,0,21367,2711,15,1,0,23391,913,2,0,0,9599
"10101034006","AK47-Gilt","Orange","AK47","Rifle",293925,46652,1090,18,0,92748,14428,199,9,0,30620,11115,164,0,0,29989,4926,47,1,0,14636,4862,75,4,0,16822,3187,25,0,0,17637,586,3,0,0,4082
"10801075001","Grenade-Chilli","Purple","Đặc biệt","Utility",293896,10109,130,3,1,47788,3872,41,0,0,25963,2984,25,0,0,19024,1696,14,0,0,162146,1466,14,1,0,8649,966,6,0,0,5713,388,0,0,0,2897
"10704005006","Kukri-Ice-Alpha","Purple","Cận chiến","Melee",290165,37206,457,7,0,93636,20615,245,4,0,53507,7888,89,1,0,16178,6149,88,1,0,9195,12926,177,1,0,13218,6264,53,0,0,7894,1676,10,0,0,2680
"10101018006","AK47-Winter Land","Purple","AK47","Rifle",290083,73923,3376,239,12,116794,24927,1490,65,2,16662,13867,605,36,0,10171,7644,287,5,1,4979,4680,222,8,0,2486,2912,152,7,0,1980,1413,87,5,0,1046
"10413003006","P90-Rabbit-Alpha","Orange","SMG","SMG",287865,52689,958,31,1,105270,22074,281,9,0,48568,9559,111,3,0,15352,3344,37,4,0,5733,3031,71,0,1,4201,7185,294,5,0,6192,1241,13,1,0,1606
"10101011006","AK47-A-Gold","Orange","AK47","Rifle",286520,0,0,0,0,0,0,0,0,0,0,0,0,0,0,0,2325,116,4,0,3543,33230,1351,98,1,91583,23168,737,34,4,109657,2492,43,1,0,18133
"10221002006","TAC-Angel","Gold V","Bắn tỉa khác","Sniper",282063,0,0,0,0,0,0,0,0,0,1,0,0,0,0,0,0,0,0,0,0,0,0,0,0,0,140975,9946,167,5,41236,58980,2030,9,0,28714
"10704052006","Kukri-Dragon-Master","Limited","Cận chiến","Melee",281752,82359,3596,71,12,21895,34350,873,4,0,14727,16103,959,12,0,3987,14130,297,9,0,5741,36278,2425,34,1,7234,19981,366,7,0,10146,3900,171,8,0,2076
"10101122006","AK47-Gladiator-Mithril","C","AK47","Rifle",280556,0,0,0,0,0,0,0,0,0,0,2102,6265,1238,252,0,32748,53283,3951,411,0,38392,43626,1899,126,0,35923,19534,677,55,0,26509,12887,620,58,0
"10405016006","Steyr TMP-Butterfly","Gold VVIP","SMG","SMG",278378,0,0,0,0,0,180287,5823,211,18,84902,3517,79,6,0,1807,4,0,0,0,7,104,166,100,12,0,349,460,252,47,3,98,92,29,0,5
"10101008001","AK47-Beast-Noble Gold","Red","AK47","Rifle",276055,0,0,0,0,0,0,0,0,0,0,0,0,0,0,0,20693,3340,298,45,2959,83574,8463,721,75,21628,42730,3415,141,20,15632,52581,3861,234,24,15621
"10305018006","Gatling Gun-Gold","Orange","SMG","Melee",265353,97838,2528,67,12,144585,9461,269,0,8,8012,417,13,0,1,599,348,13,4,1,236,317,10,0,0,188,121,23,0,0,117,73,2,1,0,89
"10607008006","Anaconda-Born Beast-Beta","Silver V","Súng lục","Secondary",260778,45780,854,24,2,108213,14451,227,4,0,29514,7934,102,1,0,15016,4832,68,3,0,9067,4450,52,0,0,7956,2466,20,1,0,5902,1215,12,0,0,2612
"10801225001","Grenade-Iron Beast","Gold V","Đặc biệt","Utility",257433,46066,1460,63,4,48200,28277,951,44,3,23505,25099,1039,43,5,18557,12328,701,28,0,8882,11549,704,20,2,8078,7582,401,12,0,5472,4657,277,11,0,3413
"10304008006","M249-Royal Gold","Purple","SMG","Machine Gun",255615,12932,333,18,2,28454,18473,334,10,1,57102,12032,247,7,8,64654,3329,63,1,0,19037,3350,27,2,0,15037,2565,20,0,0,11048,1301,10,0,0,5218
"10123006006","HK416-Monkey King-Alpha","Orange","Súng trường khác","Rifle",254557,0,0,0,0,0,0,0,0,0,0,0,0,0,0,0,3704,365,7,0,1465,64767,1952,32,7,92872,18601,330,10,1,60495,3440,106,4,0,6399
"10602031006","Desert Eagle-Blue Crystal","Purple","Súng lục","Secondary",253758,4086,86,0,0,52693,1738,19,0,0,35442,1819,24,0,0,86078,1179,13,0,0,52906,465,8,0,0,8327,259,9,0,0,6551,106,2,0,0,1948
"10405006006","Dual Steyr TMP-Angel","Gold V","SMG","SMG",251330,139103,4172,340,24,3,77879,7543,431,72,0,10669,2916,49,5,0,1850,595,2,0,0,1737,709,16,4,0,1582,801,36,6,0,612,168,5,1,0
"10101007006","AK47-Gold","Orange","AK47","Rifle",250384,1633,85,0,0,432,1055,39,0,0,100,667,15,0,0,161,235,21,0,0,123,118,37,0,0,144,101744,4864,302,41,109234,12637,501,27,14,16155
"10101051006","AK47-Gladiator","Gold VVIP","AK47","Rifle",249057,279,0,0,0,117,1621,518,0,0,0,9979,14771,1786,262,0,38021,30717,691,85,0,35745,17527,301,2,0,43647,10735,210,2,0,35124,6869,40,8,0
"10101010006","AK47-Blue Pottery","Purple","AK47","Rifle",243782,0,0,0,0,0,0,0,0,0,0,0,0,0,0,0,68028,1721,23,30,97595,14234,358,13,1,37331,5702,167,10,17,13898,1523,71,0,0,3060
"10102005001","M4A1-Iron Beast-Punk","C","M4A1","Rifle",243367,48941,2279,127,17,41729,24472,1578,81,31,16025,27580,2958,134,16,12004,11868,1076,52,4,5929,13162,1231,38,4,6927,9664,1137,23,1,6085,4924,522,14,1,2733
"10101108006","AK47-Royal Blue Gold Dragon","Orange","AK47","Rifle",242133,45739,2263,43,14,13170,48557,1388,42,30,25105,24065,709,13,1,19128,13580,224,4,0,17310,6636,108,4,1,9706,4934,84,2,0,6034,1318,33,2,0,1886
"10101139006","AK47-Comic","Purple","AK47","Rifle",239703,0,0,0,0,0,107005,10138,376,22,0,71376,4818,79,9,0,20466,1511,19,2,0,11277,974,39,1,0,7691,536,15,1,0,3052,295,1,0,0
"10115003006","AR-15-Royal Dragon","Purple","Súng trường khác","Rifle",238324,0,0,0,0,0,35656,961,14,2,118122,5199,148,4,0,26072,2112,86,5,0,7860,3134,84,5,0,18264,2223,42,0,0,15782,283,18,0,0,2248
"10603009006","Mauser M1896-Royal Dragon","Purple","Súng lục","Secondary",236294,44458,956,13,4,40056,38999,691,10,0,32941,17223,234,0,0,17038,7058,55,0,0,8388,5816,33,0,0,8924,3189,14,0,0,6438,1154,4,0,0,2598
"10102064006","M4A1 (mã 064)","","M4A1","Rifle",235721,0,0,0,0,0,0,0,0,0,0,65206,38246,4231,803,11,39099,29978,1688,266,3,14497,16600,637,85,0,6921,8453,438,135,0,4185,3992,223,24,0
"10102011006","M4A1-Beast","Gold V","M4A1","Rifle",233205,11,0,0,0,1,1,0,0,0,0,0,0,0,0,0,146880,9622,240,30,32566,26099,520,1,1,15090,1169,41,0,0,902,19,0,0,0,12
"10102313006","M4A1-Azure Dragon","Gold VVIP","M4A1","Rifle",233085,0,0,0,0,0,0,0,0,0,0,0,0,0,0,0,0,0,0,0,0,0,0,0,0,0,16817,1823,141,2,2965,149900,6249,122,6,55060
"10101209006","AK47-Born Beast-Ragnarok","B","AK47","Rifle",225997,0,0,0,0,0,0,0,0,0,0,0,0,0,0,0,0,0,0,0,0,0,0,0,0,0,0,0,0,0,0,167532,14102,678,118,43567
"10101058006","AK47-Soccer Babe","Orange","AK47","Rifle",224931,0,0,0,0,0,0,0,0,0,0,0,0,0,0,0,0,0,0,0,0,0,0,0,0,0,85534,2036,48,6,113734,10322,209,2,1,13039
"10405008006","Steyr TMP-Eternal Dragon","Orange","SMG","SMG",223967,0,0,0,0,0,0,0,0,0,0,36985,991,23,0,39461,23490,332,11,2,40066,13877,232,13,0,18738,24123,728,15,2,21323,1347,23,0,0,2185
"10102230006","M4A1-Horus","Purple","M4A1","Rifle",223114,0,0,0,0,0,0,0,0,0,0,0,0,0,0,0,3776,57,1,0,10313,12700,130,2,0,100020,5617,28,1,0,87277,387,1,0,0,2804
"10318002006","Lewis Gun-Blood Moon","Gold V","SMG","Machine Gun",222958,80918,1855,55,2,134367,1997,28,0,0,3736,0,0,0,0,0,0,0,0,0,0,0,0,0,0,0,0,0,0,0,0,0,0,0,0,0
"10201028006","AWM-Jade","Purple","AWM","Sniper",222255,0,0,0,0,0,0,0,0,0,0,36543,1343,23,5,88946,15203,384,10,0,59689,3646,196,2,2,7957,3068,241,3,1,3136,895,79,1,0,882
"10505008006","AA12-Iron Beast","Gold V","Shotgun","Shotgun",217801,2780,239,47,8,634,28594,2228,186,21,7771,21879,1463,70,7,5763,11976,1131,73,0,2507,20667,5894,662,93,3327,40505,14348,1383,173,2634,28265,8429,1653,142,2249
"10614005006","COP 357-Iron Beast-Punk","C","Súng lục","Secondary",216866,0,0,0,0,0,0,0,0,0,0,33551,25217,3466,704,9,24697,32983,4199,1282,0,13153,29008,3148,952,0,7368,16591,1631,460,0,4514,12226,1293,414,0
"10221007006","TAC-Fury Beast","Gold VVIP","Bắn tỉa khác","Sniper",212846,22127,22944,2949,185,59,20105,17940,1233,54,2,12514,9451,804,39,0,20545,21313,771,219,0,12713,13442,719,117,0,9276,12192,781,155,0,3653,6143,325,76,0
"10101287006","AK47-Steel Frenzy","Gold VVIP","AK47","Rifle",212194,0,0,0,0,0,0,0,0,0,0,0,0,0,0,0,20544,9570,733,82,0,83523,17079,524,35,0,53202,4456,86,25,0,20675,1592,38,25,5
"10703012006","B.C Axe-Iron Beast","Gold V","Cận chiến","Melee",210930,23352,904,20,2,14480,17757,541,4,1,8731,18114,716,4,0,6817,20845,667,4,0,8794,40197,1544,6,0,16786,15462,489,2,0,7556,4258,80,1,0,2796
"10109010006","9A91-Jade","Purple","Súng trường khác","Rifle",199013,18909,512,21,9,37311,6140,170,7,1,8629,7000,85,0,0,63839,2742,19,0,0,37694,841,6,0,0,8621,688,12,0,0,4584,113,2,0,0,1058
"10405018006","SMG (mã 018)","","SMG","SMG",195796,0,0,0,0,0,129360,2230,56,8,55964,3927,55,0,0,1989,5,1,0,0,6,138,176,31,4,35,636,555,48,13,13,379,124,34,3,6
"10503003006","Armsel Striker-Oriental Phoenix-Gold","Orange","Shotgun","Shotgun",195471,99397,8174,217,43,0,44350,3012,123,11,0,12007,476,245,0,0,9570,680,142,0,0,6732,217,217,0,0,6360,227,49,0,0,3154,64,4,0,0
"10105007006","AN94-Royal Dragon","Purple","Súng trường khác","Rifle",195350,0,0,0,0,0,28940,590,24,6,73241,1822,16,0,0,13108,691,16,0,0,1150,9568,278,1,0,26681,8090,231,7,0,25550,1400,31,1,0,3908
"10110010006","M14EBR-Alloy","Purple","Súng trường khác","Rifle",191134,0,0,0,0,0,0,0,0,0,0,14442,251,16,3,89245,4293,50,0,0,57523,1115,16,0,1,14461,676,17,0,0,7314,153,3,0,0,1555
"10202010006","Barrett M82A1-Iron Beast","Gold V","Barrett","Sniper",189951,0,0,0,0,0,0,0,0,0,0,50719,21267,1814,547,15,40808,21290,826,98,3,16417,10025,433,24,0,10361,5789,413,10,0,5561,3273,252,6,0
"10804003001","Đặc biệt (mã 003)","","Đặc biệt","Utility",186599,0,0,0,0,0,0,0,0,0,0,0,0,0,0,0,0,0,0,0,2,0,0,0,0,0,108309,8662,373,44,68417,427,46,0,0,319
"10801001001","Grenade","Whtie","Đặc biệt","Utility",182279,9592,117,2,2,46555,3557,26,1,0,23631,2419,25,0,0,23696,1749,19,0,0,17485,1889,31,0,0,20887,1640,22,0,0,18089,655,2,0,0,10188
"10102086006","M4A1-Overlimit Engine","Gold VVIP","M4A1","Rifle",181608,0,0,0,0,0,0,0,0,0,0,0,0,0,0,0,0,0,0,0,0,0,0,0,0,0,80242,5241,321,26,47771,26341,1733,81,31,19821
"10607036006","Anaconda-Gold Black Dragon","Purple","Súng lục","Secondary",180502,18104,388,13,0,42137,7419,109,3,0,30116,5323,67,0,0,25822,3072,47,1,0,19660,1823,21,0,0,13459,951,3,1,0,8591,278,1,0,0,3093
"10515013006","KSG-Angel","Gold V","Shotgun","Shotgun",180465,0,0,0,0,0,1,0,0,0,0,1,0,0,0,0,58,82,0,0,7,19,175,0,0,1,6539,267,7,0,4978,78497,1658,158,0,88017
"10202019006","Barrett M82A1-Born Beast-Noble Gold-Champion Miracle","A","Barrett","Sniper",179786,2090,5380,977,340,6,2094,11256,2577,635,0,3359,19289,4841,1189,0,3390,20975,5008,1150,0,4353,27557,5641,1593,0,3616,24018,4899,831,0,2546,16376,3290,510,0
"10719008006","Dual Dragon","Purple","Cận chiến","Melee",179231,47377,701,6,0,89547,6935,90,1,1,11777,2338,41,0,0,3923,1878,39,0,0,2681,3467,55,1,0,3218,2039,21,0,0,1883,529,3,0,0,680
"10102069006","M4A1-Earl","Orange","M4A1","Rifle",177718,9706,370,0,0,23234,13801,335,9,1,32988,11796,611,1,0,23608,7980,304,3,0,8680,7052,223,1,1,13252,4660,224,2,0,12719,1938,78,2,0,4139
"10101026006","AK47-Peony","Purple","AK47","Rifle",176599,15809,761,85,6,14210,25272,1697,73,13,15334,22786,1186,11,1,16582,12684,361,3,0,10373,7544,264,5,0,9812,5056,153,2,0,12297,1716,71,0,0,2432
"10801055001","Grenade-Beast","Gold V","Đặc biệt","Utility",173928,22208,1383,61,4,9289,22821,1266,41,4,8217,26010,1361,48,3,9251,14812,890,19,0,5385,15493,1039,11,2,5424,13004,643,10,1,4260,7706,438,7,5,2812
"10414008006","CZS2-Blood Moon","Gold V","SMG","SMG",173011,66340,1802,43,6,100131,1640,59,1,0,2932,2,0,0,0,0,0,0,0,0,0,0,0,0,0,0,39,15,0,0,1,0,0,0,0,0
"10101078006","AK47-Anubis-Devil","C","AK47","Rifle",170558,28318,28378,1868,143,0,11640,10694,964,161,0,8352,8041,1107,91,0,17560,16568,1284,130,0,10798,9867,354,33,0,4893,3656,118,100,0,2752,2485,93,110,0
"10102243006","M4A1-Gold Black Dragon","Purple","M4A1","Rifle",169118,11995,253,10,0,112065,2825,135,1,0,20152,1393,58,0,0,8415,602,28,0,0,3955,500,28,1,0,2843,307,29,0,0,2705,65,1,0,0,752
"10502005006","Jack Hammer-Capricorn","Purple","Shotgun","Shotgun",168895,45631,1220,18,1,61024,15481,269,3,0,21998,2690,35,0,0,5930,1597,41,1,0,3001,1580,16,0,0,2845,1157,24,0,0,2489,663,11,0,0,1170
"10105006006","AN94-Arnuvo","Purple","Súng trường khác","Rifle",168403,48301,1362,45,1,60063,10157,290,25,1,14497,5114,323,2,0,6086,3471,141,2,0,3425,3392,79,2,1,4178,1756,30,0,0,2237,1233,38,0,0,2151
"10102201006","M4A1-Ultimate Silversmith","Purple","M4A1","Rifle",167316,9515,294,7,0,83777,2993,102,5,0,19466,1589,66,2,0,8031,796,32,1,0,4606,2202,42,1,2,15062,851,17,1,0,15580,259,6,1,2,2008
"10602030006","Desert Eagle-Iron Beast","Gold V","Súng lục","Secondary",162594,31730,956,28,2,27771,20056,746,9,6,12463,13281,637,3,0,9348,9049,423,12,0,7190,7961,300,2,0,6346,4514,276,1,0,4224,2673,110,0,0,2477
"10131002006","CR-21-Flame","Purple","Súng trường khác","Rifle",162407,31773,836,27,2,70369,9625,306,16,3,18673,5839,298,6,1,6309,3044,187,1,0,3435,3837,173,5,3,2537,2087,131,3,0,1743,554,27,0,1,556
"10110018006","M14EBR-Neon","Purple","Súng trường khác","Rifle",161073,48889,1374,51,9,48412,19154,535,14,1,15204,9864,292,6,0,8619,1372,40,2,0,1753,1350,23,0,0,1259,1054,24,0,0,970,408,5,0,0,389
"10104003006","SCAR-Camo","Blue","Súng trường khác","Rifle",158919,11746,170,4,0,48146,5250,151,4,0,24671,2636,140,1,0,17442,2871,93,4,0,12427,1068,64,0,1,11927,1056,18,1,3,15685,137,2,0,0,3201
"10102066006","M4A1-XS-Eternal Dragon","Orange","M4A1","Rifle",154134,0,0,0,0,0,0,0,0,0,0,36184,1751,36,5,35948,25308,710,11,1,34877,6565,348,43,1,7622,2122,165,5,0,1450,577,56,3,0,346
"10707010006","Shovel-Eternal Dragon","Orange","Cận chiến","Melee",153719,0,0,0,0,0,0,0,0,0,0,5841,352,3,0,674,23643,413,4,1,14034,38881,668,2,0,36221,13057,236,2,0,12917,3429,11,0,0,3330
"10101118006","AK47-Tournament Spirit","Gold VVIP","AK47","Rifle",153296,574,1266,341,333,24,7451,8017,2223,688,15,9102,6855,905,223,0,3926,2762,157,137,0,30704,15657,571,91,0,30345,10594,387,45,0,14632,5013,248,10,0
"10402004006","Dual UZI-Gold","Orange","SMG","SMG",151441,0,0,0,0,0,0,0,0,0,0,33850,666,8,3,37271,14445,297,2,2,25104,7410,167,2,0,9725,10719,544,8,0,8817,1090,7,0,0,1304
"10101234001","AK47-Pterosaur","Gold VVIP","AK47","Rifle",151213,9643,2319,180,22,1918,25709,5129,248,28,3374,22963,6014,315,26,1075,25173,4223,227,38,888,12586,4167,163,12,534,13208,3185,87,27,688,5018,1736,92,6,192
"10305019006","Gatling Gun-Pencil Sharpener","Orange","SMG","Machine Gun",150624,0,0,0,0,0,0,0,0,0,0,13116,528,35,8,9737,40189,792,22,5,63838,5616,129,4,1,7482,2517,82,4,1,2970,1845,25,3,0,1675
"10107006006","AUG-RED","Purple","Súng trường khác","Rifle",149820,0,0,0,0,0,16016,378,20,15,88682,1114,35,2,0,8961,679,36,1,1,5035,1823,48,1,1,12037,1553,57,1,0,11326,282,11,1,0,1704
"10705027006","Dual Karambit-Chocolate","Purple","Cận chiến","Melee",148477,32914,489,10,0,63865,7263,98,1,0,11927,3195,47,0,0,5265,2212,31,5,0,4360,4050,41,0,0,5714,1827,15,0,0,4011,390,0,0,0,747
"10102092006","M4A1-XS-Jade","Purple","M4A1","Rifle",147254,1454,52,3,0,514,763,57,3,3,201,18196,321,6,0,81389,4096,74,1,0,34235,682,48,2,0,2575,492,24,0,0,1504,179,24,0,0,356
"10602008006","Desert Eagle-A","Blue","Súng lục","Secondary",146118,0,0,0,0,0,0,0,0,0,0,0,0,0,0,0,20,0,0,0,2304,372,2,0,0,98231,394,4,0,0,36817,97,0,0,0,7877
"10101176006","AK47-Chroma","Purple","AK47","Rifle",145757,0,0,0,0,0,0,0,0,0,0,0,0,0,0,0,1694,107,2,0,1935,18064,677,22,0,49782,10909,336,12,5,52784,1529,64,0,0,7835
"10515002006","KSG-Royal Dragon","Purple","Shotgun","Shotgun",143470,0,0,0,0,0,0,0,0,0,0,0,0,0,0,0,1134,60,0,0,1273,21646,350,2,0,36610,22556,352,21,0,39912,6542,75,0,0,12937
"10112001006","M14EBR-Royal Fire","Purple","Súng trường khác","Rifle",143297,12689,230,5,0,29858,6525,100,0,0,16137,5104,76,0,0,14820,2334,35,0,0,9319,3906,106,2,0,13811,3210,44,0,0,19476,550,5,0,0,4955
"10404002006","Thompson-Infernal Dragon","Gold V","SMG","SMG",142353,0,0,0,0,0,2,0,0,0,0,0,0,0,0,0,0,0,0,0,0,0,0,0,0,0,1036,273,30,3,207,53251,1262,578,5,85706
"10214001006","FRF2-Chill","Purple","Bắn tỉa khác","Sniper",140090,20078,667,24,3,33710,12140,559,23,2,13955,9378,463,22,0,12512,6115,427,12,2,7700,4069,128,2,3,6733,2496,82,3,0,5404,905,29,2,0,2442
"10502010006","Jack Hammer-Confession","Orange","Shotgun","Shotgun",138304,0,0,0,0,0,58875,1813,85,26,42621,9123,192,4,0,7116,3202,76,4,1,2401,3333,98,2,2,2391,2022,60,0,0,1683,1822,31,0,0,1321
"10202055006","Barrett M82A1-Iron Shark-Summer Breeze","C","Barrett","Sniper",137473,0,0,0,0,0,0,0,0,0,0,0,0,0,0,0,0,0,0,0,0,0,0,0,0,0,14061,1665,99,58,3106,82245,8720,603,113,26803
"10101036006","AK47-SSS","Orange","AK47","Rifle",136568,13792,435,85,2,13334,13568,520,6,1,11358,18269,827,12,1,11004,11715,454,14,0,8810,6996,266,8,0,8406,4914,151,6,0,7266,1770,57,3,0,2518
"10214003006","FRF2-Horus","Purple","Bắn tỉa khác","Sniper",136090,0,0,0,0,0,0,0,0,0,0,0,0,0,0,0,2950,118,1,0,3370,16025,596,9,0,50711,10672,254,8,3,46762,1140,37,0,0,3434
"10102255006","M4A1-Summer-Alpha","Gold V","M4A1","Rifle",135489,0,0,0,0,0,0,0,0,0,0,0,0,0,0,0,28985,2572,47,2,0,79111,2682,12,0,0,15397,285,0,0,1,6260,135,0,0,0
"10404004006","Thompson-Gilt","Orange","SMG","SMG",134052,22746,404,13,5,52989,5024,60,0,0,11508,4036,78,0,0,9867,1184,23,1,1,4003,1914,20,0,0,7488,2892,94,4,0,7215,350,8,0,0,2125
"10601001006","USP","Whtie","Súng lục","Secondary",132783,5216,136,31,3,32227,2307,88,6,3,17536,1749,69,4,0,23567,1396,76,4,1,14574,908,51,3,0,13085,718,76,6,3,14318,200,34,1,0,4387
"10201052006","AWM-Ultimate Silversmith","Purple","AWM","Sniper",132503,0,0,0,0,0,0,0,0,0,0,0,0,0,0,0,311,20,0,0,643,20114,679,26,1,57831,9057,311,7,1,36129,925,72,3,0,6373
"10206005001","M200-Dominator","Gold VVIP","M200","Sniper",131028,11794,1339,67,10,1156,12443,2209,112,23,759,21788,4309,171,44,825,17714,3921,212,107,708,16088,3867,194,14,582,13318,3629,145,37,644,9474,2757,95,22,451
"10408008006","QCW05-Yumo","Orange","SMG","SMG",130219,0,0,0,0,0,0,0,0,0,0,0,0,0,0,0,0,0,0,0,0,922,99,9,2,238,61353,2503,94,9,62494,1482,35,0,0,979
"10102076006","M4A1 (mã 076)","","M4A1","Rifle",129504,0,0,0,0,0,0,0,0,0,0,0,0,0,0,0,0,0,0,0,0,0,0,0,0,0,12367,911,0,0,521,103757,5151,5,0,6792
"10801121001","Grenade-Gold","Orange","Đặc biệt","Utility",127960,23149,500,12,0,43302,8286,163,4,1,12625,6909,87,0,0,9108,3277,58,1,0,4335,2479,44,1,0,4113,2250,25,1,0,4024,1069,12,0,0,2125
"10703014006","B.C Axe-Blue Crystal","Purple","Cận chiến","Melee",127653,3403,36,1,0,42350,2865,25,0,0,27017,1707,14,0,0,16606,1561,19,0,0,12922,1475,27,0,1,9452,685,10,0,0,5433,78,0,0,0,1966
"10617009006","Dual Double Barrel-Crystal","Purple","Súng lục","Secondary",125948,0,0,0,0,0,0,0,0,0,0,0,0,0,0,0,1189,42,0,0,478,28977,1174,2,1,13385,37034,1264,24,0,17482,16437,329,19,0,8111
"10102077001","M4A1-Blue Crystal","Purple","M4A1","Rifle",125923,3292,70,1,1,48278,1400,28,1,0,22004,1194,29,2,0,23326,749,17,0,0,17596,291,16,0,2,3154,294,19,0,0,2975,114,6,0,0,1064
"10704006006","Kukri-Glory","Purple","Cận chiến","Melee",125429,0,0,0,0,2,0,0,0,0,0,10648,136,1,1,21904,10032,110,0,1,25486,14262,103,0,2,23904,4780,15,0,0,10313,1139,4,0,0,2586
"10102116006","M4A1-Rush","Gold VVIP","M4A1","Rifle",124313,0,0,0,0,0,0,0,0,0,0,38472,15519,742,100,6,21913,7502,513,63,2,17137,5435,247,24,0,7659,2918,107,19,2,4238,1620,56,8,11
"10519002006","M1216-Blood Moon","Gold V","Shotgun","Shotgun",122418,45577,1162,19,0,67336,984,8,0,0,1769,0,0,0,0,0,36,0,0,0,25,1773,150,4,0,1040,924,56,1,0,650,451,25,0,0,428
"10101047006","AK47-Fire Hawk","Purple","AK47","Rifle",121365,9709,476,10,2,13133,12480,552,34,0,13206,9488,303,83,0,15484,5466,138,81,0,11148,2539,48,16,0,9914,2151,32,4,2,10685,668,7,3,0,3503
"10702096006","Knife Ultimate Goldsmith","Gold V","Cận chiến","Melee",119389,0,0,0,0,0,0,0,0,0,0,17094,802,6,0,13229,14782,744,4,2,3447,34734,1665,11,2,10783,13197,399,1,1,4372,2889,48,0,0,1177
"10614007006","COP 357-Royal Blue Gold Dragon","Orange","Súng lục","Secondary",117730,0,0,0,0,0,0,0,0,0,0,0,0,0,0,0,1,0,0,0,0,18830,16160,466,32,0,27583,22340,713,20,0,17651,13586,346,2,0
"10110004006","M14EBR-Born Beast-Alpha","Gold V","Súng trường khác","Rifle",115963,5467,3164,464,29,0,3064,1438,125,8,0,1260,793,98,6,0,350,476,15,2,0,669,317,26,9,42,49864,4002,92,0,15263,19922,1169,21,1,7807
"10101028001","AK47-Born Beast","Gold V","AK47","Rifle",115100,0,0,0,0,0,27016,1344,68,13,26138,14881,941,42,0,10947,5786,368,13,3,4857,4666,342,11,2,3725,3713,276,2,0,3292,3053,184,3,0,3414
"10603005006","Mauser M1896-Sakura","Purple","Súng lục","Secondary",114923,23989,668,7,0,17517,12957,353,4,2,8130,9775,157,3,0,6835,7915,154,0,0,5198,6012,76,1,0,4944,3197,17,1,0,3604,1569,6,0,0,1832
"10405005006","Dual Steyr TMP-Royal Dragon","Purple","SMG","SMG",113654,0,0,0,0,0,32167,381,6,2,69087,1957,16,0,0,10038,0,0,0,0,0,0,0,0,0,0,0,0,0,0,0,0,0,0,0,0
"10101096006","AK47-Rose","Purple","AK47","Rifle",111389,0,0,0,0,0,32179,874,12,0,78260,0,0,0,0,0,0,0,0,0,0,0,0,0,0,0,0,1,0,0,1,25,0,0,0,37
"10628008006","MK23-Dilophosaurus","Gold VVIP","Súng lục","Secondary",110556,0,0,0,0,0,0,0,0,0,0,0,0,0,0,0,0,0,0,0,0,0,0,0,0,0,4,0,0,0,0,69783,37950,2618,166,35
"10303001006","MG3","Green","SMG","Machine Gun",109783,3174,28,0,1,19718,1841,74,1,0,10884,1274,16,0,0,8556,994,6,0,0,8511,1844,10,0,2,19470,1908,16,0,0,22219,465,0,0,0,8771
"10403015006","MK5-Connotation Mystery","Orange","SMG","SMG",108532,25909,726,28,2,16441,21494,295,9,0,23588,3730,53,1,0,2734,1368,31,1,0,1076,1426,35,3,0,920,5215,181,16,0,2644,340,4,0,0,262
"10138002006","QBZ19-Angel","Gold V","Súng trường khác","Rifle",107144,0,0,0,0,0,0,0,0,0,0,0,0,0,0,0,19,13,5,7,0,29,23,14,6,0,9160,363,4,1,6330,29085,595,12,2,61476
"10102038006","M4A1-Gilt","Orange","M4A1","Rifle",106086,7581,139,5,3,28841,3975,123,20,0,13198,5338,213,3,0,12663,2839,155,2,0,4958,3067,99,1,1,8275,2489,32,0,0,8711,555,6,0,0,2794
"10405019006","Steyr TMP-Death Eye","Silver V","SMG","SMG",105242,0,0,0,0,0,0,0,0,0,0,0,0,0,0,0,8874,308,4,0,3657,27625,547,5,3,20138,24379,835,8,1,13357,2921,11,0,0,2569
"10707031006","Shovel-Horus","Purple","Cận chiến","Melee",104173,0,0,0,0,0,0,0,0,0,0,0,0,0,0,0,3869,63,1,0,5970,14191,145,0,1,33293,8702,50,0,0,29281,1876,2,0,0,6729
"10102016006","M4A1-Custom Elite","Blue","M4A1","Rifle",104001,4438,192,15,1,21026,3499,147,4,0,13065,2657,120,2,0,13396,2009,77,1,0,12872,1629,45,5,0,11598,1257,68,15,0,11939,309,25,0,0,3590
"10104018006","SCAR-Electric Organ","Orange","Súng trường khác","Rifle",102750,0,0,0,0,0,0,0,0,0,0,0,0,0,0,0,12197,1891,100,15,20,52872,3371,66,6,18,25818,729,24,0,5,5287,302,27,0,2
"10506003006","M37-Royal Gold","Purple","Shotgun","Shotgun",100777,8850,265,10,1,11995,7729,196,8,0,17491,5892,113,1,0,20113,2552,77,0,3,5531,3405,107,0,2,5601,3266,148,2,0,4516,1190,20,1,0,1692
"10707008006","Shovel-Born Beast","Gold V","Cận chiến","Melee",99904,28449,4159,181,9,3103,14036,2281,52,1,1245,6381,1464,18,0,538,7115,1390,17,0,720,13101,2016,24,0,1343,6555,1125,12,3,517,3012,343,9,0,685
"10201004006","AWM-A-Gold","Orange","AWM","Sniper",99403,0,0,0,0,0,0,0,0,0,0,0,0,0,0,0,0,0,0,0,0,0,0,0,0,0,27445,1993,118,2,30049,8334,421,18,4,31019
"10101076001","AK47-Born Beast-Beta","Silver V","AK47","Rifle",97132,23900,512,21,0,44595,6996,204,8,1,10766,1432,45,2,1,2755,644,20,0,0,1383,481,11,0,0,1152,453,17,0,0,1152,186,4,0,0,391
"10102025001","M4A1-Predator","Gold V","M4A1","Rifle",95542,20523,576,25,5,22073,10173,357,14,1,8747,7400,371,12,1,5953,2777,163,4,0,2636,3196,200,4,9,3190,1976,80,0,0,2920,928,40,0,0,1188
"10303002006","MG3-Gold","Orange","SMG","Machine Gun",92919,0,0,0,0,0,0,0,0,0,0,0,0,0,0,0,704,25,1,0,1492,11694,496,5,17,29978,9234,327,11,0,28031,2781,70,3,0,8050
"10614002006","COP 357-Eternal Dragon","Orange","Súng lục","Secondary",92402,0,0,0,0,0,0,0,0,0,0,0,0,0,0,0,1561,1194,69,6,0,29128,14418,351,18,87,21482,7377,197,3,0,12450,4011,45,5,0
"10801038001","Grenade-Predator","Gold V","Đặc biệt","Utility",92390,9548,559,28,5,3448,11353,740,25,4,3472,14743,837,35,4,4552,9083,624,17,4,2834,9088,659,18,4,3154,7248,486,19,1,2926,4736,333,11,2,1790
"10602042006","Desert Eagle-Immortal Dragon","Purple","Súng lục","Secondary",91213,10852,197,2,0,48655,2987,42,0,0,9717,1596,27,0,0,5884,900,5,0,0,3570,585,3,0,0,2742,328,4,0,0,2131,114,1,0,0,871
"10201003001","AWM-Infernal Dragon","Gold V","AWM","Sniper",90369,11248,751,44,1,7444,12338,857,27,5,5218,14070,989,22,4,5175,8565,602,12,4,2957,5339,324,6,3,2652,4920,344,8,2,2503,2565,177,3,2,1188
"10212003006","MR1-White Dragon Horse","Orange","Bắn tỉa khác","Sniper",90197,0,0,0,0,0,0,0,0,0,0,0,0,0,0,0,0,0,0,0,0,0,0,0,0,0,845,86,2,0,153,34793,901,26,0,53391
"10505003006","AA12-Buster","Orange","Shotgun","Shotgun",89384,0,0,0,0,0,0,0,0,0,0,0,0,0,0,0,0,0,0,0,0,0,0,0,0,0,0,0,0,0,0,49454,1434,36,2,38458
"10134001006","Zero-Gold","Orange","Súng trường khác","Rifle",88623,0,0,0,0,0,0,0,0,0,0,0,0,0,0,0,11720,613,26,1,6588,21214,854,29,2,25176,5155,196,6,0,12184,786,4,0,0,4069
"10705023006","Gloves-Camo Skull","Purple","Cận chiến","Melee",88124,10725,191,6,1,29342,4476,71,3,1,12465,2168,34,1,0,7233,1664,16,2,0,5984,1672,26,2,0,5315,945,20,1,0,3656,316,2,0,0,1786
"10705042006","Knuckles-Half Moon Tambourine","Orange","Cận chiến","Melee",87801,15780,237,1,2,22903,7436,81,1,1,8276,3800,57,0,0,4266,3333,32,0,0,3618,4386,60,0,0,4770,2763,21,0,0,3708,935,2,0,0,1332
"10403012006","MK5-Iron Shark","Gold V","SMG","SMG",87315,23944,494,28,0,59474,625,9,0,0,1642,0,0,0,0,0,0,0,0,0,0,9,0,0,0,1,28,7,1,5,0,797,34,2,0,215
"10101115006","AK47-Red Crystal","Purple","AK47","Rifle",86764,0,0,0,0,0,0,0,0,0,0,0,0,0,0,0,504,23,5,0,1068,7172,282,7,2,31346,6149,276,1,1,34559,622,39,0,0,4708
"10404005006","Thompson-Blue Pottery","Purple","SMG","SMG",86109,16,0,0,0,19,0,0,0,0,0,937,84,2,0,431,13449,246,5,0,36239,4042,75,0,0,11793,7755,265,6,0,9542,338,5,0,0,860
"10202074001","Barrett M82A1-Winter","Gold VVIP","Barrett","Sniper",85532,23531,1474,88,20,2978,16190,1098,42,12,1855,12710,872,18,4,1228,6713,458,3,4,686,5730,440,19,6,503,4904,364,17,0,480,2582,264,1,0,238
"10202040006","Barrett M82A1-Chameleon","Gold VVIP","Barrett","Sniper",85086,0,0,0,0,0,0,0,0,0,0,0,0,0,0,0,2062,2659,462,30,0,2334,2754,241,1,4,67442,4859,89,1,0,1323,810,12,3,0
"10502002006","Jack Hammer-Gold","Orange","Shotgun","Shotgun",84373,13099,380,12,0,18038,3281,101,0,0,7490,1518,19,1,1,5222,1281,23,0,0,4884,3288,123,0,0,8674,3075,59,1,0,9186,1337,26,0,0,3254
"10108001006","FAMAS","Green","Súng trường khác","Rifle",84004,514,18,0,0,1865,375,11,0,0,1170,294,10,3,0,728,99,12,0,0,587,119,15,0,0,2003,45868,3863,193,25,25278,67,11,0,0,876
"10801059001","Grenade-Born Beast","Gold V","Đặc biệt","Utility",83981,0,0,0,0,0,4525,373,15,0,897,15294,1088,26,3,5090,12447,1029,36,2,4426,11102,1058,26,2,4428,9243,818,19,1,3479,5554,626,18,3,2353
"10102154006","M4A1-Iron Beast-Heroic Battlegear","C","M4A1","Rifle",83638,0,0,0,0,0,0,0,0,0,0,0,0,0,0,0,0,0,0,0,0,0,63,54,0,0,6753,5161,183,0,0,63706,7650,68,0,0
"10102134006","M4A1-Red & White Machine","Purple","M4A1","Rifle",83328,0,0,0,0,0,0,0,0,0,0,8935,536,7,0,8274,15769,407,8,1,40076,2214,59,0,0,3538,1014,51,1,0,1760,225,12,1,0,440
"10110011006","M14EBR-Gold","Orange","Súng trường khác","Rifle",82657,0,0,0,0,0,0,0,0,0,0,0,0,0,0,0,665,62,5,0,1342,8559,379,3,5,28554,7923,357,29,0,29723,997,44,4,0,4006
"10719007006","Nunchaku-Angel","Gold V","Cận chiến","Melee",82188,4878,94,7,0,0,2513,125,0,0,0,136,4,0,0,0,0,0,0,0,0,33750,697,6,0,36762,1822,45,1,0,716,361,10,0,0,261
"10506001006","M37-Thug","Purple","Shotgun","Shotgun",82000,18838,644,13,2,15534,7812,322,11,1,6908,2255,138,2,0,2257,2708,182,2,2,3117,4190,279,10,3,2638,6390,422,7,0,4265,1688,94,6,0,1260
"10303003006","MG3-Perfect Silver","Purple","SMG","Machine Gun",81615,10788,250,8,1,16158,6596,217,13,2,10248,3793,115,5,2,6906,2417,64,2,1,6876,1877,24,1,0,6334,1380,15,2,0,4690,569,6,0,0,2255
"10120013006","QBZ03-Volcano","Purple","Súng trường khác","Rifle",81517,0,0,0,0,0,0,0,0,0,0,0,0,0,0,0,1102,45,12,0,1618,13529,393,7,1,27743,9624,209,1,2,23351,1127,17,0,0,2736
"10617004006","Dual Double Barrel-Born Beast","Gold V","Súng lục","Secondary",81418,17646,1134,64,16,4,10329,931,41,0,0,866,117,0,0,0,16062,10025,430,6,306,5320,7398,420,6,2,2400,3589,160,9,0,1457,2546,131,3,0
"10101138001","AK47-Iron Beast-Legend","Limited","AK47","Rifle",81284,0,0,0,0,0,0,0,0,0,0,27976,2756,148,28,8610,4246,265,8,0,3363,11032,1051,38,1,5904,3427,201,3,0,3759,5125,643,32,0,2668
"10101149001","AK47-Iron Beast-Diamond","Limited","AK47","Rifle",79466,42645,1679,62,7,18358,9094,388,36,5,4574,1505,34,1,0,1078,0,0,0,0,0,0,0,0,0,0,0,0,0,0,0,0,0,0,0,0
"10503002006","Armsel Striker-Oriental Phoenix","Purple","Shotgun","Shotgun",79028,16694,265,15,0,16957,5619,66,3,0,7990,2809,21,0,0,5301,2153,3,0,0,4421,2147,34,0,0,5809,2003,0,0,0,4621,480,1,0,0,1616
"10102096001","M4A1-Ranger-Frost","C","M4A1","Rifle",78929,6073,2529,189,46,850,5643,3195,175,26,423,8006,5226,281,42,257,4799,3674,299,34,156,4747,4431,223,72,117,6399,5943,256,57,266,7753,6245,234,52,211
"10705041006","Bladed Knuckles-Pterosaur","Gold VVIP","Cận chiến","Melee",78786,4418,2823,208,52,0,13906,5468,176,11,0,6849,2834,63,9,0,18434,3079,125,2,0,9220,3773,107,5,0,3544,1990,51,1,0,1116,514,8,0,0
"10707001006","Shovel","Blue","Cận chiến","Melee",78343,5310,102,2,1,18213,4479,153,3,0,12148,3219,61,1,0,9314,2735,18,6,0,9054,1779,8,2,0,5310,564,10,1,0,3949,187,6,0,0,1708
"10506002006","M37-Fireworks","Purple","Shotgun","Shotgun",78289,0,0,0,0,0,32586,1076,61,13,39806,1114,11,0,0,3455,2,0,0,0,75,3,0,0,0,33,6,0,0,0,29,4,0,0,0,15
"10105029006","AN94-Seafill","Gold VVIP","Súng trường khác","Rifle",77643,0,0,0,0,0,0,0,0,0,0,0,0,0,0,0,11,3,0,0,0,19359,14659,733,127,0,16775,11901,594,161,0,6751,5963,413,193,0
"10602012006","Desert Eagle-Ice-Alpha","Purple","Súng lục","Secondary",77422,15724,379,16,0,22841,7875,140,2,0,13869,3496,49,2,0,4442,1492,22,0,0,1573,1285,36,0,0,1503,691,9,0,0,1116,354,3,0,0,503
"10405003006","Steyr TMP-SS","Purple","SMG","SMG",76330,7030,162,3,1,10114,3821,70,0,0,6801,2932,19,1,1,6466,1463,17,0,1,4606,2837,21,1,0,8849,4136,128,0,0,12292,665,13,0,0,3880
"10104001006","SCAR","Green","Súng trường khác","Rifle",76313,4440,281,0,0,20191,2593,132,0,7,11320,1319,38,4,0,8552,1635,85,2,0,8030,966,58,1,1,5861,1039,48,7,1,7499,508,71,18,0,1606
"10101156001","AK47-Tào Tháo","Red","AK47","Rifle",75192,0,0,0,0,0,0,0,0,0,0,0,0,0,0,0,0,0,0,0,0,13203,10762,600,108,626,17057,10970,476,85,922,11848,7564,356,44,571
"10607015006","Anaconda-Royal Gold","Purple","Súng lục","Secondary",73326,8573,281,1,2,14197,6806,149,5,1,14649,3565,117,16,0,7032,2403,73,1,3,4176,1922,48,0,5,3475,1343,37,3,0,2805,415,14,0,0,1209
"10704048006","Kukri-Titanium Beast","Gold VVIP","Cận chiến","Melee",71247,0,0,0,0,0,4159,2489,106,6,0,6617,3819,145,11,1,19773,4602,103,11,0,13046,6746,150,8,0,4664,2651,68,9,0,1380,665,18,0,0
"10702055006","Thorny Rose","Purple","Cận chiến","Melee",70256,5949,174,3,3,5903,15606,398,14,1,26623,557,34,0,0,209,338,42,0,0,59,498,28,0,0,99,4099,65,1,0,6888,856,9,1,0,1799
"10102133006","M4A1-Predator-Noble Gold-Champion Miracle","A","M4A1","Rifle",69638,0,0,0,0,0,0,0,0,0,0,0,0,0,0,0,43,3033,2368,646,0,1870,24469,9375,1387,5,363,12498,4082,551,11,324,5604,2698,295,16
"10801032001","Molotov","Purple","Đặc biệt","Utility",69611,4156,168,9,2,9935,6137,408,11,0,5497,4132,258,2,0,3890,3119,277,6,2,3183,3906,440,7,0,11547,3026,199,2,0,6156,1039,78,2,0,2017
"10133001006","NAR-Gold","Orange","Súng trường khác","Rifle",69273,0,0,0,0,0,0,0,0,0,0,0,0,0,0,0,0,0,0,0,0,0,0,0,0,0,647,61,0,0,484,25921,1754,52,8,40346
"10614009006","COP 357-Sakura","Orange","Súng lục","Secondary",69007,4702,10620,2044,300,0,4163,10023,1380,211,0,4896,8865,716,53,0,2890,4513,290,64,0,2730,3952,223,4,0,1411,2129,83,0,0,865,1795,84,1,0
"10804002001","Đặc biệt (mã 002)","","Đặc biệt","Utility",67491,0,0,0,0,0,0,0,0,0,0,0,0,0,0,0,5,0,0,0,6,0,0,0,0,0,32882,2221,109,9,31946,133,14,0,0,166
"10102042006","M4A1-SSS","Orange","M4A1","Rifle",67127,7627,300,10,0,7939,6392,175,12,5,5318,9324,482,24,1,5435,5540,286,14,0,3600,3117,194,3,3,3719,2279,114,3,0,2649,848,25,0,0,1689
"10304005006","M249-Perfect Silver","Purple","SMG","Machine Gun",66792,0,0,0,0,0,0,0,0,0,0,0,0,0,0,0,183,2,0,0,614,4158,91,0,8,16259,3385,47,1,0,14821,5824,50,0,0,21349
"10702028006","Butterfly Knife-Gold","Orange","Cận chiến","Melee",66144,15707,760,13,2,0,9242,467,11,2,0,8830,485,2,1,0,7762,351,2,0,5,14539,628,3,0,0,5717,152,2,0,1,1449,9,2,0,0
"10102071006","M4A1-Anubis","Gold VVIP","M4A1","Rifle",65833,6204,3927,245,23,2,4377,2920,133,14,1,8282,5579,394,19,0,6407,4385,130,10,0,7119,3703,130,3,0,4709,2705,106,12,0,2624,1555,109,6,0
"10702012006","Butterfly Knife","Purple","Cận chiến","Melee",65460,0,0,0,0,0,8097,87,0,0,5249,5027,80,0,0,1754,5826,80,0,0,4891,12085,113,0,1,13175,3143,12,1,0,3863,784,2,0,0,1190
"10607029006","Python-Firepower-Alpha","Gold V","Súng lục","Secondary",64344,0,0,0,0,0,0,0,0,0,0,10350,705,44,2,2361,11822,708,1,3,2995,11913,533,6,1,3643,9424,335,6,0,2620,5083,175,3,0,1611
"10101053001","AK47-Earl Royal","Gold VVIP","AK47","Rifle",64311,3180,112,7,1,3913,75,4,0,0,102,16023,1064,41,4,4882,9507,621,25,11,4909,6404,363,18,3,3021,4293,300,5,1,2036,2252,173,8,0,953
"10741007006","Dragon Blade-Fury Beast","Gold VVIP","Cận chiến","Melee",62093,15766,6699,515,43,3,9141,3263,133,7,1,3255,1206,65,1,0,4036,2852,99,13,0,5474,3662,170,8,0,2729,1754,59,1,0,720,399,19,0,0
"10110002006","M14EBR-S-Camo","Blue","Súng trường khác","Rifle",61755,7582,190,3,0,15687,3623,131,2,2,7169,2700,88,0,1,6663,1516,86,1,0,3657,1272,69,0,0,3932,1438,49,0,0,4431,280,10,1,1,1171
"10304001006","M249","Green","SMG","Machine Gun",61614,1738,43,1,0,16181,1171,20,0,1,9890,673,13,0,0,6899,521,0,0,0,7308,407,3,0,0,6375,260,0,1,0,7184,52,1,0,0,2872
"10102006001","M4A1-Born Beast-Punk","C","M4A1","Rifle",61393,2079,386,16,9,235,1002,153,11,4,72,1228,239,14,1,99,17257,1326,87,6,14047,8323,853,32,2,3947,4147,512,12,1,2264,2088,276,17,2,646
"10704014006","Kukri-Jade","Purple","Cận chiến","Melee",61318,858,21,0,0,800,216,5,0,0,157,4147,37,0,0,14476,3295,48,0,0,14614,3599,37,0,0,11131,1264,4,1,0,4825,267,0,0,0,1516
"10705018006","Dual Karambit-Sakura","Purple","Cận chiến","Melee",61272,6303,135,1,0,13651,2717,43,1,0,5108,1848,28,1,1,3384,3885,66,2,0,2936,6217,79,0,0,5342,3127,49,0,0,3809,977,5,2,0,1555
"10108005006","FAMAS-G2-Black Gold Legend","Purple","Súng trường khác","Rifle",60794,0,0,0,0,0,0,0,0,0,0,5886,213,6,1,21658,2158,88,1,2,8713,978,56,1,0,2163,11420,922,41,8,6053,124,6,0,0,296
"10601008006","USP-Fury Beast","Gold VVIP","Súng lục","Secondary",60734,10701,5619,343,13,3,9273,4617,220,42,0,7463,3758,110,12,0,3993,2513,89,23,0,3474,1835,96,5,0,2328,1448,52,4,0,1938,738,22,2,0
"10101240001","AK47-Spring","Gold VVIP","AK47","Rifle",60681,0,0,0,0,0,0,0,0,0,0,20283,1890,129,13,597,15107,1025,22,2,572,9534,882,46,2,510,5564,595,9,4,374,3061,265,5,0,190
"10602064006","Dual Desert Eagle-Drake","Gold V","Súng lục","Secondary",60129,0,0,0,0,0,0,0,0,0,0,10318,266,8,0,6123,7699,147,1,0,5837,7647,105,1,0,6741,5037,49,2,0,4320,2899,28,0,0,2901
"10109015006","9A91-Chroma","Purple","Súng trường khác","Rifle",59974,0,0,0,0,0,0,0,0,0,0,9549,124,1,1,39378,992,11,0,0,5009,472,13,0,0,2190,341,16,0,0,1373,99,2,0,0,403
"10601003006","USP-Earl","Orange","Súng lục","Secondary",59676,5125,110,3,0,8332,3715,95,2,0,5215,5955,197,2,0,5174,4496,113,3,1,4362,3721,37,0,0,4815,2052,47,1,1,3595,953,9,0,0,1545
"10501002006","SPAS-12","Whtie","Shotgun","Shotgun",58414,6923,250,6,0,13835,2708,146,7,17,6811,1516,90,1,0,4232,1321,72,2,1,4320,1747,91,5,2,5463,1429,72,5,0,4735,540,23,0,0,2044
"10101264001","AK47-Titanium Beast","Gold VVIP","AK47","Rifle",58098,6,0,0,0,1,6597,2486,178,15,716,12675,4945,228,47,949,11711,3241,140,19,446,4651,2376,76,10,162,2839,1143,26,3,109,1580,648,23,5,47
"10607031006","Anaconda-Beast Dragon","Orange","Súng lục","Secondary",57937,10615,711,28,0,1380,10915,243,6,0,5376,5573,109,2,0,3475,2897,52,1,0,1799,4251,50,1,0,4532,1847,26,1,0,2236,723,11,1,0,1076
"10101201001","AK47-Born Beast Blood Warrior-Beta","Silver V","AK47","Rifle",57725,11700,268,5,3,29325,2991,80,1,0,6501,732,15,0,0,2044,387,10,1,0,1094,296,12,1,0,785,352,17,0,0,793,75,0,0,0,237
"10101095006","AK47-Multiflora-Gold","Orange","AK47","Rifle",57082,0,0,0,0,0,0,0,0,0,0,0,0,0,0,0,0,0,0,0,0,18184,1788,78,7,0,26036,1385,25,0,0,9345,230,4,0,0
"10202014006","Barrett M82A1-Gun Girl","Gold VVIP","Barrett","Sniper",57073,7097,2086,173,5,7,43,16,0,0,0,0,0,0,0,0,0,0,0,0,0,0,0,0,0,0,19664,10986,880,97,0,11244,4577,178,19,1
"10107001006","AUG","Green","Súng trường khác","Rifle",57042,1671,40,1,0,11600,751,4,0,1,5523,383,10,0,0,5675,548,5,0,0,5886,281,1,0,0,9212,476,4,0,0,11313,66,8,0,0,3583
"10402002006","UZI-Virgo","Purple","SMG","SMG",56946,16722,302,9,1,24450,3932,84,2,0,4269,1597,22,0,0,1692,338,11,0,0,558,412,8,0,0,754,650,17,0,0,723,133,2,0,0,258
"10104006006","SCAR-Falling Snow","Purple","Súng trường khác","Rifle",55991,17031,779,20,0,10301,6008,277,3,0,2921,2849,106,0,0,1606,3284,248,2,0,1407,2204,68,1,0,1810,1755,119,5,0,2417,222,10,0,0,538
"10413006006","P90-Dilophosaurus","Gold VVIP","SMG","SMG",55833,0,0,0,0,0,0,0,0,0,0,0,0,0,0,0,0,0,0,0,0,0,0,0,0,0,13,1,0,0,0,38682,16049,990,95,3
"10109008006","9A91-Predator","Gold V","Súng trường khác","Rifle",55827,1011,97,2,0,219,8370,475,36,1,3322,5072,313,23,0,2176,1944,93,17,6,1064,2548,145,0,0,923,1878,140,3,0,933,15014,703,29,5,9265
"10102089001","M4A1-Iron Beast-Noble Gold-Champion Miracle","A","M4A1","Rifle",55665,3027,4263,1268,486,317,3094,4090,1081,310,271,4695,4892,1399,354,292,2527,3231,769,203,176,3157,3655,1231,284,260,1744,2216,758,106,143,1887,2557,665,117,140
"10101170001","AK47-Sakura","Purple","AK47","Rifle",55398,2766,84,2,0,12099,2030,59,2,0,8273,1724,53,3,0,6605,1144,31,1,0,5689,858,27,1,0,5093,853,28,1,0,5723,299,8,0,0,1942
"10206008001","M200-Bumblebee","Purple","M200","Sniper",55315,13123,413,14,0,9012,6640,282,7,1,3290,6883,312,3,0,3442,2874,141,2,1,1330,2325,88,1,2,1200,1825,78,5,0,1047,589,27,1,0,357
"10114007006","AK12-Royal Gold","Purple","Súng trường khác","Rifle",54798,6384,274,13,0,9519,4694,190,38,0,7103,3040,86,3,3,5591,2007,70,6,0,3273,1730,44,0,0,4270,1271,71,0,0,3751,464,12,1,0,890
"10211013006","98K-Volcano","Purple","Bắn tỉa khác","Sniper",54750,0,0,0,0,0,0,0,0,0,0,0,0,0,0,0,804,53,1,0,887,10518,585,12,2,15329,8010,439,8,0,14153,1258,59,4,3,2625
"10102004006","M4A1-Royal Dragon","Purple","M4A1","Rifle",54527,0,0,0,0,0,0,0,0,0,0,0,0,0,0,0,309,19,0,0,1053,4463,241,3,3,21204,3371,238,3,0,20361,533,38,0,0,2688
"10102017006","M4A1-Ultimate Silver","Blue","M4A1","Rifle",54513,1521,37,5,3,1555,1016,63,0,0,910,757,77,0,0,802,336,30,0,0,308,3776,55,2,0,21589,1283,28,2,0,18911,209,4,2,0,1232
"10202031006","Barrett M82A1-Jewelry","Gold V","Barrett","Sniper",53903,0,0,0,0,0,0,0,0,0,0,0,0,0,0,0,0,0,0,0,0,12253,6403,109,7,0,17337,7185,87,0,0,7772,2728,20,2,0
"10105002006","AN94-Camo","Blue","Súng trường khác","Rifle",53190,3104,57,6,1,14187,1893,43,0,0,8465,1522,61,1,0,6318,1196,40,1,1,4303,637,57,1,0,4218,605,13,1,0,5016,216,5,0,1,1221
"10201036006","AWM-Infernal Dragon-Devil","C","AWM","Sniper",53135,0,0,0,0,0,0,0,0,0,0,0,0,0,0,0,10002,12823,1166,257,0,5113,7482,780,83,0,3186,5003,608,108,0,1672,4318,437,97,0
"10139002006","G36-Mechanical Era","Gold V","Súng trường khác","Rifle",51919,11447,12611,1593,152,15,3028,3623,177,27,0,2505,2284,158,0,0,2991,1578,129,6,0,6193,1463,117,9,0,636,526,123,1,0,239,255,33,0,0
"10101003001","AK47-SS","Purple","AK47","Rifle",51399,2485,58,1,0,17757,1607,36,5,0,9170,1130,21,1,0,8772,650,5,2,0,6351,186,7,0,0,1521,118,6,1,0,1278,23,0,0,0,208
"10102041001","M4A1-Ranger","Gold VVIP","M4A1","Rifle",49138,4687,817,29,5,1154,9977,1258,51,13,3267,1953,717,23,2,105,1940,628,36,2,31,9821,2040,58,7,194,6910,1526,39,6,293,1082,414,9,9,35
"10211004006","98K","Purple","Bắn tỉa khác","Sniper",49118,0,0,0,0,0,0,0,0,0,0,0,0,0,0,0,749,31,2,0,1253,4893,288,63,1,14859,3046,113,9,1,16430,697,33,0,0,6650
"10120008001","QBZ03-Jewelry","Gold V","Súng trường khác","Rifle",49011,12252,473,24,6,11192,4588,273,6,1,2543,4101,388,17,1,1787,2290,182,5,1,864,2685,216,12,1,904,1963,176,9,1,807,869,86,6,5,277
"10707041006","Hand Clapper Toy","Orange","Cận chiến","Melee",47961,0,0,0,0,0,0,0,0,0,0,7783,531,32,0,4353,19007,1014,56,5,11257,1534,54,0,0,1104,616,44,2,0,405,87,8,0,0,69
"10118003006","QBZ03-Summer Limited","Purple","Súng trường khác","Rifle",47957,0,0,0,0,0,0,0,0,0,0,0,0,0,0,0,0,0,0,0,0,0,0,0,0,0,279,5,0,0,280,16937,420,7,0,30029
"10707005006","Shovel-Gilt","Orange","Cận chiến","Melee",47645,5268,95,0,1,12478,2883,70,0,0,5372,2178,28,0,0,4420,1492,32,0,0,2665,1793,17,0,0,3776,738,3,0,0,2771,199,1,0,0,1365
"10140002006","MK47-Mechanical Era","Gold VVIP","Súng trường khác","Rifle",47380,8008,11247,1552,172,8,3216,3781,757,24,0,3104,3880,677,18,2,1049,2162,587,12,1,1266,2112,198,19,1,764,1178,105,2,2,599,766,101,10,0
"10502008006","Jack Hammer-Royal Gold","Purple","Shotgun","Shotgun",47117,11501,302,1,1,13894,2363,35,1,0,4027,1277,23,0,0,2804,867,32,0,4,1812,974,18,0,0,2567,794,6,0,0,2145,476,3,0,0,1190
"10405014006","Dual Steyr TMP-Angel-Blood","B","SMG","SMG",47094,0,0,0,0,0,5571,5369,760,113,0,8559,5673,301,18,0,3882,2462,81,3,0,3653,2441,177,7,0,2479,3420,226,38,0,1070,720,21,50,0
"10505002006","AA12-S","Blue","Shotgun","Shotgun",47046,8547,185,0,0,8308,5274,178,6,3,5356,2784,45,0,0,3173,1712,27,0,0,2803,1465,49,0,0,1717,1235,22,0,0,2037,981,11,0,0,1128
"10208001006","Colt WA2000","Blue","Bắn tỉa khác","Sniper",46932,0,0,0,0,0,0,0,0,0,0,0,0,0,0,0,457,24,1,1,910,3596,169,13,2,13802,2543,81,11,2,17603,893,42,0,0,6782
"10603002006","Mauser M1896","Purple","Súng lục","Secondary",45902,15771,275,3,0,9834,2545,25,2,0,2590,2240,26,1,0,2747,1188,14,1,0,2485,614,15,3,1,2172,390,14,0,0,1995,156,0,0,0,795
"10104002006","SCAR-Ultimate Silver","Blue","Súng trường khác","Rifle",45794,6450,169,15,0,11249,3374,76,0,0,6555,1470,44,0,0,4250,1338,36,1,0,3466,557,46,0,0,1410,792,11,2,0,3863,60,1,0,1,558
"10801172001","Wide Grenade-Titanium Beast","Gold VVIP","Đặc biệt","Utility",45719,0,0,0,0,0,4583,1148,80,11,0,10462,2492,120,13,1,5894,1531,69,6,0,6095,1917,69,12,0,4953,1856,70,13,1,3065,1198,53,7,0
"10226001006","SR25-Titan","Orange","Bắn tỉa khác","Sniper",44448,0,0,0,0,0,0,0,0,0,0,0,0,0,0,0,0,0,0,0,0,0,0,0,0,0,0,0,0,0,0,28125,1601,406,10,14306
"10702016006","Golden Slippers","Orange","Cận chiến","Melee",43965,7746,251,6,5,14322,3456,137,0,1,4350,1925,78,0,2,1941,1489,53,2,0,1405,1990,42,8,0,1705,950,32,1,6,1079,257,2,0,0,724
"10602013006","Desert Eagle-Glory","Purple","Súng lục","Secondary",43837,0,0,0,0,0,0,0,0,0,0,0,0,0,0,0,335,5,0,0,786,3540,25,3,0,14273,2008,4,2,0,16489,621,3,0,0,5743
"10704009006","Kukri-Beast","Gold V","Cận chiến","Melee",43211,5134,2080,106,6,0,2363,1186,39,0,0,707,582,19,3,0,632,642,15,1,0,4700,3604,52,1,0,18106,2177,18,0,0,640,389,9,0,0
"10201014001","AWM-Glory","Purple","AWM","Sniper",42905,7165,141,5,0,20577,2300,53,3,0,6712,899,25,0,0,2297,289,6,0,0,678,197,8,0,0,576,159,8,0,0,579,40,0,0,0,188
"10141003001","SKS-Medusa","Gold V","Súng trường khác","Rifle",42079,1,0,0,0,0,10257,505,20,2,2957,8836,428,18,4,4390,3338,183,7,4,1756,2818,213,10,0,1319,2118,159,12,0,1115,1001,87,3,0,518
"10307001001","KAC-Vanguard","Blue","SMG","Machine Gun",41440,1859,37,3,0,9668,1005,22,2,0,5444,792,24,2,0,5381,577,15,0,0,4439,521,13,0,0,4175,521,21,0,0,5035,225,12,0,0,1647
"10602052006","Desert Eagle-Fried Chicken Thighs","Purple","Súng lục","Secondary",41176,132,2,0,0,63,0,0,0,0,0,9580,283,13,2,14819,2991,68,2,2,6435,1281,24,3,16,2575,763,26,3,0,1411,228,3,0,0,451
"10628003006","MK23-Mechanical Era","Gold VVIP","Súng lục","Secondary",41104,5476,6507,644,93,6,2913,3635,397,98,0,2658,4114,431,44,0,1517,2683,185,20,0,1546,2177,197,19,0,1398,1894,219,27,0,946,1077,148,35,0
"10102160001","M4A1-Azure Dragon-Beta","Silver V","M4A1","Rifle",41059,7300,174,3,0,20178,2102,59,1,0,4311,988,76,1,0,1483,499,34,1,1,768,469,19,0,0,783,369,19,0,0,758,250,13,0,0,400
"10115002006","AR-15-SS","Purple","Súng trường khác","Rifle",40749,0,0,0,0,0,0,0,0,0,0,0,0,0,0,0,121,9,0,0,441,1569,15,0,0,14032,1031,4,0,0,18154,227,3,1,0,5142
"10603004006","Mauser M1896-Gold","Orange","Súng lục","Secondary",40066,1,0,0,0,0,0,0,0,0,0,0,0,0,0,0,300,10,0,0,267,7871,275,4,0,8125,7361,157,1,0,8480,3281,43,0,0,3890
"10113001006","M16","Green","Súng trường khác","Rifle",39936,5639,305,40,4,6227,6385,478,19,2,4377,3031,200,5,0,2701,1916,192,10,1,2166,1244,63,0,1,1345,987,64,0,0,1596,274,23,0,0,641
"10110001006","M14EBR","Green","Súng trường khác","Rifle",39865,2971,156,0,0,10799,804,98,4,0,4838,735,74,3,3,3477,1125,97,6,0,3845,815,64,5,4,3179,780,36,22,0,4092,441,192,16,2,1182
"10201024006","AWM-Blue Crystal","Purple","AWM","Sniper",39339,0,0,0,0,0,0,0,0,0,0,0,0,0,0,0,175,10,0,0,469,4302,261,6,4,11536,3654,327,9,3,14116,646,109,3,0,3709
"10617013006","Dual Double Barrel-Born Beast-Ragnarok","B","Súng lục","Secondary",39308,0,0,0,0,0,0,0,0,0,0,0,0,0,0,0,17365,8747,1483,245,316,1848,2860,723,75,4,970,1555,494,31,0,1029,1223,310,30,0
"10801115001","Grenade-Born Beast-A","Gold V","Đặc biệt","Utility",38942,814,39,3,0,0,508,30,1,0,0,34,5,0,0,0,2975,382,15,0,795,8907,1052,31,1,3113,8131,721,29,2,3394,5024,508,17,0,2411
"10403002006","MK5-Royal Fire","Purple","SMG","SMG",38552,6145,87,4,1,22438,839,12,0,0,2889,482,10,0,0,1248,275,1,0,0,736,289,7,0,0,760,966,27,1,0,1022,65,0,0,0,248
"10101001001","AK47","Whtie","AK47","Rifle",38368,5279,353,21,4,6302,3190,349,9,1,3893,2305,285,18,2,2600,1580,224,12,2,1916,1082,147,7,3,2762,1149,218,18,11,3110,514,152,19,7,824
"10703042006","Ancient Axe","Gold V","Cận chiến","Melee",38307,0,0,0,0,0,0,0,0,0,0,0,0,0,0,0,299,58,0,0,124,13700,610,13,0,6027,7606,231,18,0,6018,1941,27,0,0,1635
"10515005006","KSG-Blue Silver Dragon","Purple","Shotgun","Shotgun",38236,26000,842,29,0,10341,667,8,0,0,315,7,0,0,0,3,0,0,0,0,1,17,0,0,0,6,0,0,0,0,0,0,0,0,0,0
"10102121006","M4A1-S-Chameleon","Gold VVIP","M4A1","Rifle",38053,10719,763,108,0,1956,207,11,0,0,38,3,0,0,0,1,6385,4307,473,105,0,6269,2631,217,11,1,1745,685,87,4,0,947,233,147,0,0
"10101102001","AK47-Beast-Ragnarok","B","AK47","Rifle",37727,14495,3379,249,52,2620,5521,1890,174,16,679,2420,1078,90,13,64,1264,500,29,4,25,1054,549,31,0,44,654,228,15,0,26,326,221,4,0,13
"10704001006","Kukri","Blue","Cận chiến","Melee",36662,438,9,0,0,1517,400,5,0,0,1068,186,2,0,0,718,220,8,0,0,653,1640,18,2,0,8879,1660,4,0,0,13078,660,0,0,0,5497
"10601007006","USP-Royal Dragon","Purple","Súng lục","Secondary",36122,0,0,0,0,0,5124,84,0,0,10676,2911,36,0,0,6281,1006,17,1,0,2268,1150,13,0,0,2674,758,11,2,0,2259,243,3,0,0,605
"10703008006","B.C Axe-Transformer Beast","Gold V","Cận chiến","Melee",36119,7568,84,2,1,28453,5,0,0,0,0,1,2,0,0,0,0,0,0,0,0,0,0,0,0,0,0,2,0,0,0,0,1,0,0,0
"10209003001","QBU09-Winner","Orange","Bắn tỉa khác","Sniper",35932,8249,103,4,0,23657,545,9,0,0,1528,255,6,0,0,590,106,4,0,0,240,76,3,0,0,179,71,3,0,0,202,21,3,0,0,78
"10719005006","Nunchaku-Gold","Orange","Cận chiến","Melee",35771,0,0,0,0,0,0,0,0,0,0,0,0,0,0,0,0,0,0,0,0,10953,187,1,1,18286,1432,16,0,0,4044,212,8,0,0,631
"10706043006","Keris","Blue","Cận chiến","Melee",35627,0,0,0,0,0,0,0,0,0,0,0,0,0,0,0,1233,18,0,0,1008,4639,54,1,0,9684,2762,20,0,0,10757,737,4,0,0,4710
"10403010006","MK5-Red Crystal","Purple","SMG","SMG",35521,2689,52,2,1,12175,570,11,0,1,2959,216,5,0,0,812,145,5,0,0,717,741,22,0,0,4418,2357,55,0,0,6906,44,0,0,0,618
"10601004006","USP-Gold","Orange","Súng lục","Secondary",34945,2410,81,5,0,1786,10700,377,5,0,8696,2814,74,4,0,2369,1285,29,1,1,1030,968,24,1,1,720,573,29,4,0,424,214,4,0,0,316
"10146001006","MK18-Ocean Blue","Purple","Súng trường khác","Rifle",34035,0,0,0,0,0,0,0,0,0,0,0,0,0,0,0,0,0,0,0,0,0,0,0,0,0,314,26,13,0,249,13069,1009,19,6,19330
"10102164006","M4A1-Sakura","Purple","M4A1","Rifle",33912,1636,75,1,1,4647,1761,88,2,4,4537,1837,51,1,0,5389,1252,64,2,0,2334,917,30,0,1,3574,752,15,1,0,3478,252,10,0,0,1200
"10801200001","Grenade-Angel","Gold V","Đặc biệt","Utility",33167,656,29,0,1,0,342,17,0,0,0,52,1,0,0,0,0,0,0,0,0,10104,702,12,0,6079,6371,350,12,0,3923,2543,154,5,1,1813
"10201001001","AWM","Whtie","AWM","Sniper",32908,2099,72,2,0,10715,969,36,0,1,5184,567,25,2,0,3263,399,37,1,2,2584,236,15,0,1,2469,257,35,0,0,3095,70,11,2,0,759
"10101196001","AK47-Fury Beast","Gold VVIP","AK47","Rifle",32789,10970,2321,164,37,4336,4006,1300,52,22,618,1632,703,23,4,114,767,314,8,1,36,690,331,2,1,57,2019,576,6,1,87,1256,272,4,0,59
"10609010006","Modified Glock-Beast","Gold V","Súng lục","Secondary",32749,15736,1305,28,10,2420,3665,318,2,2,623,2650,223,5,1,366,1497,130,2,0,225,1426,135,0,0,218,837,114,0,0,156,546,51,1,0,57
"10602001006","Desert Eagle","Green","Súng lục","Secondary",32678,5853,191,8,2,11324,2035,80,6,0,3376,1276,63,1,0,1683,872,48,3,1,1230,651,41,2,0,1303,451,24,0,0,1208,232,15,0,0,699
"10801165001","Grenade-Fury Beast","Gold VVIP","Đặc biệt","Utility",32483,6216,1545,99,16,1,5864,1406,74,15,1,5142,1313,72,8,0,2564,858,39,5,0,2286,905,55,12,0,1683,652,38,2,0,1064,522,20,6,0
"10602005006","Desert Eagle-Born Beast","Gold V","Súng lục","Secondary",32455,904,75,3,0,118,16,1,0,0,6,0,0,0,0,0,9300,707,12,0,2418,11900,1210,11,0,4791,510,249,2,0,0,140,82,0,0,0
"10614011001","COP 357-Titanium Beast","Gold VVIP","Súng lục","Secondary",31807,0,0,0,0,0,2670,676,40,7,179,7364,1642,93,13,314,8060,1135,41,9,523,3300,868,57,8,145,2018,572,22,4,143,1433,387,31,1,52
"10607004006","Anaconda-Gilt","Orange","Súng lục","Secondary",31045,2659,53,1,3,6502,838,17,0,0,2295,957,26,0,0,2588,730,24,0,0,1433,1645,56,1,0,3473,1544,26,1,0,4639,379,3,0,0,1152
"10801008001","Grenade-Kiss","Purple","Đặc biệt","Utility",30973,1,0,0,0,0,4398,88,1,0,8193,3000,39,0,0,5376,1474,20,0,0,2672,937,13,1,0,2025,515,7,0,0,1324,257,1,0,0,631
"10320001006","MG36","Purple","SMG","Machine Gun",30907,0,0,0,0,0,0,0,0,0,0,0,0,0,0,0,2970,81,4,1,10065,1772,6,0,0,9737,937,9,1,0,3854,277,3,0,0,1190
"10804004001","Đặc biệt (mã 004)","","Đặc biệt","Utility",30836,0,0,0,0,0,0,0,0,0,0,0,0,0,0,0,1,0,0,0,3,0,0,0,0,0,19042,1671,53,8,9937,84,5,1,0,31
"10801084001","Grenade-Lion Dance","Purple","Đặc biệt","Utility",30816,0,0,0,0,0,3246,46,7,0,4224,4546,64,1,0,6812,1905,23,0,0,2976,1342,25,0,0,2240,786,2,0,0,1565,339,2,0,0,665
"10607003006","Anaconda-Blue Pottery","Purple","Súng lục","Secondary",30586,0,0,0,0,0,0,0,0,0,0,505,41,0,0,909,3962,76,1,0,14653,1289,24,1,0,5821,419,4,0,0,2146,129,0,0,0,606
"10608009001","Súng lục (mã 009)","","Súng lục","Secondary",30429,11618,1020,18,0,0,6160,309,12,1,0,4792,227,3,0,0,2584,79,0,0,0,1684,44,0,0,0,1237,21,0,0,0,608,12,0,0,0
"10521002006","M1216-T-Rex","Gold VVIP","Shotgun","Shotgun",30402,0,0,0,0,0,0,0,0,0,0,0,0,0,0,0,3,0,0,0,0,8973,9584,1673,168,1,3612,3340,541,17,0,1179,1148,159,2,2
"10101177006","AK47-Azure","Purple","AK47","Rifle",29969,0,0,0,0,0,0,0,0,0,0,0,0,0,0,0,0,0,0,0,0,0,0,0,0,0,81,3,0,0,165,4905,234,8,0,24573
"10705005006","Knuckle2-Infernal Dragon","Gold V","Cận chiến","Melee",29878,3039,248,21,0,470,113,4,0,0,12,0,0,0,0,0,3370,2607,69,11,0,3625,3042,79,7,0,7970,2878,71,9,1,1515,677,39,1,0
"10607001006","Anaconda","Blue","Súng lục","Secondary",29838,915,34,0,0,3418,551,22,0,0,1676,502,18,0,1,2478,375,14,1,0,1768,568,9,0,0,5412,591,30,0,0,8304,177,3,0,0,2971
"10102159006","M4A1-Blue Silver Dragon","Orange","M4A1","Rifle",29763,0,0,0,0,0,0,0,0,0,0,0,0,0,0,0,0,0,0,0,0,0,0,0,0,0,0,0,0,0,0,5603,39,0,0,24121
"10801189001","Grenade-Candyfloss","Purple","Đặc biệt","Utility",29393,754,16,1,0,3476,236,5,0,0,1256,870,11,1,0,2994,1822,20,1,0,6257,1309,13,0,0,5118,686,4,0,0,3479,222,3,0,0,839
"10609003006","Glock-Mobile Team","Purple","Súng lục","Secondary",29095,0,0,0,0,0,0,0,0,0,0,7185,164,1,0,7995,2831,50,0,1,4298,1464,26,2,0,2124,632,15,2,1,1062,525,12,1,0,704
"10726001006","Pan-Gold","Orange","Cận chiến","Melee",28627,0,0,0,0,0,0,0,0,0,0,6385,131,3,1,8044,2779,66,0,1,3729,2253,57,0,0,2768,854,31,0,0,1029,183,5,0,0,308
"10106001006","XM8","Blue","Súng trường khác","Rifle",28377,0,0,0,0,0,0,0,0,0,0,0,0,0,0,0,165,12,0,0,668,763,9,0,0,9327,552,10,0,0,12087,104,1,0,0,4679
"10702002006","Phoenix","Orange","Cận chiến","Melee",27998,0,0,0,0,0,0,0,0,0,0,0,0,0,0,0,10739,340,4,0,3030,9004,210,1,0,4103,300,2,0,0,263,1,0,0,0,1
"10202073001","Barrett M82A1-Winter-Alpha","Gold VVIP","Barrett","Sniper",27833,13504,705,18,3,917,5464,265,6,0,345,2907,141,1,0,127,1230,96,0,0,83,887,47,2,0,46,648,38,1,0,35,260,16,1,0,40
"10704007006","Kukri-Peony","Purple","Cận chiến","Melee",27490,1466,13,1,0,2989,1635,19,12,0,2724,1174,31,1,0,2387,1321,33,1,0,2020,2735,51,0,0,3142,1496,4,0,0,2716,430,0,0,0,1089
"10401005006","MP5-Aries","Purple","SMG","SMG",27354,5316,153,5,1,8958,2040,57,2,0,1920,916,28,0,0,937,429,21,1,1,471,513,16,2,1,443,3118,167,6,0,1583,117,1,0,0,131
"10707018006","Shovel-Ranger","Gold VVIP","Cận chiến","Melee",26886,3768,828,30,1,364,1119,690,35,0,5,365,422,3,0,0,999,607,19,1,0,12599,2048,38,0,0,1008,1198,7,0,0,405,327,0,0,0
"10801026001","Wide Grenade-Ultimate Gold","Purple","Đặc biệt","Utility",26775,887,34,0,0,436,132,3,0,0,45,3629,52,0,0,7528,942,15,0,0,1691,1839,39,0,0,4448,159,2,0,0,571,808,9,0,0,3506
"10401001006","MP5","Whtie","SMG","SMG",26481,730,17,3,0,6717,631,27,2,3,4302,334,16,0,0,2962,263,8,0,1,2725,187,6,0,0,2454,628,21,0,0,3800,27,0,0,0,617
"10101136006","AK47-Chameleon","Gold VVIP","AK47","Rifle",26323,0,0,0,0,0,0,0,0,0,0,0,0,0,0,0,5209,4162,925,141,7,6419,3394,493,22,0,2914,705,146,6,0,1235,494,44,3,4
"10102058006","M4A1-Fire Hawk","Purple","M4A1","Rifle",26305,1828,59,8,0,3645,2667,98,3,0,3114,1894,76,3,5,3271,905,51,17,1,2197,702,13,4,0,1927,419,34,0,0,2361,176,12,0,0,815
"10704043006","Kukri-Bumblebee","Purple","Cận chiến","Melee",26285,3947,78,0,0,6753,2229,54,0,0,2760,1538,14,1,0,1783,1174,6,0,0,1225,1720,14,0,0,1389,706,8,0,0,541,147,0,0,0,198
"10738002006","Jungle Knife-Predator","Gold V","Cận chiến","Melee",25976,15064,511,5,0,0,8290,172,2,0,0,633,12,0,0,0,0,0,0,0,0,0,0,0,0,0,49,35,1,1,0,874,290,35,2,0
"10102015001","M4A1-A","Blue","M4A1","Rifle",25783,0,0,0,0,0,0,0,0,0,0,0,0,0,0,0,30,0,0,0,883,489,8,0,0,11272,203,6,0,0,10564,38,1,0,0,2289
"10104003001","SCAR-Camo","Blue","Súng trường khác","Rifle",25746,986,15,0,0,6315,645,7,0,0,3812,491,20,2,0,3400,361,10,1,0,2654,278,8,0,0,2476,319,9,1,1,2874,147,5,1,0,908
"10103018006","QBZ95-Volcano","Purple","Súng trường khác","Rifle",25081,0,0,0,0,0,0,0,0,0,0,0,0,0,0,0,132,1,0,0,605,1420,35,1,1,10038,1526,44,0,3,10107,150,21,0,0,997
"10704002006","Kukri-Royal Dragon","Purple","Cận chiến","Melee",24868,1066,13,0,0,5435,788,2,0,0,4780,447,0,0,0,2870,352,4,0,0,2247,649,10,0,0,1351,521,10,0,0,2949,132,0,0,0,1242
"10502001006","Jack Hammer","Green","Shotgun","Shotgun",24786,3371,35,1,1,6956,342,4,1,3,2256,362,104,0,0,1330,364,1,0,0,1541,301,0,0,0,2728,180,0,0,0,3382,100,0,0,0,1423
"10413002006","P90","Blue","SMG","SMG",24768,0,0,0,0,0,0,0,0,0,0,0,0,0,0,0,169,3,0,0,645,896,28,0,1,7294,1671,25,0,0,11346,122,1,0,0,2567
"10102007006","M4A1-Iron Beast-Noble Gold","Red","M4A1","Rifle",24620,343,3352,1317,321,18,395,3107,895,172,0,322,3733,882,141,0,155,2520,949,118,0,81,2094,490,8,0,138,1219,274,19,0,86,976,312,183,0
"10801086001","Wide Grenade-Gold Phoenix","Purple","Đặc biệt","Utility",24523,3548,97,5,0,2619,2849,77,6,1,2164,2540,57,0,0,2115,1584,29,1,0,1463,1205,28,2,1,1220,816,14,0,0,1090,437,6,0,0,549
"10801105001","Grenade-Booming","Orange","Đặc biệt","Utility",24468,891,15,1,0,6931,5081,123,1,0,7223,1541,33,0,0,645,564,10,0,0,228,392,9,0,0,207,249,6,0,0,162,78,1,0,0,77
"10519001006","M1216","Blue","Shotgun","Shotgun",24152,0,0,0,0,0,0,0,0,0,0,0,0,0,0,0,379,7,0,0,434,2602,73,2,1,7152,1721,28,0,1,8036,552,5,0,0,3159
"10130003006","AK103-Black Hole","Purple","Súng trường khác","Rifle",24132,0,0,0,0,0,0,0,0,0,0,0,0,0,0,0,1539,94,0,1,798,8048,357,7,1,7164,1680,33,1,0,3075,468,7,0,0,859
"10401004006","MP5KA4","Green","SMG","SMG",23975,703,13,9,0,1680,408,14,1,0,1042,316,2,0,0,995,253,5,0,0,1043,572,14,0,0,5095,1476,42,0,0,8677,112,1,0,0,1502
"10102016001","M4A1-Custom Elite","Blue","M4A1","Rifle",23945,734,9,2,0,5277,595,11,0,1,3478,444,23,0,0,3357,327,11,1,0,2834,298,10,0,0,2405,336,19,3,0,2692,163,5,0,0,910
"10202018001","Barrett M82A1-Born Beast-Noble Gold","Red","Barrett","Sniper",23305,1234,706,64,16,65,1822,1153,100,52,103,2513,1420,111,13,135,2365,1446,100,8,93,1969,1344,135,4,94,2020,1239,56,2,144,1613,1012,66,0,88
"10413001006","FN P90-Fatal Wasp","Purple","SMG","SMG",22776,4686,144,1,0,10629,1234,35,0,0,1632,629,19,0,0,764,260,10,0,0,365,432,20,0,5,354,662,39,0,0,456,191,10,0,0,199
"10105001006","AN94","Green","Súng trường khác","Rifle",22394,1515,77,1,0,4958,778,61,0,1,3234,917,52,3,0,2146,719,66,2,4,1719,478,23,6,1,2253,596,23,1,1,1953,211,35,1,1,558
"10707024006","Shovel-Ranger-Frost","C","Cận chiến","Melee",22381,1517,1427,156,19,61,979,2046,146,9,1,527,1164,96,16,0,467,1515,150,14,0,858,2697,208,10,0,1444,4127,222,16,0,720,1690,75,4,0
"10102132006","M4A1-Iron Beast-Laura","Gold VVIP","M4A1","Rifle",22352,0,0,0,0,0,0,0,0,0,0,0,0,0,0,0,0,0,0,0,0,1579,2528,364,70,0,8057,6259,289,30,0,2001,1122,52,1,0
"10108004006","FAMAS-G2-Rainbow Radiance","Purple","Súng trường khác","Rifle",22171,0,0,0,0,0,0,0,0,0,0,0,0,0,0,0,0,0,0,0,0,0,0,0,0,0,12605,707,27,1,8685,101,2,0,0,43
"10110008006","M14EBR-Red Crystal","Purple","Súng trường khác","Rifle",21992,0,0,0,0,0,0,0,0,0,0,0,0,0,0,0,107,2,0,0,477,1507,40,1,2,8336,1361,30,0,0,9141,89,5,0,0,894
"10607044006","Anaconda-Gold","Orange","Súng lục","Secondary",21889,128,3,1,0,66,1174,84,1,0,514,500,25,0,0,13371,55,1,0,0,24,9,0,0,0,4,2174,103,13,0,2704,421,12,1,0,501
"10737002006","Jungle Knife-Knight Blue-Gold","Orange","Cận chiến","Melee",21792,0,0,0,0,0,0,0,0,0,0,0,0,0,0,0,0,0,0,0,0,5081,849,30,2,0,11375,1044,26,1,0,3226,156,2,0,0
"10102130006","M4A1-Predator-Prime","C","M4A1","Rifle",21439,0,0,0,0,0,0,0,0,0,0,0,0,0,0,0,0,0,0,0,0,0,0,0,0,0,813,452,50,32,0,16172,3488,381,21,30
"10612001006","Toy Slingshot","Purple","Súng lục","Secondary",21405,0,0,0,0,0,0,0,0,0,0,0,0,0,0,0,11042,682,23,23,6990,1119,47,1,1,405,581,43,1,1,206,171,10,0,0,59
"10501003006","XM1014-A","Green","Shotgun","Shotgun",21251,2287,36,2,1,5953,1099,31,0,3,3204,510,20,0,0,1950,491,12,0,0,1680,327,9,0,0,872,375,6,0,0,1659,114,3,0,0,607
"10401010006","MP5-Gold","Orange","SMG","SMG",21244,0,0,0,0,0,0,0,0,0,0,0,0,0,0,0,0,0,0,0,0,0,0,0,0,0,10040,539,15,4,9908,249,4,0,0,485
"10704030006","Dual Kukri-Chameleon","Gold VVIP","Cận chiến","Melee",21145,0,0,0,0,0,0,0,0,0,0,0,0,0,0,0,7207,1932,79,21,0,7567,1723,81,0,0,1735,364,13,0,0,362,60,1,0,0
"10607010006","Python-Breeze","Purple","Súng lục","Secondary",21108,0,0,0,0,0,0,0,0,0,0,0,0,0,0,0,248,9,0,0,166,4753,158,0,0,4237,3792,117,0,0,4662,1339,20,0,0,1607
"10101224001","AK47-Predator","Gold V","AK47","Rifle",21033,0,0,0,0,0,0,0,0,0,0,0,0,0,0,0,0,0,0,0,0,7144,572,12,3,3188,4468,341,5,1,3267,1109,58,4,1,860
"10628005001","MK23-Silencer","Purple","Súng lục","Secondary",20833,3414,179,4,2,312,2877,248,8,2,233,3455,350,12,1,249,2306,171,0,2,190,2408,201,17,0,203,2128,200,10,0,194,1263,121,5,0,68
"10101150001","AK47-Iron Beast-Heroic Battlegear","C","AK47","Rifle",20769,0,0,0,0,0,0,0,0,0,0,19,16,6,2,1,1385,313,10,1,24,9587,1205,42,4,221,4609,588,34,3,140,2187,298,18,6,50
"10305002006","Gatling Gun-Volcano","Purple","SMG","Machine Gun",20685,0,0,0,0,0,0,0,0,0,0,0,0,0,0,0,0,0,0,0,0,0,0,0,0,0,0,0,0,0,0,4755,57,0,0,15873
"10104008001","SCAR-Dark Knight-Alpha","Gold V","Súng trường khác","Rifle",20386,2190,70,7,0,3947,393,8,1,0,3026,1345,40,0,0,4513,282,8,0,0,1511,302,19,0,0,1355,74,4,1,0,425,103,7,0,0,755
"10209004001","QBU09-El Dorado","Gold V","Bắn tỉa khác","Sniper",20372,1455,39,3,0,1836,3600,78,5,2,4567,1897,64,4,2,2021,778,34,2,0,855,639,17,0,0,700,560,26,0,0,707,226,12,0,0,243
"10702032006","KNIFE-Knight","Purple","Cận chiến","Melee",20301,6609,162,2,2,7426,1900,70,13,2,1754,455,14,0,1,403,298,14,0,0,180,309,5,1,0,243,153,4,0,0,121,84,2,0,0,74
"10404001006","Thompson","Green","SMG","SMG",20183,3029,47,0,0,4678,1752,52,1,0,2798,1399,36,1,0,2319,213,17,0,0,707,185,10,0,0,532,471,21,0,0,1516,43,0,0,0,356
"10414001006","CZS2-Azure Beach","Purple","SMG","SMG",20067,0,0,0,0,0,0,0,0,0,0,0,0,0,0,0,0,0,0,0,0,0,0,0,0,0,107,19,0,0,179,5794,232,5,2,13729
"10703007006","B.C Axe-Noble Dragon","Orange","Cận chiến","Melee",19416,829,28,0,0,2488,1400,19,0,0,3147,563,5,1,0,1454,754,28,0,0,1120,1668,26,1,0,2642,651,15,0,0,1749,208,5,0,0,615
"10706009006","Keris-Born Beast","Gold V","Cận chiến","Melee",19402,0,0,0,0,0,0,0,0,0,0,0,0,0,0,0,5972,450,15,0,1467,7705,732,20,1,2637,219,119,5,0,0,34,24,2,0,0
"10110002001","M14EBR-S-Camo","Blue","Súng trường khác","Rifle",19294,758,15,2,0,4378,504,11,0,0,2651,390,14,1,0,2858,274,7,1,0,2188,244,10,0,0,1841,266,19,2,0,2099,107,6,0,0,648
"10202064001","Barrett M82A1-Titanium Beast","Gold VVIP","Barrett","Sniper",19186,1,0,0,0,0,3218,837,41,6,856,4393,1063,40,3,801,3523,758,24,0,246,956,465,18,4,64,749,369,8,1,74,387,254,1,2,24
"10702009006","Ultimate Gold","Purple","Cận chiến","Melee",18962,0,0,0,0,0,0,0,0,0,0,3095,86,2,1,5658,1483,18,0,0,2058,2153,41,0,0,2227,737,12,0,0,987,158,0,0,0,246
"10101031001","AK47-Noble Dragon","Orange","AK47","Rifle",18934,2131,58,3,0,3190,2617,77,3,0,3155,1145,48,2,0,1368,679,37,2,0,757,632,33,0,0,1010,502,26,0,0,1120,126,7,1,0,205
"10102122006","M4A1-Royal Blue Gold Dragon","Orange","M4A1","Rifle",18818,3579,279,10,2,22,5170,232,5,15,670,2904,205,1,0,1238,1358,55,3,1,858,752,16,2,1,663,367,15,1,0,236,70,3,0,0,85
"10608001001","Súng lục (mã 001)","","Súng lục","Secondary",18502,0,0,0,0,0,0,0,0,0,0,1999,226,21,0,0,9407,485,4,0,0,4083,171,0,1,0,1447,131,3,1,0,468,55,0,0,0
"10101093001","AK47-Blue Pottery-Gold","Orange","AK47","Rifle",18349,4214,351,13,10,45,2989,255,10,7,34,2121,180,9,0,19,1362,98,3,0,234,2323,165,4,1,1392,1333,85,1,0,510,419,28,2,1,131
"10201033006","AWM-Infernal Dragon-Noble Gold","Red","AWM","Sniper",18280,0,0,0,0,0,0,0,0,0,0,0,0,0,0,0,0,0,0,0,0,0,0,0,0,0,360,293,2,3,0,5518,10129,1728,225,22
"10710006006","Laborer's Iron Hammer","Purple","Cận chiến","Melee",18148,0,0,0,0,0,0,0,0,0,0,0,0,0,0,0,83,3,0,0,36,8078,138,3,5,6933,1135,29,0,0,1313,185,7,0,0,200
"10607002006","Anaconda-Royal Fire","Purple","Súng lục","Secondary",18084,0,0,0,0,0,0,0,0,0,0,0,0,0,0,0,96,7,1,0,158,2489,110,2,0,4851,1656,67,2,0,5890,389,7,0,0,2359
"10703001006","B.C Axe","Green","Cận chiến","Melee",17854,109,0,0,0,878,85,2,0,1,798,58,4,0,0,485,99,1,0,0,700,610,11,0,0,4331,595,4,0,0,5940,124,0,0,0,3019
"10709001006","Wrench","Blue","Cận chiến","Melee",17767,2930,43,0,0,4516,1680,32,1,0,2375,857,10,0,0,1560,544,5,0,0,1017,332,12,0,0,575,278,19,0,0,657,96,0,0,0,228
"10225005006","GM6-Mechanical Era","Gold VVIP","Bắn tỉa khác","Sniper",17547,3833,4294,724,22,4,979,1350,499,10,0,681,811,300,15,0,421,772,304,4,0,297,632,167,1,0,296,640,93,10,0,154,206,25,3,0
"10707023006","Shovel-Born Beast-Continue","B","Cận chiến","Melee",17484,0,0,0,0,0,7636,2288,241,21,1,1542,866,124,23,0,454,627,92,25,0,691,1228,93,4,0,394,606,187,8,0,108,199,26,0,0
"10101166001","AK47-Legendary Red","Gold V","AK47","Rifle",17397,2210,93,4,4,2256,66,4,0,0,76,6597,994,40,5,356,1610,201,7,0,85,1081,160,4,1,81,673,105,1,0,52,519,44,5,0,63
"10101186001","AK47-Beast-Frost","C","AK47","Rifle",17342,0,0,0,0,0,0,0,0,0,0,0,0,0,0,0,192,79,7,0,18,8463,3026,162,7,799,2245,668,30,4,97,1070,414,19,2,40
"10801206001","Grenade-Container","Orange","Đặc biệt","Utility",17322,3766,67,4,0,6473,464,11,1,0,212,17,0,0,0,8,0,0,0,0,0,0,0,0,0,0,0,0,0,0,0,2253,72,3,0,3971
"10105002001","AN94-Camo","Blue","Súng trường khác","Rifle",17027,562,13,0,0,3713,403,11,0,0,2337,336,10,0,0,2579,241,6,1,0,2118,202,13,1,0,1629,197,3,2,0,1919,78,6,0,0,647
"10803001001","Smoke","Whtie","Đặc biệt","Utility",16855,40,0,0,0,297,21,0,0,0,307,13,0,0,0,14151,18,2,0,0,163,18,0,0,0,260,15,0,0,0,314,59,0,0,0,1177
"10405009001","Steyr TMP-Demon","Gold V","SMG","SMG",16799,2194,45,0,0,9501,601,14,1,0,1386,291,14,0,0,600,131,3,0,0,369,144,4,0,0,369,413,14,0,0,540,43,1,0,0,121
"10103016006","QBZ95-Armoured Beast","Gold VVIP","Súng trường khác","Rifle",16641,2231,1631,115,4,2,414,402,4,1,0,368,441,9,5,0,2364,2448,176,58,0,3694,1070,24,0,0,379,383,27,6,0,221,153,11,0,0
"10110017006","M14EBR-Ocean Blue","Purple","Súng trường khác","Rifle",16619,0,0,0,0,0,0,0,0,0,0,0,0,0,0,0,0,0,0,0,0,0,0,0,0,0,73,11,0,0,98,4963,118,4,0,11352
"10801020001","Grenade-Infection","Purple","Đặc biệt","Utility",16383,5446,90,3,0,6854,989,24,0,0,108,968,42,0,0,68,457,14,0,0,34,454,47,0,1,172,250,2,0,0,67,217,8,0,3,65
"10101223001","AK47-Predator-Alpha","Silver V","AK47","Rifle",16313,0,0,0,0,0,0,0,0,0,0,4173,175,8,1,4409,1417,44,0,1,3025,566,23,0,0,1139,307,12,0,0,843,60,1,0,0,109
"10606006006","Croaking Cannon","Orange","Súng lục","Secondary",16236,0,0,0,0,0,0,0,0,0,0,0,0,0,0,0,0,0,0,0,0,0,0,0,0,0,0,0,0,0,0,8392,619,24,2,7199
"10307008006","KAC-Chameleon","Gold VVIP","SMG","Machine Gun",16089,0,0,0,0,0,0,0,0,0,0,0,0,0,0,0,3569,2588,405,29,0,3783,2393,260,25,2,902,628,196,17,0,847,341,102,2,0
"10510004006","Dual Desperado-Armoured Beast","Gold VVIP","Shotgun","Shotgun",15697,1663,1447,218,35,1,247,543,172,6,0,113,611,132,12,0,2789,1914,180,9,0,1793,1424,146,5,0,807,768,57,3,0,292,296,11,3,0
"10102133001","M4A1-Predator-Noble Gold-Champion Miracle","A","M4A1","Rifle",15606,0,0,0,0,0,0,0,0,0,0,0,0,0,0,0,758,701,452,246,47,3053,2997,1385,284,345,1019,1525,388,90,98,778,993,298,75,74
"10714002006","Squawking Chicken","Purple","Cận chiến","Melee",14986,0,0,0,0,0,1032,3,0,0,5003,751,6,0,0,2625,321,1,0,0,1308,285,2,0,0,1638,107,0,0,0,1205,34,0,0,0,665
"10401001001","MP5","Whtie","SMG","SMG",14614,336,4,0,0,3107,242,7,0,0,1895,230,6,0,0,2291,147,5,0,0,1853,139,2,0,0,1541,324,16,2,0,1922,49,2,0,0,494
"10602134006","FX Air Pistol-Blood Moon","Gold V","Súng lục","Secondary",14147,0,0,0,0,0,0,0,0,0,0,0,0,0,0,0,0,0,0,0,0,0,0,0,0,0,1722,172,13,0,999,4638,271,3,0,6329
"10102007001","M4A1-Iron Beast-Noble Gold","Red","M4A1","Rifle",14051,5082,577,69,25,3689,1243,354,65,17,638,238,261,66,15,21,160,210,94,19,9,164,233,79,8,15,103,121,56,14,8,139,124,63,58,14
"10702030006","Laser Dagger-Born Beast","Gold V","Cận chiến","Melee",13879,6574,200,5,0,3,3196,69,1,0,0,172,7,0,0,0,1564,614,22,1,40,445,540,32,1,0,122,199,5,0,0,24,41,2,0,0
"10609018006","Glock-Harmonica","Orange","Súng lục","Secondary",13812,0,0,0,0,0,0,0,0,0,0,0,0,0,0,0,0,0,0,0,0,0,0,0,0,0,389,96,2,0,0,11971,1329,16,6,3
"10202019001","Barrett M82A1-Born Beast-Noble Gold-Champion Miracle","A","Barrett","Sniper",13746,194,174,29,4,18,665,385,86,43,73,1401,672,162,34,49,1139,823,147,81,72,1288,1056,319,157,69,1266,1052,262,52,81,892,729,176,54,42
"10502004006","Jack Hammer-Mutant Killer","Purple","Shotgun","Shotgun",13568,2258,51,0,0,3547,708,26,0,0,1476,357,68,0,0,1020,288,5,0,0,937,461,6,0,0,641,334,8,0,0,821,252,1,0,0,303
"10602003006","Desert Eagle-Gold","Orange","Súng lục","Secondary",13484,1,0,0,0,0,0,0,0,0,0,0,0,0,0,0,79,3,2,0,95,1733,63,0,0,3171,1334,47,2,0,3415,896,7,0,0,2636
"10113004006","M16-Blue Crystal","Purple","Súng trường khác","Rifle",13429,0,0,0,0,0,0,0,0,0,0,0,0,0,0,0,137,14,0,0,173,2082,149,1,0,3991,2085,169,4,0,4043,248,21,0,0,312
"10602057006","Desert Eagle-Born Beast-Ragnarok","B","Súng lục","Secondary",13369,0,0,0,0,0,0,0,0,0,0,0,0,0,0,0,4490,572,13,2,669,5534,681,35,0,1122,75,88,9,0,0,37,40,2,0,0
"10702034006","I.A. Sword-Armoured Beast","Gold VVIP","Cận chiến","Melee",13228,5796,1264,76,6,0,1665,324,7,1,0,650,114,4,1,0,711,230,10,0,0,1152,333,18,0,0,533,122,6,1,1,193,8,2,0,0
"10704036006","Kukri-Mechanical Era","Gold VVIP","Cận chiến","Melee",13091,2675,1185,106,7,0,756,520,23,3,0,427,254,13,0,0,332,347,18,0,4,1086,627,22,2,0,2505,811,36,7,4,1061,241,19,0,0
"10801057001","Dynamite Grenade","Purple","Đặc biệt","Utility",13087,0,0,0,0,0,2674,68,0,0,1504,2865,49,0,0,1805,1098,22,0,0,742,774,14,0,0,486,354,6,0,0,344,154,3,0,0,125
"10405013006","Steyr TMP-Luna-Gold","Orange","SMG","SMG",13059,0,0,0,0,0,0,0,0,0,0,0,0,0,0,0,0,0,0,0,0,1859,203,6,1,0,8513,753,11,0,0,1692,21,0,0,0
"10618001006","Kolibri","Purple","Súng lục","Secondary",12925,0,0,0,0,0,8379,837,28,4,0,2374,178,5,1,0,440,30,0,0,0,262,42,1,0,0,211,21,0,0,0,98,14,0,0,0
"10101239001","AK47-Spring-Alpha","Gold VVIP","AK47","Rifle",12922,0,0,0,0,0,0,0,0,0,0,9611,528,21,2,301,1216,57,0,0,25,615,29,3,0,32,314,29,0,0,17,107,9,0,0,6
"10105014006","AN94-Smilodon-Neon","Gold V","Súng trường khác","Rifle",12828,0,0,0,0,0,0,0,0,0,0,0,0,0,0,0,0,1,0,0,0,5484,1969,117,3,0,2784,1071,50,0,0,986,343,19,1,0
"10101131001","AK47-Born Beast-Continue","B","AK47","Rifle",12666,0,0,0,0,0,6319,856,105,12,1627,1754,456,35,7,364,236,145,14,0,9,210,102,7,0,14,161,72,3,1,5,68,71,8,0,5
"10704023006","Kukri-Beast-Noble Gold-Champion Miracle","A","Cận chiến","Melee",12661,244,1697,633,80,0,139,1817,280,73,0,57,805,256,37,0,68,958,334,51,0,89,2290,627,133,0,66,958,411,92,0,26,265,149,26,0
"10201055001","AWM-Angel","Gold V","AWM","Sniper",12474,1,0,0,0,0,0,0,0,0,0,2297,97,4,2,2166,1475,77,1,0,1161,728,35,2,0,585,574,31,2,0,467,806,7,0,0,1956
"10102250001","M4A1-Fury Beast","Gold VVIP","M4A1","Rifle",12314,3213,812,45,8,1220,1168,466,27,2,163,765,306,9,0,25,1206,578,16,2,41,669,455,6,0,18,452,248,8,0,29,209,131,1,0,16
"10102024001","M4A1-Ice-Alpha","Purple","M4A1","Rifle",12213,1471,39,0,0,3405,1554,63,0,0,2948,754,25,1,0,555,317,19,0,0,136,289,14,1,0,179,203,15,0,0,115,79,4,0,0,27
"10515004001","KSG-Born Beast","Gold V","Shotgun","Shotgun",12007,2001,178,7,0,504,2950,194,4,3,990,1341,98,5,3,326,744,34,0,1,243,844,61,2,0,226,659,39,6,0,244,209,10,0,0,81
"10102108006","M4A1-Tournament Spirit","Gold VVIP","M4A1","Rifle",11942,144,396,62,44,2,2279,1788,284,32,6,1975,1225,103,6,1,889,485,44,2,0,789,417,79,17,0,318,224,14,5,0,179,126,5,2,0
"10102193001","M4A1-S-Born Beast Ice Soul","Gold V","M4A1","Rifle",11744,0,0,0,0,0,0,0,0,0,0,0,0,0,0,0,0,0,0,0,0,2244,370,8,2,483,4519,411,13,1,2058,1075,80,6,0,474
"10103001006","QBZ95","Green","Súng trường khác","Rifle",11738,654,19,0,0,3189,267,11,0,1,1663,179,3,0,0,1573,138,1,0,0,1377,58,0,0,0,966,82,0,0,0,1185,6,5,0,0,361
"10801120001","Grenade-Mechanical Era","Gold VVIP","Đặc biệt","Utility",11699,2818,788,79,13,0,1534,568,49,6,0,1499,546,47,12,0,767,400,41,3,0,701,411,24,4,0,499,297,19,1,0,327,226,18,2,0
"10101081001","AK47-Iron Beast-Ragnarok","B","AK47","Rifle",11624,5600,1289,113,22,1746,608,374,34,11,41,361,305,8,1,21,229,155,3,5,7,189,125,4,3,14,152,96,3,1,20,40,39,2,0,3
"10614004001","COP 357-Iron Beast","Gold VVIP","Súng lục","Secondary",11589,0,0,0,0,0,0,0,0,0,0,2096,445,16,1,90,1828,607,27,8,139,2269,592,45,5,79,1461,412,16,2,46,1036,333,15,3,18
"10702006006","Invisible Assassin Sword-Ultimate Gold","Orange","Cận chiến","Melee",11530,0,0,0,0,0,0,0,0,0,0,0,0,0,0,0,0,0,0,0,0,0,0,0,0,0,8563,392,12,2,0,2528,32,1,0,0
"10603008006","Mauser M1896-Ultimate Silversmith","Purple","Súng lục","Secondary",11395,0,0,0,0,0,0,0,0,0,0,0,0,0,0,0,93,1,0,0,107,2205,40,0,0,3121,1428,35,0,0,2859,549,4,0,0,953
"10101060001","AK47-Emrald Rebirth","Gold V","AK47","Rifle",11303,0,0,0,0,0,0,0,0,0,0,2897,161,15,1,2671,1176,84,0,2,1357,746,56,1,0,650,491,25,0,0,508,238,30,1,0,193
"10702003006","Light Blade","Orange","Cận chiến","Melee",11303,0,0,0,0,0,0,0,0,0,0,0,0,0,0,0,0,0,0,0,0,0,0,0,0,0,0,0,0,0,0,3719,70,1,0,7513
"10108002006","FAMAS-S","Blue","Súng trường khác","Rifle",11245,768,17,0,0,2894,401,8,0,0,1712,238,4,0,0,1507,142,2,0,0,829,79,19,0,0,595,316,17,0,0,1309,5,1,0,0,382
"10120009006","QBZ03-Born Beast-Mithril","C","Súng trường khác","Rifle",11237,0,0,0,0,0,0,0,0,0,0,0,0,0,0,0,0,0,0,0,0,1457,1479,124,10,0,1847,1624,108,11,0,2072,2370,131,4,0
"10209009001","QBU09-Volcano","Purple","Bắn tỉa khác","Sniper",11195,596,5,0,0,2424,716,9,0,0,4061,218,4,0,1,872,94,6,0,0,300,207,7,0,0,571,222,8,4,0,638,42,2,1,0,187
"10101029001","AK47-Earl","Orange","AK47","Rifle",11169,850,19,4,0,1404,953,33,0,0,1431,973,51,2,0,1028,755,22,0,0,822,480,12,0,0,746,449,10,0,0,832,120,1,0,0,172
"10102172006","M4A1-Azure","Purple","M4A1","Rifle",11131,0,0,0,0,0,0,0,0,0,0,0,0,0,0,0,0,0,0,0,0,0,0,0,0,0,30,2,0,0,63,1173,65,2,0,9796
"10102008001","M4A1-Ultimate Gold","Orange","M4A1","Rifle",10872,525,11,0,0,2303,504,15,0,0,1893,355,7,0,0,1498,158,2,0,0,1106,140,5,0,0,898,126,9,0,0,1028,24,0,0,0,265
"10221007001","TAC-Fury Beast","Gold VVIP","Bắn tỉa khác","Sniper",10867,4070,511,51,4,2088,1043,288,23,1,272,385,151,8,0,20,555,306,9,36,19,229,140,4,18,5,286,152,15,12,3,74,80,3,2,4
"10101035001","AK47-Anubis","Gold VVIP","AK47","Rifle",10807,4090,256,21,3,4830,193,32,0,1,128,55,43,3,0,2,310,151,8,1,3,203,86,2,0,10,126,55,0,0,6,145,31,2,0,11
"10108001001","FAMAS","Green","Súng trường khác","Rifle",10774,298,9,0,0,2050,179,3,0,0,1201,208,8,0,0,1731,145,4,0,0,1313,105,5,0,0,1036,612,39,1,0,1408,54,2,0,0,363
"10801103001","Grenade-Shark","Orange","Đặc biệt","Utility",10745,2433,186,3,0,0,2202,118,3,1,0,2290,84,0,0,0,1232,61,0,0,0,871,41,2,0,0,685,21,0,0,0,450,10,2,0,50
"10102256001","M4A1-Summer","Gold V","M4A1","Rifle",10707,0,0,0,0,0,0,0,0,0,0,0,0,0,0,0,52,11,0,0,0,4819,715,9,1,189,2856,397,3,0,109,1287,180,9,0,70
"10102079006","M4A1-Gun Girl","Gold V","M4A1","Rifle",10646,0,0,0,0,0,0,0,0,0,0,0,0,0,0,0,0,0,0,0,0,0,0,0,0,0,5336,2535,250,23,0,2011,474,15,2,0
"10520001006","M1216-Fish","Silver V","Shotgun","Shotgun",10628,0,0,0,0,0,0,0,0,0,0,0,0,0,0,0,0,0,0,0,0,0,0,0,0,0,0,0,0,0,0,5709,194,2,2,4721
"10102001001","M4A1","Whtie","M4A1","Rifle",10312,388,8,3,0,2564,234,15,1,0,1421,177,19,0,0,1274,108,10,0,0,1018,120,8,0,0,1165,99,14,2,0,1289,42,6,1,0,326
"10403001006","MK5-T Tiger","Blue","SMG","SMG",10218,188,1,0,0,1264,265,3,0,0,1302,292,4,0,0,1614,214,3,0,0,1162,141,0,0,0,655,424,0,0,0,2194,38,0,0,0,454
"10102190001","M4A1-Titanium Beast","Gold VVIP","M4A1","Rifle",10146,0,0,0,0,0,1150,391,21,0,206,2029,731,31,4,243,3045,593,28,5,121,583,257,14,2,10,272,138,4,0,14,170,71,8,0,5
"10102126001","M4A1-Red Crystal","Purple","M4A1","Rifle",10133,528,9,0,0,4246,379,12,0,0,3160,107,6,0,0,694,51,1,0,0,201,47,2,0,0,295,35,2,0,0,288,11,2,0,0,57
"10201049001","AWM-Red Frame Hawk","Gold V","AWM","Sniper",10059,0,0,0,0,0,0,0,0,0,0,0,0,0,0,0,2834,259,8,2,634,2326,153,3,0,850,1516,133,2,0,498,560,65,1,0,215
"10706065006","Keris-Earl","Gold V","Cận chiến","Melee",9937,0,0,0,0,0,0,0,0,0,0,0,0,0,0,0,0,0,0,0,0,0,0,0,0,0,1025,65,2,1,219,6098,185,4,0,2338
"10602039006","Desert Eagle-Gold Phoenix","Purple","Súng lục","Secondary",9867,1566,53,0,2,1569,1145,29,0,0,1161,677,29,0,0,773,418,10,1,0,470,375,3,0,0,615,224,5,0,0,446,113,4,0,0,179
"10403007001","MK5-Mechanical Era","Gold V","SMG","SMG",9864,2057,53,4,0,3719,1358,83,0,2,735,197,9,0,0,318,82,3,0,0,178,122,3,0,0,235,329,16,0,0,295,23,0,0,0,43
"10102102001","M4A1-Born Beast-Ragnarok","B","M4A1","Rifle",9856,0,0,0,0,0,0,0,0,0,0,0,0,0,0,0,5894,1283,113,13,664,653,313,12,2,17,298,162,5,2,10,265,133,11,0,6
"10101133006","AK47-Iron Beast-Subject Alpha","Gold VVIP","AK47","Rifle",9850,0,0,0,0,0,0,0,0,0,0,0,0,0,0,0,1,0,0,0,0,528,1139,267,49,0,2552,2842,441,62,0,1090,781,87,7,4
"10704040006","Kukri-Beast-Frost","C","Cận chiến","Melee",9674,0,0,0,0,0,0,0,0,0,0,0,0,0,0,0,36,32,1,0,0,3662,3555,188,20,0,601,1102,80,11,1,134,239,10,2,0
"10751003006","Golden Soccer Trophy","Orange","Cận chiến","Melee",9639,0,0,0,0,0,0,0,0,0,0,0,0,0,0,0,0,0,0,0,0,0,0,0,0,0,5644,245,3,1,2938,504,6,1,0,297
"10202005001","Barrett M82A1-Iron Shark","Gold V","Barrett","Sniper",9540,2817,61,5,1,3363,74,5,0,0,63,45,3,0,4,0,28,7,2,1,4,7,3,2,0,0,235,30,0,0,76,1764,207,2,1,730
"10110016001","M14EBR-El Dorado","Gold V","Súng trường khác","Rifle",9495,18,3,0,0,1,137,9,0,0,48,1648,110,4,3,2120,1155,106,1,0,1010,964,115,3,0,541,639,60,3,0,417,229,21,1,0,129
"10101148006","AK47-Mini","Orange","AK47","Rifle",9486,0,0,0,0,0,6058,410,40,0,0,1731,90,7,0,0,439,71,0,0,0,285,21,0,0,0,222,27,1,0,0,76,8,0,0,0
"10103006001","QBZ95-Angel","Gold V","Súng trường khác","Rifle",9463,1617,43,1,0,3530,615,22,0,0,1198,344,14,1,0,574,159,4,1,0,287,201,12,0,0,335,84,1,0,0,335,20,0,0,0,65
"10202036001","Barrett M82A1-Born Beast-Ragnarok","B","Barrett","Sniper",9271,0,0,0,0,0,0,0,0,0,0,0,0,0,0,0,2415,333,18,4,336,3354,612,22,1,739,586,258,10,0,54,349,147,6,1,26
"10629001006","Dual Colt1911-Iron Shark","Gold V","Súng lục","Secondary",9233,0,0,0,0,0,0,0,0,0,0,0,0,0,0,0,0,0,0,0,0,0,0,0,0,0,1151,124,4,0,332,4713,246,15,0,2648
"10502003006","Jack Hammer-Ultimate Silversmith","Purple","Shotgun","Shotgun",9170,0,0,0,0,0,0,0,0,0,0,0,0,0,0,0,65,1,0,0,271,1105,38,0,0,3206,709,8,0,0,2858,188,2,0,0,719
"10211015001","98K-Satellite","Gold VVIP","Bắn tỉa khác","Sniper",9114,1959,61,0,1,4030,23,4,0,0,29,1,0,0,0,0,0,0,0,0,0,2176,182,12,5,454,110,10,1,0,56,0,0,0,0,0
"10139004006","G36-Tournament Spirit","Gold VVIP","Súng trường khác","Rifle",8994,324,298,55,16,0,2735,1415,159,29,11,1578,808,38,2,0,332,379,10,2,0,211,222,5,1,0,116,65,14,0,0,119,46,3,1,0
"10801110001","Grenade-Armoured Beast","Gold VVIP","Đặc biệt","Utility",8970,2078,492,47,7,0,1227,394,43,1,0,1083,392,39,0,1,556,257,16,2,0,517,277,17,4,0,401,198,15,2,1,537,321,17,2,26
"10101004006","AK47-Chaos Dragon","Purple","AK47","Rifle",8969,917,80,0,0,165,2635,200,1,2,983,457,7,0,0,157,423,16,2,0,174,1156,144,0,0,471,488,38,0,0,129,125,24,0,0,175
"10201042006","AWM-Spearfish","Orange","AWM","Sniper",8944,0,0,0,0,0,0,0,0,0,0,0,0,0,0,0,0,0,0,0,0,0,0,0,0,0,0,0,0,0,0,3338,167,5,0,5434
"10101110001","AK47-Shade Turbo","Gold VVIP","AK47","Rifle",8918,0,0,0,0,0,0,0,0,0,0,0,0,0,0,0,0,0,0,0,0,4317,482,20,1,1294,1635,171,1,0,631,304,49,3,0,10
"10101042001","AK47-Jewelry","Gold V","AK47","Rifle",8915,0,0,0,0,0,0,0,0,0,0,0,0,0,0,0,0,0,0,0,0,0,0,0,0,0,0,0,0,0,0,6457,486,26,0,1946
"10801082001","Grenade-Valentine","Purple","Đặc biệt","Utility",8902,3359,65,0,0,2337,913,12,0,0,584,435,0,1,0,331,174,0,0,0,148,147,2,0,0,128,74,1,0,0,92,38,2,0,0,59
"10601005006","USP-Transformer Beast","Gold V","Súng lục","Secondary",8876,0,0,0,0,0,0,0,0,0,0,0,0,0,0,0,4090,758,19,5,217,1968,249,1,1,144,804,119,1,1,81,376,21,0,0,21
"10504003006","Golden Shark","Gold V","Shotgun","Shotgun",8862,0,0,0,0,0,0,0,0,0,0,0,0,0,0,0,0,0,0,0,0,0,0,0,0,0,0,0,0,0,0,6865,1919,76,1,1
"10801061001","Grenade-Soccer","Purple","Đặc biệt","Utility",8805,0,0,0,0,0,0,0,0,0,0,0,0,0,0,0,0,0,0,0,0,0,0,0,0,0,1046,16,0,0,4328,918,6,0,0,2491
"10801133001","Grenade-Tournament Spirit","Gold VVIP","Đặc biệt","Utility",8748,54,18,5,0,0,1434,362,50,5,11,2301,546,46,6,9,974,294,21,1,4,864,278,20,1,8,647,229,15,1,9,382,143,7,0,3
"10706017006","Keris-Born Beast-Ragnarok","B","Cận chiến","Melee",8729,0,0,0,0,0,0,0,0,0,0,0,0,0,0,0,2917,449,20,0,229,4017,421,34,1,534,37,46,8,0,0,4,10,2,0,0
"10705012006","Cat Gloves","Purple","Cận chiến","Melee",8724,0,0,0,0,0,0,0,0,0,0,0,0,0,0,0,4453,210,4,6,3691,83,3,0,0,85,0,0,0,0,0,86,2,0,0,101
"10102182001","M4A1-S-Transformer Virgo","Gold V","M4A1","Rifle",8622,2658,269,11,0,422,1572,205,7,2,134,1230,194,1,1,64,561,58,0,0,30,395,64,1,0,25,376,55,2,0,60,181,23,0,0,21
"10750007006","Cute Puppy on Beach","Orange","Cận chiến","Melee",8580,0,0,0,0,0,0,0,0,0,0,0,0,0,0,0,0,0,0,0,0,0,0,0,0,0,196,7,0,0,110,3622,68,2,0,4575
"10105004001","AN94-SS","Purple","Súng trường khác","Rifle",8560,565,11,0,0,2473,258,13,0,0,1324,173,9,0,0,986,102,3,0,0,748,101,1,0,0,678,82,3,0,0,841,12,1,0,0,176
"10102064001","M4A1 (mã 064)","","M4A1","Rifle",8547,0,0,0,0,0,0,0,0,0,0,3052,906,66,15,753,1510,502,26,0,339,372,324,6,2,12,209,231,7,0,2,125,80,5,1,2
"10318007006","Lewis Gun-Steel Frenzy","Gold V","SMG","Machine Gun",8419,0,0,0,0,0,0,0,0,0,0,0,0,0,0,0,1114,611,148,48,0,3313,829,64,20,0,1465,279,32,1,2,427,53,12,1,0
"10602018006","Desert Eagle-Toy","Purple","Súng lục","Secondary",8332,0,0,0,0,0,0,0,0,0,0,263,13,0,0,332,1442,24,0,0,4012,353,8,0,0,1066,138,1,0,0,475,50,1,0,0,154
"10704022006","Kukri-Beast-Ragnarok","B","Cận chiến","Melee",8312,3248,1167,130,23,0,660,725,65,4,0,119,216,42,0,0,121,295,34,8,0,295,576,61,4,0,99,227,61,2,0,42,76,11,1,0
"10405015006","Steyr TMP-Armoured Beast","Gold VVIP","SMG","SMG",8301,3031,1062,201,10,5,1061,197,52,3,5,625,171,85,1,1,482,96,63,3,1,395,72,57,0,0,342,149,31,6,0,68,10,14,2,0
"10801007001","Grenade-Firecracker","Purple","Đặc biệt","Utility",8121,0,0,0,0,0,2410,44,1,0,4196,417,1,0,0,1030,2,0,0,0,9,0,0,0,0,4,1,0,0,0,4,0,0,0,0,2
"10102032001","M4A1-Jewelry","Gold V","M4A1","Rifle",8101,1267,38,2,0,3554,8,0,0,0,19,2,2,0,0,3,4,0,0,0,0,0,0,0,0,0,970,71,2,0,1916,127,10,0,0,106
"10114005006","AK12-Iron Spider","Gold V","Súng trường khác","Rifle",8001,0,0,0,0,0,0,0,0,0,0,0,0,0,0,0,100,718,184,43,0,2037,2496,262,43,0,866,572,71,10,0,271,248,70,10,0
"10714003006","Spring Festival Feather Duster","Orange","Cận chiến","Melee",7996,0,0,0,0,0,3037,133,4,2,1386,1133,43,0,2,676,376,18,1,0,199,449,16,0,0,230,155,4,0,0,99,14,0,0,0,19
"10101118001","AK47-Tournament Spirit","Gold VVIP","AK47","Rifle",7995,1131,124,20,9,376,1863,257,49,10,875,464,159,9,2,139,77,51,2,2,1,728,339,4,1,36,599,246,5,2,20,218,163,5,0,9
"10504009006","Golden Shark-Mutant Venom","C","Shotgun","Shotgun",7910,0,0,0,0,0,0,0,0,0,0,0,0,0,0,0,0,0,0,0,0,0,0,0,0,0,0,0,0,0,0,5191,2600,102,17,0
"10614005001","COP 357-Iron Beast-Punk","C","Súng lục","Secondary",7828,0,0,0,0,0,0,0,0,0,0,2295,484,43,3,188,1192,324,49,17,180,990,280,31,10,48,681,226,34,9,15,546,152,20,4,7
"10202003001","Barrett M82A1-Born Beast","Gold V","Barrett","Sniper",7577,0,0,0,0,0,0,0,0,0,0,0,0,0,0,0,1167,145,6,0,284,2585,498,14,3,595,1093,334,2,0,46,589,196,6,0,14
"10201050001","AWM-Infernal Dragon-Heroic Battlegear","C","AWM","Sniper",7564,5,6,3,0,0,58,49,2,0,4,200,129,3,2,6,1209,311,8,2,20,2287,383,11,0,26,1365,271,5,1,14,987,193,2,0,2
"10107007001","AUG-Mechanical Era","Gold VVIP","Súng trường khác","Rifle",7460,292,6,0,0,2782,916,30,0,0,1814,352,18,0,0,336,121,10,1,0,103,182,11,0,0,149,113,6,0,0,122,43,1,0,0,52
"10101183006","AK47-Pro Max","Orange","AK47","Rifle",7453,0,0,0,0,0,4774,411,26,0,0,1172,70,1,0,0,337,46,0,0,4,206,21,1,0,0,212,40,1,0,2,115,13,0,0,1
"10206001001","M200","Blue","M200","Sniper",7451,0,0,0,0,0,0,0,0,0,0,0,0,0,0,0,65,1,0,0,88,794,31,0,0,1834,883,32,2,0,2666,267,6,0,0,782
"10710009006","Hammer-Lollipop","Purple","Cận chiến","Melee",7393,0,0,0,0,0,0,0,0,0,0,0,0,0,0,0,0,0,0,0,0,81,7,0,0,74,2248,39,2,0,4683,85,1,0,0,173
"10101258001","AK47-S-Rifle Knife","Gold V","AK47","Rifle",7369,3236,115,1,0,3876,64,3,0,0,74,0,0,0,0,0,0,0,0,0,0,0,0,0,0,0,0,0,0,0,0,0,0,0,0,0
"10101171001","AK47-Black Gold","Purple","AK47","Rifle",7359,2327,87,5,1,1486,1124,30,0,3,651,500,24,3,0,420,211,10,1,0,136,96,4,0,0,72,61,1,1,0,61,26,0,0,0,18
"10101120006","AK47-Night Stalker","Orange","AK47","Rifle",7277,0,0,0,0,0,0,0,0,0,0,0,0,0,0,0,0,0,0,0,0,0,0,0,0,0,13,0,0,0,19,2390,15,0,0,4840
"10609005006","Dual Glock","Purple","Súng lục","Secondary",7032,0,0,0,0,0,0,0,0,0,0,0,0,0,0,0,164,18,0,0,105,1578,64,4,0,1890,979,49,3,0,1690,175,9,0,0,304
"10503001001","Armsel Striker","Green","Shotgun","Shotgun",7023,383,6,0,0,2019,154,2,0,0,948,51,1,0,0,581,35,0,0,0,551,36,1,0,0,979,25,1,0,0,1028,5,0,0,0,217
"10101147001","AK47-Angel","Gold V","AK47","Rifle",7021,0,0,0,0,0,4,0,0,0,3,9,4,0,0,0,0,0,0,0,0,0,0,0,0,0,380,31,0,0,323,2006,99,1,0,4161
"10401002006","MP5-A","Green","SMG","SMG",6969,476,19,1,0,1187,482,19,12,0,1096,301,13,0,0,702,217,10,1,0,543,130,10,0,0,262,369,9,0,0,869,51,0,0,0,190
"10503004001","Armsel Striker-El Dorado","Gold V","Shotgun","Shotgun",6958,0,0,0,0,0,917,38,1,0,1245,1193,99,5,0,486,574,35,1,0,224,679,52,1,0,297,498,40,2,0,285,179,15,0,0,92
"10102162006","M4A1-Red Knife Beast-Alpha","Silver V","M4A1","Rifle",6937,983,12,0,0,5942,0,0,0,0,0,0,0,0,0,0,0,0,0,0,0,0,0,0,0,0,0,0,0,0,0,0,0,0,0,0
"10120005001","QBZ03-Born Beast","Gold V","Súng trường khác","Rifle",6885,2341,95,0,0,3007,58,3,0,0,64,0,0,0,0,0,0,0,0,0,0,136,52,5,0,7,86,35,0,0,5,720,60,2,0,209
"10702087006","Butterfly Knife-El Dorado","Gold V","Cận chiến","Melee",6868,0,0,0,0,0,2,182,84,10,0,5,306,34,9,0,26,666,45,1,0,83,1963,88,11,5,31,2544,50,3,4,10,689,15,2,0
"10602045006","Desert Eagle-Royal Blue Gold Dragon","Orange","Súng lục","Secondary",6814,1309,46,0,0,408,976,45,2,3,265,807,26,0,0,314,475,15,0,0,291,444,3,0,0,368,377,3,0,0,282,206,0,0,0,149
"10614007001","COP 357-Royal Blue Gold Dragon","Orange","Súng lục","Secondary",6787,0,0,0,0,0,0,0,0,0,0,0,0,0,0,0,0,0,0,0,0,1856,263,4,0,148,2343,342,8,2,161,1420,180,4,1,55
"10608003001","Súng lục (mã 003)","","Súng lục","Secondary",6771,3000,26,2,0,571,1353,27,0,0,342,613,4,0,0,146,218,3,0,0,68,196,2,0,0,44,70,3,0,0,36,29,0,0,0,18
"10602002006","Desert Eagle-Winter Land","Purple","Súng lục","Secondary",6765,1208,26,1,0,5094,44,2,0,0,146,25,0,0,0,75,21,2,0,0,41,11,0,0,0,24,5,0,0,0,23,6,0,0,0,11
"10101098001","AK47-Rush","Gold VVIP","AK47","Rifle",6741,0,0,0,0,0,0,0,0,0,0,1799,733,63,12,60,1233,397,11,0,35,963,316,10,0,28,499,125,7,5,20,286,126,9,0,4
"10633002006","MAC-10-Pterosaur","Gold VVIP","Súng lục","Secondary",6695,478,306,23,7,0,1086,377,11,3,0,763,373,22,1,2,1661,235,5,0,0,378,158,4,0,0,175,81,4,0,0,498,43,1,0,0
"10202010001","Barrett M82A1-Iron Beast","Gold V","Barrett","Sniper",6684,0,0,0,0,0,0,0,0,0,0,2592,388,11,7,573,1479,265,11,2,377,397,91,0,1,13,265,68,5,0,16,84,27,9,0,3
"10515014001","KSG-Iron Shark","Gold V","Shotgun","Shotgun",6683,814,38,4,0,741,17,2,0,0,15,0,0,0,0,0,177,8,0,0,49,2076,163,3,1,672,959,97,1,0,331,385,31,0,0,99
"10705002006","Dragon Fists-Chaos Dragon","Purple","Cận chiến","Melee",6636,0,0,0,0,0,2830,124,8,0,941,584,40,0,1,200,415,22,0,1,112,626,21,1,0,175,335,23,0,0,70,76,7,0,0,24
"10703050006","B.C Axe-Autumn","Gold VVIP","Cận chiến","Melee",6633,0,0,0,0,0,0,0,0,0,0,0,0,0,0,0,0,0,0,0,0,0,0,0,0,0,399,66,0,0,0,5755,404,9,0,0
"10602092006","Desert Eagle-Illusion","Purple","Súng lục","Secondary",6515,0,0,0,0,0,0,0,0,0,0,0,0,0,0,0,0,0,0,0,0,1666,43,0,0,4057,172,1,1,0,482,32,0,0,0,61
"10114004001","AK12-SS","Purple","Súng trường khác","Rifle",6504,570,15,0,0,1752,257,6,0,0,993,165,3,0,0,647,87,3,0,0,549,87,2,0,0,588,51,6,0,0,598,12,1,0,0,112
"10105003001","AN94-Smilodon","Gold V","Súng trường khác","Rifle",6502,2004,52,0,0,3018,27,2,0,0,67,0,0,0,0,0,695,218,11,0,203,84,54,0,0,2,28,14,0,0,0,16,6,1,0,0
"10102029001","M4A1-Anonymous","Orange","M4A1","Rifle",6475,1291,28,1,0,3872,254,12,0,1,363,126,1,1,0,127,63,1,0,0,72,59,2,0,0,63,36,2,0,0,72,11,0,0,0,17
"10615003006","QSZ92-Falling Snow","Purple","Súng lục","Secondary",6457,2057,58,1,0,4341,0,0,0,0,0,0,0,0,0,0,0,0,0,0,0,0,0,0,0,0,0,0,0,0,0,0,0,0,0,0
"10102244001","M4A1-Iron Wolf","Gold V","M4A1","Rifle",6430,2785,92,3,10,3355,86,6,1,0,91,0,0,0,0,0,1,0,0,0,0,0,0,0,0,0,0,0,0,0,0,0,0,0,0,0
"10602077006","Desert Eagle-Ranger-Frost","C","Súng lục","Secondary",6408,1161,529,96,7,64,698,701,37,3,0,279,565,33,1,0,220,270,11,0,0,268,224,40,0,0,353,450,13,0,0,187,194,4,0,0
"10103002006","QBZ95-A","Blue","Súng trường khác","Rifle",6384,391,21,0,0,1507,143,0,0,0,938,188,3,0,0,940,169,2,0,0,742,89,0,0,0,420,40,2,0,0,647,15,1,0,0,126
"10801128001","Grenade-Snowflake","Purple","Đặc biệt","Utility",6351,813,11,0,0,4991,53,2,0,0,29,37,0,0,0,44,39,0,0,0,32,69,0,0,0,93,38,1,0,0,61,11,0,0,0,27
"10101122001","AK47-Gladiator-Mithril","C","AK47","Rifle",6339,0,0,0,0,0,0,0,0,0,0,122,121,16,3,1,878,854,38,8,31,950,769,21,2,48,1036,478,5,0,20,620,292,6,1,19
"10101209001","AK47-Born Beast-Ragnarok","B","AK47","Rifle",6313,0,0,0,0,0,0,0,0,0,0,0,0,0,0,0,0,0,0,0,0,0,0,0,0,0,0,0,0,0,0,4615,614,24,2,1058
"10206004001","M200-Blue Pottery","Purple","M200","Sniper",6305,1,0,0,0,1,0,0,0,0,0,0,0,0,0,0,2034,88,6,1,1420,807,35,0,0,932,436,19,0,0,382,74,2,0,0,67
"10211009001","Kar 98K-Gold Black Dragon","Purple","Bắn tỉa khác","Sniper",6302,0,0,0,0,0,1442,60,1,0,1891,823,48,2,1,535,484,44,1,0,186,307,22,0,0,115,164,17,0,0,95,35,3,0,0,26
"10124001001","Type-56-Hawaiian","Purple","Súng trường khác","Rifle",6290,1854,48,2,2,2364,473,27,0,0,559,198,9,0,0,193,109,7,0,0,80,95,6,0,0,83,66,3,0,0,77,16,0,0,0,19
"10602038006","Desert Eagle-Ranger","Gold VVIP","Súng lục","Secondary",6251,1779,466,41,3,165,630,355,23,0,3,387,220,3,0,0,221,133,0,1,0,1300,137,0,0,0,148,102,1,0,0,63,69,1,0,0
"10209001001","QBU09","Blue","Bắn tỉa khác","Sniper",6218,418,4,1,0,2076,147,0,0,0,1015,118,1,0,0,656,111,3,2,0,501,78,1,0,0,368,79,4,1,0,469,19,0,0,0,146
"10101082001","AK47-Invincible Dragon","Orange","AK47","Rifle",6119,1617,40,2,0,3684,4,0,0,0,1,0,0,0,0,0,6,0,0,0,2,132,11,0,0,49,198,11,0,1,224,77,5,0,0,55
"10702036006","Butterfly Knife-Iron Shark","Gold V","Cận chiến","Melee",6002,0,0,0,0,0,0,0,0,0,0,0,0,0,0,0,0,0,0,0,0,0,0,0,0,0,538,20,2,0,248,2761,67,6,0,2360
"10120017001","QBZ03-Knife-Jade Flower","Gold V","Súng trường khác","Rifle",5962,2745,62,15,1,2990,64,3,0,0,82,0,0,0,0,0,0,0,0,0,0,0,0,0,0,0,0,0,0,0,0,0,0,0,0,0
"10109003001","9A91-SS","Purple","Súng trường khác","Rifle",5947,297,7,1,0,1857,178,7,0,1,1196,61,1,0,0,598,33,0,0,0,435,48,0,0,0,472,35,1,0,0,594,4,0,0,0,121
"10201017001","AWM-Gilt","Orange","AWM","Sniper",5928,968,10,2,0,2972,161,2,0,0,466,78,1,0,0,249,33,3,0,0,124,94,1,0,0,245,96,5,0,0,340,13,1,0,0,64
"10101051001","AK47-Gladiator","Gold VVIP","AK47","Rifle",5905,5,1,0,0,0,69,20,8,0,4,510,327,19,9,10,921,556,18,1,17,775,327,7,0,20,1000,242,7,0,35,789,175,7,0,26
"10602055006","Desert Eagle-Armoured Beast","Gold VVIP","Súng lục","Secondary",5835,1203,381,48,4,0,431,233,10,4,0,245,155,17,1,0,182,113,6,0,0,154,83,3,2,0,1184,727,39,2,0,422,176,9,1,0
"10209006006","QBU09-Armoured Beast","Gold VVIP","Bắn tỉa khác","Sniper",5821,1020,2108,332,23,19,184,741,49,6,0,105,411,4,19,1,64,171,16,0,0,51,151,26,0,0,88,82,8,2,1,94,45,0,0,0
"10722001006","Stick-Winter Land","Purple","Cận chiến","Melee",5748,1279,22,1,0,3347,222,3,0,0,267,66,5,0,0,99,64,0,0,0,70,94,3,0,0,88,39,2,0,0,47,12,0,0,0,18
"10102181001","M4A1-S-Steel Empire","Gold V","M4A1","Rifle",5641,0,0,0,0,0,0,0,0,0,0,0,0,0,0,0,0,0,0,0,0,1694,112,8,1,578,1637,77,0,0,921,372,10,0,0,231
"10602083006","Desert Eagle-Crystal","Purple","Súng lục","Secondary",5561,992,30,1,0,613,284,11,0,1,148,144,10,0,0,66,81,6,0,0,89,311,7,0,0,947,203,6,0,0,1264,72,1,0,0,274
"10109017001","9A91-El Dorado","Gold V","Súng trường khác","Rifle",5460,0,0,0,0,0,1,0,0,0,0,1538,65,1,0,2470,253,8,0,0,261,241,11,1,0,207,156,19,0,0,134,63,3,1,0,27
"10602010001","Desert Eagle-Thunder","Gold V","Súng lục","Secondary",5438,1158,39,4,1,1902,382,20,1,0,418,240,12,0,0,239,145,5,1,1,132,105,5,2,0,144,83,0,0,0,140,63,4,0,0,192
"10120016001","QBZ03-Beast Dragon","Orange","Súng trường khác","Rifle",5384,1242,60,2,0,1136,1079,23,0,0,669,387,15,0,0,144,143,9,1,0,37,157,9,0,0,66,115,6,1,0,35,40,1,0,0,7
"10101287001","AK47-Steel Frenzy","Gold VVIP","AK47","Rifle",5326,0,0,0,0,0,0,0,0,0,0,0,0,0,0,0,671,212,6,1,18,1912,527,15,0,47,1162,253,1,0,55,347,81,2,0,16
"10413004006","P90-Rabbit","Gold V","SMG","SMG",5244,0,0,0,0,0,0,0,0,0,0,0,0,0,0,0,0,0,0,0,0,0,0,0,0,0,0,0,0,0,0,3410,163,7,5,1659
"10799001001","Cận chiến (mã 001)","","Cận chiến","Melee",5198,1565,96,5,0,49,1097,57,5,1,13,1018,77,1,1,8,313,46,3,2,1,297,44,0,0,0,334,23,0,0,1,128,12,0,0,1
"10710007006","Thunderbolt Hammer-Iron Beast","Gold V","Cận chiến","Melee",5167,0,0,0,0,0,0,0,0,0,0,796,564,26,5,0,819,628,26,2,0,768,767,28,0,0,342,254,27,0,0,53,56,6,0,0
"10102020001","M4A1-Rose","Purple","M4A1","Rifle",5159,394,9,0,0,3404,119,4,0,0,517,57,2,0,0,180,29,1,0,0,105,26,0,0,0,108,25,0,1,0,137,3,1,0,0,37
"10123010001","HK416-Iron Shark","Gold V","Súng trường khác","Rifle",5090,1657,49,4,0,2137,143,13,3,0,78,228,14,3,0,41,143,19,1,0,32,175,16,0,0,25,129,29,0,0,30,93,5,0,0,23
"10405016001","Steyr TMP-Butterfly","Gold VVIP","SMG","SMG",5083,0,0,0,0,0,3149,138,4,0,1325,98,0,0,0,39,0,0,0,0,0,71,11,2,0,48,76,14,3,0,90,10,0,1,0,4
"10615007006","QSZ92-Angel","Gold V","Súng lục","Secondary",5076,0,0,0,0,0,0,0,0,0,0,0,0,0,0,0,0,0,0,0,0,2226,498,14,1,0,1476,270,4,0,0,522,65,0,0,0
"10706008006","Keris-Mithril","Purple","Cận chiến","Melee",5039,2,0,0,0,0,0,0,0,0,0,0,0,0,0,0,0,0,0,0,0,0,0,0,0,0,1974,28,0,0,2480,258,3,0,0,294
"10802001001","Đặc biệt (mã 001)","Whtie","Đặc biệt","Utility",5027,18,0,0,0,256,18,0,0,0,153,19,1,0,0,3565,9,0,0,0,140,9,0,0,0,205,9,0,0,0,245,9,0,0,0,371
"10211006001","Kar 98K-Invincible Dragon","Orange","Bắn tỉa khác","Sniper",4982,1087,14,1,0,3397,1,0,0,0,2,0,0,0,0,0,13,0,0,0,1,101,27,0,0,14,169,27,0,0,57,55,4,0,0,12
"10101139001","AK47-Comic","Purple","AK47","Rifle",4935,0,0,0,0,0,2409,222,8,1,157,1185,65,14,0,50,332,33,2,0,14,198,16,0,0,8,125,22,0,0,4,61,7,0,0,2
"10102107006","M4A1-S-Gold","Orange","M4A1","Rifle",4929,0,0,0,0,0,0,0,0,0,0,0,0,0,0,0,0,0,0,0,0,1299,203,19,1,0,2365,255,7,0,0,742,38,0,0,0
"10305004001","Gatling Gun-Blue Pottery","Purple","SMG","Machine Gun",4928,817,26,0,0,1545,322,9,0,1,588,75,4,0,0,382,48,1,0,0,275,43,0,0,0,314,34,1,0,0,346,7,0,0,0,90
"10110009001","M14EBR-Born Beast","Gold V","Súng trường khác","Rifle",4856,1938,74,1,0,2669,49,4,0,0,59,0,0,0,0,0,0,0,0,0,0,5,15,1,0,0,13,18,1,0,1,3,4,1,0,0
"10405002006","Steyr TMP-S","Blue","SMG","SMG",4841,452,5,0,0,765,287,5,0,0,888,145,2,0,0,573,57,0,0,0,288,108,0,0,0,262,195,6,0,0,554,32,0,0,0,217
"10602015006","Desert Eagle-Beast","Gold V","Súng lục","Secondary",4811,541,193,27,1,0,210,104,6,0,0,83,82,0,0,0,53,58,3,0,0,239,129,3,0,0,2821,182,4,0,0,46,26,0,0,0
"10102050001","M4A1-XM-Winner","Orange","M4A1","Rifle",4801,875,19,0,1,3433,114,2,0,0,147,36,2,0,0,48,18,2,0,0,20,13,0,0,0,14,15,0,0,0,27,6,0,0,0,9
"10104011001","SCAR-Dark Knight","Gold V","Súng trường khác","Rifle",4627,0,0,0,0,0,0,0,0,0,0,0,0,0,0,0,0,0,0,0,0,0,0,0,0,0,309,21,0,0,245,1249,100,0,0,2703
"10615002006","QSZ92-Summer Limited","Purple","Súng lục","Secondary",4545,0,0,0,0,0,0,0,0,0,0,0,0,0,0,0,0,0,0,0,0,0,0,0,0,0,26,0,1,0,31,1845,34,1,0,2607
"10415002001","M12S-Titanium Beast","Gold VVIP","SMG","SMG",4498,0,0,0,0,1,1027,165,12,0,204,1028,195,7,2,177,742,115,6,0,21,233,59,1,3,6,320,55,4,1,16,79,14,0,0,5
"10201047001","AWM-Gaming Glory","Gold VVIP","AWM","Sniper",4336,522,13,1,0,3800,0,0,0,0,0,0,0,0,0,0,0,0,0,0,0,0,0,0,0,0,0,0,0,0,0,0,0,0,0,0
"10602001001","Desert Eagle","Green","Súng lục","Secondary",4272,658,12,0,0,1734,188,5,0,0,532,108,3,0,0,232,59,2,0,0,149,57,2,0,0,184,37,2,0,0,202,13,1,0,0,92
"10625001006","CZ75-Predator","Gold V","Súng lục","Secondary",4094,2374,76,0,0,0,1260,26,0,0,0,133,5,0,0,0,0,0,0,0,0,0,0,0,0,0,18,10,1,0,0,150,40,1,0,0
"10101034001","AK47-Gilt","Orange","AK47","Rifle",4049,621,12,0,0,1208,216,5,0,0,464,154,6,0,0,365,65,1,0,0,195,60,0,0,0,289,45,1,0,0,292,9,0,0,0,41
"10703052006","B.C Axe-T-Rex","Gold VVIP","Cận chiến","Melee",4030,0,0,0,0,0,0,0,0,0,0,0,0,0,0,0,0,0,0,0,0,930,1400,167,13,2,671,627,43,0,0,104,69,3,1,0
"10101018001","AK47-Winter Land","Purple","AK47","Rifle",3947,1111,46,0,0,1457,350,20,4,2,176,214,12,0,0,115,103,5,1,0,64,58,9,0,0,62,56,4,0,0,30,34,3,0,0,11
"10614009001","COP 357-Sakura","Orange","Súng lục","Secondary",3844,1357,213,19,3,355,504,172,14,3,68,419,118,17,2,13,114,43,3,2,14,118,46,3,0,3,78,29,1,0,8,77,25,2,0,1
"10405006001","Dual Steyr TMP-Angel","Gold V","SMG","SMG",3807,1888,54,6,0,172,1105,92,9,0,85,186,42,1,1,21,37,7,0,0,0,24,6,0,0,36,18,6,2,0,1,5,2,0,0,1
"10101089006","AK47-Gold Phoenix","Purple","AK47","Rifle",3768,0,0,0,0,0,0,0,0,0,0,0,0,0,0,0,0,0,0,0,0,0,0,0,0,0,0,0,0,0,0,1869,99,0,0,1800
"10115003001","AR-15-Royal Dragon","Purple","Súng trường khác","Rifle",3668,0,0,0,0,0,688,14,1,0,1873,79,3,0,0,266,47,3,0,0,86,51,2,0,0,233,50,0,0,0,244,5,1,0,0,22
"10110004001","M14EBR-Born Beast-Alpha","Gold V","Súng trường khác","Rifle",3642,614,78,5,0,405,149,33,1,0,99,25,10,1,0,0,5,14,1,0,2,20,11,3,0,4,1114,201,3,1,344,299,47,1,0,152
"10305013001","Gatling Gun-Snake","Gold V","SMG","Machine Gun",3629,0,0,0,0,0,626,42,2,1,864,661,44,0,0,592,177,5,1,2,104,129,4,0,0,84,103,3,0,0,86,62,0,0,0,37
"10103013001","QBZ95-Invincible Dragon","Orange","Súng trường khác","Rifle",3612,832,13,1,0,2198,111,2,0,0,218,36,2,0,0,52,16,1,0,0,28,17,1,0,0,31,15,1,0,0,24,7,0,0,0,6
"10304006001","M249-Born Beast","Orange","SMG","Machine Gun",3590,851,32,1,0,1751,298,14,1,0,226,77,8,0,0,74,41,1,0,0,42,34,2,0,0,31,32,2,0,0,34,13,2,0,0,23
"10201006001","AWM-A Jasmine","Purple","AWM","Sniper",3580,686,23,2,0,547,187,12,0,0,133,240,7,0,0,811,102,3,0,0,370,68,2,0,0,131,52,1,0,0,141,16,0,0,0,46
"10110014001","M14EBR-Azure","Purple","Súng trường khác","Rifle",3550,0,0,0,0,0,724,17,0,0,2054,103,4,1,0,247,17,0,0,0,99,18,2,1,0,59,13,0,0,0,53,19,8,0,0,111
"10101108001","AK47-Royal Blue Gold Dragon","Orange","AK47","Rifle",3510,720,35,16,0,241,691,28,3,0,398,365,11,0,0,252,175,10,0,0,159,97,2,2,0,107,81,3,0,0,75,18,0,0,0,21
"10602063006","Dual Desert Eagle-Chameleon","Gold VVIP","Súng lục","Secondary",3497,0,0,0,0,0,0,0,0,0,0,0,0,0,0,0,1076,542,79,3,0,798,252,23,0,0,370,107,14,0,0,178,48,7,0,0
"10109010001","9A91-Jade","Purple","Súng trường khác","Rifle",3491,262,10,1,0,470,76,1,0,0,77,153,11,0,0,1222,59,0,0,0,942,20,0,0,0,98,9,0,0,0,62,4,0,0,0,14
"10705054006","Dual Karambit-Mystery City Rainbow-Alpha","Orange","Cận chiến","Melee",3488,0,0,0,0,0,0,0,0,0,0,0,0,0,0,0,0,0,0,0,0,0,0,0,0,0,6,0,0,0,3,1667,77,0,0,1735
"10101058001","AK47-Soccer Babe","Orange","AK47","Rifle",3470,0,0,0,0,0,0,0,0,0,0,0,0,0,0,0,0,0,0,0,0,0,0,0,0,0,1473,82,1,0,1638,152,12,0,0,112
"10140002001","MK47-Mechanical Era","Gold VVIP","Súng trường khác","Rifle",3466,1620,276,30,2,881,118,60,11,1,7,112,79,16,0,3,45,32,20,1,0,41,39,5,0,0,15,21,2,2,2,13,9,2,0,1
"10102036001","M4A1-Angel","Gold V","M4A1","Rifle",3455,2,0,0,0,0,0,0,0,0,0,2,1,0,0,0,0,0,0,0,0,988,52,0,0,663,654,27,0,0,947,67,5,0,0,47
"10102011001","M4A1-Beast","Gold V","M4A1","Rifle",3408,1,0,0,0,0,0,0,0,0,0,0,0,0,0,0,2082,200,15,2,442,410,28,5,0,187,21,2,0,0,13,0,0,0,0,0
"10705044006","Dual Karambit-Dilophosaurus","Gold VVIP","Cận chiến","Melee",3396,0,0,0,0,0,0,0,0,0,0,0,0,0,0,0,0,0,0,0,0,0,0,0,0,0,0,0,0,0,0,2009,1244,127,15,1
"10109016006","9A91-Gold","Orange","Súng trường khác","Rifle",3364,0,0,0,0,0,0,0,0,0,0,0,0,0,0,0,0,0,0,0,0,0,0,0,0,0,0,0,0,0,0,980,51,0,0,2333
"10137001006","M4A1-Mini","Orange","Súng trường khác","Rifle",3357,0,0,0,0,0,2371,122,10,0,0,481,13,0,0,0,166,6,0,0,0,73,10,2,0,0,74,4,1,0,0,22,2,0,0,0
"10102313001","M4A1-Azure Dragon","Gold VVIP","M4A1","Rifle",3329,0,0,0,0,0,0,0,0,0,0,0,0,0,0,0,0,0,0,0,0,0,0,0,0,0,333,47,1,0,58,2036,207,6,0,641
"10102115006","M4A1-Predator-Noble Gold","Red","M4A1","Rifle",3329,0,0,0,0,0,0,0,0,0,0,0,0,0,0,0,135,155,18,7,3,611,901,288,22,1,12,478,147,57,0,3,311,149,31,0
"10710008006","Thunderbolt Hammer-Iron Beast-Punk","C","Cận chiến","Melee",3316,0,0,0,0,0,0,0,0,0,0,621,479,83,9,0,416,469,40,7,0,118,627,45,8,0,44,264,34,6,0,10,31,4,1,0
"10102086001","M4A1-Overlimit Engine","Gold VVIP","M4A1","Rifle",3306,0,0,0,0,0,0,0,0,0,0,0,0,0,0,0,0,0,0,0,0,0,0,0,0,0,1654,149,5,0,801,433,30,2,0,232
"10101007001","AK47-Gold","Orange","AK47","Rifle",3304,31,1,0,0,8,17,2,0,0,2,10,1,0,0,1,24,0,0,0,2,13,0,0,0,3,1485,112,4,0,1257,201,9,0,0,121
"10202040001","Barrett M82A1-Chameleon","Gold VVIP","Barrett","Sniper",3303,0,0,0,0,0,0,0,0,0,0,0,0,0,0,0,1061,111,8,0,533,77,28,1,0,3,1165,143,2,0,138,29,4,0,0,0
"10202014001","Barrett M82A1-Gun Girl","Gold VVIP","Barrett","Sniper",3301,51,9,0,0,4,2,0,0,0,0,0,0,0,0,0,0,0,0,0,0,0,0,0,0,0,1562,330,8,0,601,448,49,4,0,233
"10702061006","Laser Dagger-Born Beast-Ragnarok","B","Cận chiến","Melee",3294,0,0,0,0,0,0,0,0,0,0,0,0,0,0,0,1655,895,92,7,25,104,255,37,0,1,57,93,26,1,0,20,19,7,0,0
"10212005001","MR1-Dragon's Roar","Gold V","Bắn tỉa khác","Sniper",3279,0,0,0,0,0,0,0,0,0,0,0,0,0,0,0,0,0,0,0,0,0,0,0,0,0,50,15,0,0,2,2234,186,6,2,784
"10101078001","AK47-Anubis-Devil","C","AK47","Rifle",3253,568,442,33,2,23,271,168,14,2,10,216,128,19,2,4,410,205,11,2,15,267,165,3,0,13,95,62,2,0,4,59,29,2,1,6
"10201034006","AWM-Infernal Dragon-JON","Gold VVIP","AWM","Sniper",3222,0,0,0,0,0,0,0,0,0,0,0,0,0,0,0,12,0,0,0,0,183,421,118,67,0,191,1269,430,62,0,14,344,96,14,1
"10602029001","Desert Eagle-El Dorado","Gold V","Súng lục","Secondary",3180,0,0,0,0,0,0,0,0,0,0,1209,62,1,0,648,303,16,0,0,156,219,16,1,1,158,152,11,0,0,122,52,2,0,0,51
"10602093001","Desert Eagle-El Dorado-Beta","Silver V","Súng lục","Secondary",3171,766,14,1,0,1233,270,5,0,0,271,111,5,0,0,149,41,4,0,0,72,39,0,0,0,68,24,1,0,0,68,12,0,0,0,17
"10109001006","9A91-S","Blue","Súng trường khác","Rifle",3155,373,20,0,0,680,356,8,1,0,699,72,1,0,0,181,27,0,0,0,145,28,0,0,0,113,31,1,0,0,311,14,0,0,0,94
"10602082006","Desert Eagle-Azure","Purple","Súng lục","Secondary",3154,0,0,0,0,0,0,0,0,0,0,0,0,0,0,0,11,0,0,0,48,257,16,0,0,1088,161,4,1,0,1227,71,2,0,0,268
"10321003006","QBB95-Ancient War","Gold V","SMG","Machine Gun",3105,0,0,0,0,0,0,0,0,0,0,0,0,0,0,0,0,0,0,0,0,0,0,0,0,0,0,0,0,0,0,2019,654,18,4,410
"10628008001","MK23-Dilophosaurus","Gold VVIP","Súng lục","Secondary",3095,0,0,0,0,0,0,0,0,0,0,0,0,0,0,0,0,0,0,0,0,0,0,0,0,0,0,0,0,0,0,2267,695,30,2,101
"10101011001","AK47-A-Gold","Orange","AK47","Rifle",3058,0,0,0,0,0,0,0,0,0,0,0,0,0,0,0,52,9,0,0,34,603,40,1,0,786,414,21,0,0,948,33,2,0,0,115
"10302008001","RPK-Medusa","Gold V","SMG","Machine Gun",3014,0,0,0,0,0,0,0,0,0,0,728,41,1,1,291,558,28,1,0,361,281,16,2,0,164,223,40,0,0,115,99,9,0,0,55
"10120012001","QBZ03-Predator","Gold V","Súng trường khác","Rifle",2988,1459,76,0,1,73,925,39,1,0,22,100,4,0,0,4,0,0,0,0,0,0,0,0,0,0,0,0,0,0,0,171,14,2,0,97
"10113006001","M16-Demon","Gold V","Súng trường khác","Rifle",2987,334,13,0,0,565,22,0,0,0,20,409,16,0,0,688,94,5,0,0,155,107,9,0,0,224,21,0,0,0,45,63,3,0,0,194
"10703029006","B.C Axe-Lotus","Purple","Cận chiến","Melee",2966,587,7,1,0,1224,155,4,0,0,228,81,1,0,0,68,78,0,2,0,76,142,4,0,0,107,71,0,0,0,95,18,0,0,0,17
"10139002001","G36-Mechanical Era","Gold V","Súng trường khác","Rifle",2949,1469,279,31,3,713,53,43,1,1,2,41,31,2,0,3,57,25,4,0,1,119,29,3,0,2,10,15,0,0,1,4,6,1,0,0
"10102243001","M4A1-Gold Black Dragon","Purple","M4A1","Rifle",2873,382,6,2,0,1866,82,5,0,0,230,31,3,0,0,95,13,0,0,0,52,18,0,0,0,38,9,0,0,0,28,4,0,0,0,9
"10102076001","M4A1 (mã 076)","","M4A1","Rifle",2867,0,0,0,0,0,0,0,0,0,0,0,0,0,0,0,0,0,0,0,0,0,0,0,0,0,271,21,2,0,10,2137,276,14,0,136
"10102201001","M4A1-Ultimate Silversmith","Purple","M4A1","Rifle",2788,316,1,0,0,1500,74,1,0,0,236,36,2,0,0,91,28,1,0,0,65,35,0,0,0,155,25,1,0,0,192,6,0,0,0,23
"10221002001","TAC-Angel","Gold V","Bắn tỉa khác","Sniper",2718,0,0,0,0,0,0,0,0,0,0,0,0,0,0,0,0,0,0,0,0,0,0,0,0,0,1515,117,3,1,352,518,38,1,0,173
"10602014006","Desert Eagle-Peony","Purple","Súng lục","Secondary",2718,156,11,0,0,280,220,10,0,0,198,204,4,0,0,291,162,5,0,1,240,130,1,0,0,326,67,1,0,0,304,46,0,0,0,61
"10707028006","Shovel-Born Beast-Ragnarok","B","Cận chiến","Melee",2716,0,0,0,0,0,0,0,0,0,0,0,0,0,0,0,0,0,0,0,0,0,0,0,0,0,0,0,0,0,0,1991,212,8,2,503
"10110018001","M14EBR-Neon","Purple","Súng trường khác","Rifle",2653,800,22,0,1,874,274,8,0,0,222,151,8,0,0,119,36,1,0,0,22,22,1,0,0,23,25,4,0,0,23,11,0,0,0,6
"10105012006","AN94-Phoenix","Purple","Súng trường khác","Rifle",2626,0,0,0,0,0,0,0,0,0,0,0,0,0,0,0,0,0,0,0,0,0,0,0,0,0,12,0,0,0,66,522,2,0,0,2024
"10102230001","M4A1-Horus","Purple","M4A1","Rifle",2621,0,0,0,0,0,0,0,0,0,0,0,0,0,0,0,26,1,0,0,92,154,4,0,0,1115,77,3,0,0,1128,4,0,0,0,17
"10201033001","AWM-Infernal Dragon-Noble Gold","Red","AWM","Sniper",2612,0,0,0,0,0,0,0,0,0,0,0,0,0,0,0,0,0,0,0,0,0,0,0,0,0,37,55,4,0,1,1150,1144,130,58,33
"10703004006","B.C Axe-Jasmine","Purple","Cận chiến","Melee",2598,41,0,0,0,355,48,1,0,0,440,47,3,0,0,331,49,1,0,0,260,64,6,0,0,176,73,0,0,0,492,7,0,0,0,204
"10602030001","Desert Eagle-Iron Beast","Gold V","Súng lục","Secondary",2597,591,24,0,0,447,305,14,0,1,185,204,5,1,0,127,140,4,0,0,100,108,6,0,1,95,62,6,0,0,85,41,6,0,0,39
"10630002006","Dual Colt-Iron Shark-Summer Breeze","C","Súng lục","Secondary",2591,0,0,0,0,0,0,0,0,0,0,0,0,0,0,0,0,0,0,0,0,0,0,0,0,0,351,72,2,1,35,1625,130,8,0,367
"10102116001","M4A1-Rush","Gold VVIP","M4A1","Rifle",2581,0,0,0,0,0,0,0,0,0,0,907,273,16,3,23,420,141,5,2,9,379,85,13,0,8,131,40,1,1,2,92,28,1,0,1
"10703024006","B.C Axe-Beast-Noble Gold-Champion Miracle","A","Cận chiến","Melee",2563,0,0,0,0,0,0,0,0,0,0,0,0,0,0,0,4,142,115,40,0,153,802,453,63,1,25,437,183,19,0,9,67,49,1,0
"10104018001","SCAR-Electric Organ","Orange","Súng trường khác","Rifle",2563,0,0,0,0,0,0,0,0,0,0,0,0,0,0,0,375,49,2,1,21,1158,95,2,0,125,539,28,1,0,69,78,8,0,0,12
"10320007001","MG36-Dark Knight-Alpha","Gold V","SMG","Machine Gun",2557,0,0,0,0,0,0,0,0,0,0,0,0,0,0,0,572,39,1,0,818,301,16,0,1,294,245,16,1,0,159,55,4,0,0,35
"10318003001","Lewis Gun-Angel","Gold V","SMG","Machine Gun",2544,10,0,0,0,0,27,4,0,0,12,351,14,1,0,606,415,17,3,0,502,208,6,1,0,124,107,15,2,0,67,35,2,1,0,14
"10602006006","Desert Eagle-Chaos Dragon","Purple","Súng lục","Secondary",2536,336,61,0,1,73,595,40,2,0,161,202,10,0,1,45,177,3,0,0,33,400,16,0,0,104,127,7,0,0,37,63,0,0,0,42
"10603003001","M1896-Noble Dragon","Orange","Súng lục","Secondary",2438,351,9,0,0,253,276,15,0,0,148,244,16,0,0,101,225,8,0,0,78,251,9,2,0,103,149,9,0,0,70,83,4,1,0,33
"10102069001","M4A1-Earl","Orange","M4A1","Rifle",2416,114,5,0,0,333,193,8,0,0,454,134,9,0,0,285,94,12,0,0,103,82,6,0,0,222,54,4,0,0,227,24,1,0,0,52
"10103016001","QBZ95-Armoured Beast","Gold VVIP","Súng trường khác","Rifle",2358,910,58,2,2,1189,6,5,0,0,2,3,5,0,1,0,46,38,2,0,1,54,16,1,0,1,7,3,1,0,1,1,3,0,0,0
"10101036001","AK47-SSS","Orange","AK47","Rifle",2340,306,7,4,0,227,258,15,0,0,171,326,13,1,0,141,201,5,1,0,126,136,10,0,0,107,106,8,1,0,110,28,2,0,0,30
"10101010001","AK47-Blue Pottery","Purple","AK47","Rifle",2324,0,0,0,0,0,0,0,0,0,0,0,0,0,0,0,793,28,0,0,682,229,10,0,0,348,80,7,0,0,98,27,9,0,0,13
"10202055001","Barrett M82A1-Iron Shark-Summer Breeze","C","Barrett","Sniper",2320,0,0,0,0,0,0,0,0,0,0,0,0,0,0,0,0,0,0,0,0,0,0,0,0,0,318,54,1,1,65,1305,137,3,0,436
"10123006001","HK416-Monkey King-Alpha","Orange","Súng trường khác","Rifle",2306,0,0,0,0,0,0,0,0,0,0,0,0,0,0,0,60,3,0,0,11,711,21,0,1,679,246,13,0,0,495,32,3,0,0,31
"10105007001","AN94-Royal Dragon","Purple","Súng trường khác","Rifle",2268,0,0,0,0,0,240,4,0,0,837,22,1,0,0,185,7,0,0,0,19,130,5,0,0,324,117,2,1,0,320,18,0,0,0,36
"10607008001","Anaconda-Born Beast-Beta","Silver V","Súng lục","Secondary",2236,425,10,0,0,842,129,4,0,0,238,89,0,0,0,116,52,1,0,0,75,46,1,0,0,71,33,2,0,0,68,16,0,0,0,18
"10101026001","AK47-Peony","Purple","AK47","Rifle",2214,235,7,0,0,198,326,27,0,0,194,287,16,0,0,181,139,4,0,0,101,93,3,0,0,127,65,1,0,0,163,17,1,0,0,29
"10601008001","USP-Fury Beast","Gold VVIP","Súng lục","Secondary",2186,583,111,4,0,185,271,54,7,5,42,232,53,4,1,23,116,38,1,0,7,124,35,1,1,12,133,40,2,1,10,75,14,1,0,0
"10102108001","M4A1-Tournament Spirit","Gold VVIP","M4A1","Rifle",2181,382,47,2,0,169,700,67,6,2,454,171,47,0,0,54,28,7,1,0,2,16,6,0,0,1,9,5,0,0,0,2,3,0,0,0
"10614002001","COP 357-Eternal Dragon","Orange","Súng lục","Secondary",2167,0,0,0,0,0,0,0,0,0,0,0,0,0,0,0,29,13,1,0,0,662,164,4,2,32,702,113,3,0,19,346,57,0,1,19
"10602047006","Desert Eagle-Born Beast-Noble Gold-Champion Miracle","A","Súng lục","Secondary",2120,34,403,142,22,0,23,370,96,14,0,14,250,92,9,0,10,175,76,2,0,10,142,53,0,0,6,82,23,3,0,9,39,21,0,0
"10211014006","98K-Fantasy Punk","Orange","Bắn tỉa khác","Sniper",2120,0,0,0,0,0,0,0,0,0,0,0,0,0,0,0,0,0,0,0,0,0,0,0,0,0,0,0,0,0,0,1444,113,0,0,563
"10102198006","M4A1-Pro Max","Orange","M4A1","Rifle",2118,0,0,0,0,0,1529,71,14,0,0,271,26,1,0,0,80,5,1,0,0,49,8,0,0,0,37,1,0,0,0,22,1,2,0,0
"10413003001","P90-Rabbit-Alpha","Orange","SMG","SMG",2114,343,13,0,0,788,161,6,0,0,384,58,2,0,0,108,27,1,0,0,46,24,0,0,0,19,55,1,0,0,53,11,0,0,0,14
"10201028001","AWM-Jade","Purple","AWM","Sniper",2070,0,0,0,0,0,0,0,0,0,0,319,21,0,1,813,192,1,0,0,524,38,0,0,0,73,31,1,0,0,39,9,0,0,0,8
"10801036001","Worker Doll Grenade","Purple","Đặc biệt","Utility",2057,0,0,0,0,0,0,0,0,0,0,0,0,0,0,0,10,0,0,0,13,721,18,0,0,1295,0,0,0,0,0,0,0,0,0,0
"10703028006","B.C Axe-Tournament Spirit","Gold VVIP","Cận chiến","Melee",2043,19,21,2,0,0,220,105,84,2,0,242,96,18,0,1,204,87,23,0,0,422,119,9,0,2,269,46,10,0,6,27,7,2,0,0
"10209006001","QBU09-Armoured Beast","Gold VVIP","Bắn tỉa khác","Sniper",2032,886,30,1,2,1077,7,2,0,1,1,0,9,0,0,1,1,2,0,0,0,1,1,0,0,1,3,3,0,0,0,3,0,0,0,0
"10214001001","FRF2-Chill","Purple","Bắn tỉa khác","Sniper",2020,368,23,0,0,560,193,11,2,1,188,130,14,0,0,137,71,7,0,0,78,46,1,0,0,74,21,1,0,0,66,9,0,0,0,19
"10112001001","M14EBR-Royal Fire","Purple","Súng trường khác","Rifle",1998,181,3,1,0,446,100,1,0,0,259,77,5,0,0,185,33,0,0,0,104,39,1,0,0,171,37,1,0,0,298,4,0,0,0,52
"10102255001","M4A1-Summer-Alpha","Gold V","M4A1","Rifle",1997,0,0,0,0,0,0,0,0,0,0,0,0,0,0,0,498,57,1,0,14,1026,71,1,0,39,189,10,0,0,4,77,5,0,1,4
"10703010006","B.C Axe-Fire Hawk","Purple","Cận chiến","Melee",1983,78,0,0,0,119,67,1,0,0,157,68,5,0,0,204,117,1,0,0,187,213,7,0,0,321,127,1,0,0,226,13,0,0,0,71
"10704012006","Kukri-Beast-Noble Gold","Red","Cận chiến","Melee",1977,136,216,17,7,0,200,196,20,20,0,101,120,11,15,0,76,120,20,7,0,84,276,80,9,0,61,72,25,20,0,14,31,16,7,0
"10131002001","CR-21-Flame","Purple","Súng trường khác","Rifle",1960,384,13,0,0,659,168,9,0,0,199,124,12,0,0,70,68,5,1,0,52,65,7,0,0,30,41,6,0,0,21,14,5,0,0,7
"10105029001","AN94-Seafill","Gold VVIP","Súng trường khác","Rifle",1956,0,0,0,0,0,0,0,0,0,0,0,0,0,0,0,0,0,0,0,0,594,282,5,3,25,433,260,7,3,17,166,117,33,5,6
"10505008001","AA12-Iron Beast","Gold V","Shotgun","Shotgun",1947,37,5,2,0,11,227,32,3,0,61,168,11,1,0,28,104,8,0,0,27,289,74,5,0,37,393,123,6,1,59,184,29,2,0,20
"10101176001","AK47-Chroma","Purple","AK47","Rifle",1928,0,0,0,0,0,0,0,0,0,0,0,0,0,0,0,63,4,0,0,19,446,30,2,0,516,205,17,1,0,533,26,1,0,0,65
"10134001001","Zero-Gold","Orange","Súng trường khác","Rifle",1859,0,0,0,0,0,0,0,0,0,0,0,0,0,0,0,332,22,0,0,130,527,30,2,0,405,124,4,0,0,227,10,0,0,0,46
"10607045006","Anaconda-T-Rex","Gold VVIP","Súng lục","Secondary",1806,0,0,0,0,0,0,0,0,0,0,0,0,0,0,0,0,0,0,0,0,479,738,116,7,0,138,207,22,2,0,25,63,9,0,0
"10225005001","GM6-Mechanical Era","Gold VVIP","Bắn tỉa khác","Sniper",1776,883,98,7,1,619,37,19,2,0,1,33,16,0,0,0,14,13,2,1,1,3,4,0,0,0,5,7,2,0,0,5,2,1,0,0
"10515002001","KSG-Royal Dragon","Purple","Shotgun","Shotgun",1774,0,0,0,0,0,0,0,0,0,0,0,0,0,0,0,15,0,0,0,12,312,16,1,0,396,339,10,0,0,499,78,2,0,0,94
"10101136001","AK47-Chameleon","Gold VVIP","AK47","Rifle",1771,0,0,0,0,0,0,0,0,0,0,0,0,0,0,0,987,184,17,1,335,97,35,2,0,7,62,16,2,0,5,16,4,0,0,1
"10602031001","Desert Eagle-Blue Crystal","Purple","Súng lục","Secondary",1767,46,1,0,0,678,31,0,0,0,391,18,0,0,0,240,11,1,0,0,215,6,0,0,0,51,3,1,0,0,55,2,0,0,0,17
"10503003001","Armsel Striker-Oriental Phoenix-Gold","Orange","Shotgun","Shotgun",1762,905,79,4,1,21,398,22,1,0,17,96,4,2,0,2,74,4,0,0,4,52,5,0,0,1,51,1,0,0,3,13,0,1,0,1
"10101183001","AK47-Pro Max","Orange","AK47","Rifle",1757,0,0,0,0,0,997,81,8,0,93,247,19,0,0,20,66,3,0,0,2,67,7,1,1,6,71,13,1,0,6,40,6,0,0,2
"10105006001","AN94-Arnuvo","Purple","Súng trường khác","Rifle",1728,543,17,1,0,547,123,5,1,0,136,59,5,0,0,57,38,1,0,0,29,46,1,0,0,38,28,0,0,0,24,9,0,0,0,20
"10110010001","M14EBR-Alloy","Purple","Súng trường khác","Rifle",1710,0,0,0,0,0,0,0,0,0,0,151,1,0,0,852,54,2,0,0,448,21,0,0,0,100,6,0,0,0,60,3,0,0,0,12
"10601001001","USP","Whtie","Súng lục","Secondary",1703,125,7,2,0,425,59,4,0,0,239,46,6,0,0,177,45,6,1,0,146,16,1,0,0,138,43,5,1,0,170,1,1,0,0,39
"10702049006","Butterfly Knife-Iron Shark-Summer Breeze","C","Cận chiến","Melee",1702,0,0,0,0,0,0,0,0,0,0,0,0,0,0,0,0,0,0,0,0,0,0,0,0,0,176,16,0,0,41,934,40,2,0,493
"10307005001","KAC-Camo Skull","Purple","SMG","Machine Gun",1691,124,6,0,0,122,409,13,0,0,574,98,7,0,0,97,47,1,0,0,43,22,2,0,0,28,28,5,0,0,40,11,3,0,0,11
"10139004001","G36-Tournament Spirit","Gold VVIP","Súng trường khác","Rifle",1690,305,39,2,1,98,589,66,6,0,366,118,19,0,0,38,5,13,0,0,0,10,7,0,0,0,4,4,0,0,0,0,0,0,0,0
"10801112001","Grenade-Born Beast-Continue","Limited","Đặc biệt","Utility",1673,0,0,0,0,0,220,133,30,6,0,215,219,42,15,0,91,127,45,9,0,62,110,23,9,0,50,89,36,4,0,41,70,24,3,0
"10102121001","M4A1-S-Chameleon","Gold VVIP","M4A1","Rifle",1644,334,23,2,1,78,4,0,0,0,0,0,0,0,0,0,665,118,6,1,123,160,29,1,0,4,59,10,2,0,4,12,5,0,0,3
"10603009001","Mauser M1896-Royal Dragon","Purple","Súng lục","Secondary",1623,324,13,0,0,286,288,10,0,0,201,123,8,0,0,79,44,0,0,0,50,38,0,0,0,52,32,4,0,0,43,14,1,0,0,13
"10102115001","M4A1-Predator-Noble Gold","Red","M4A1","Rifle",1605,0,0,0,0,0,0,0,0,0,0,0,0,0,0,0,162,56,10,1,36,540,162,20,7,318,65,53,12,20,71,21,38,5,5,3
"10502010001","Jack Hammer-Confession","Orange","Shotgun","Shotgun",1590,0,0,0,0,0,757,28,4,0,504,74,3,0,1,51,23,3,0,0,22,40,2,0,0,21,26,1,0,0,18,5,1,0,0,6
"10628003001","MK23-Mechanical Era","Gold VVIP","Súng lục","Secondary",1578,356,68,5,2,98,104,74,2,0,5,172,74,2,0,5,103,37,1,0,6,124,39,6,0,6,132,74,3,0,6,46,23,3,1,1
"10102066001","M4A1-XS-Eternal Dragon","Orange","M4A1","Rifle",1544,0,0,0,0,0,0,0,0,0,0,366,18,0,0,349,248,12,0,0,367,70,2,0,0,55,28,2,0,0,17,6,0,0,0,4
"10607006006","Anaconda-Born Beast","Gold V","Súng lục","Secondary",1526,0,0,0,0,0,240,132,12,0,0,154,148,5,0,0,48,80,0,0,0,57,56,0,0,0,31,43,0,0,0,314,61,1,0,144
"10304008001","M249-Royal Gold","Purple","SMG","Machine Gun",1521,55,2,0,0,183,80,2,0,0,400,68,3,0,0,364,13,0,0,0,91,17,0,0,0,94,19,0,0,0,98,7,0,0,0,25
"10408008001","QCW05-Yumo","Orange","SMG","SMG",1516,0,0,0,0,0,0,0,0,0,0,0,0,0,0,0,0,0,0,0,0,13,1,0,0,6,620,24,2,0,833,9,1,0,0,7
"10801203001","Grenade-Beast-Ragnarok","B","Đặc biệt","Utility",1512,182,175,25,8,0,150,119,27,7,0,128,115,25,12,0,53,95,23,2,0,68,97,12,1,0,24,71,11,2,0,33,37,8,2,0
"10101047001","AK47-Fire Hawk","Purple","AK47","Rifle",1508,136,5,1,2,180,177,6,2,0,164,175,5,3,0,156,69,3,0,0,94,44,3,1,0,84,32,0,0,0,121,10,5,0,0,30
"10102092001","M4A1-XS-Jade","Purple","M4A1","Rifle",1506,24,2,0,0,12,11,1,0,0,2,183,3,0,0,804,55,0,0,0,353,8,0,0,0,21,5,0,0,0,9,5,2,0,0,6
"10107006001","AUG-RED","Purple","Súng trường khác","Rifle",1498,0,0,0,0,0,202,8,0,0,811,16,3,0,0,60,10,0,0,0,36,36,2,0,1,133,31,4,0,0,133,3,0,0,0,9
"10303005001","MG3-Legend Dragon","Purple","SMG","Machine Gun",1472,359,11,0,1,512,137,8,0,0,136,50,1,0,0,60,43,2,0,0,23,27,1,0,0,30,16,4,0,0,32,8,0,0,0,11
"10704076006","Kukri-Dragon-Legend","Limited","Cận chiến","Melee",1456,0,0,0,0,0,0,0,0,0,0,0,0,0,0,0,0,0,0,0,0,0,0,0,0,0,145,66,4,0,5,820,360,14,1,41
"10102154001","M4A1-Iron Beast-Heroic Battlegear","C","M4A1","Rifle",1455,0,0,0,0,0,0,0,0,0,0,0,0,0,0,0,0,0,0,0,0,1,0,2,0,0,89,138,2,0,2,937,243,8,0,33
"10602069006","Desert Eagle-Comic","Purple","Súng lục","Secondary",1421,0,0,0,0,0,801,87,1,0,0,308,25,1,0,0,102,12,0,0,0,50,0,0,0,0,16,2,0,0,0,16,0,0,0,0
"10617009001","Dual Double Barrel-Crystal","Purple","Súng lục","Secondary",1418,0,0,0,0,0,0,0,0,0,0,0,0,0,0,0,19,0,0,0,2,383,37,0,0,109,438,36,0,0,139,196,14,0,0,45
"10102071001","M4A1-Anubis","Gold VVIP","M4A1","Rifle",1407,93,45,1,1,7,81,48,0,0,4,226,114,9,3,5,160,109,4,1,2,133,68,3,0,5,121,52,1,0,4,67,34,4,1,1
"10405008001","Steyr TMP-Eternal Dragon","Orange","SMG","SMG",1407,0,0,0,0,0,0,0,0,0,0,221,9,0,0,303,132,6,0,0,286,65,2,0,0,103,123,9,0,0,137,2,0,0,0,9
"10617004001","Dual Double Barrel-Born Beast","Gold V","Súng lục","Secondary",1404,210,20,0,0,9,127,11,0,0,9,17,2,0,0,1,398,105,7,0,105,116,74,3,0,8,77,33,1,0,1,39,31,0,0,0
"10101111001","AK47-Born Beast-Noble Gold","Red","AK47","Rifle",1381,910,92,4,1,353,0,0,0,0,0,16,2,0,2,1,0,0,0,0,0,0,0,0,0,0,0,0,0,0,0,0,0,0,0,0
"10633002001","MAC-10-Pterosaur","Gold VVIP","Súng lục","Secondary",1361,200,12,0,0,74,249,19,0,1,143,151,3,0,0,48,214,7,0,0,97,51,3,0,1,23,22,2,0,0,22,12,1,0,0,6
"10801153001","Grenade-Beast-Frost","C","Đặc biệt","Utility",1321,0,0,0,0,0,0,0,0,0,0,0,0,0,0,0,2,1,1,0,0,228,390,46,14,0,100,244,32,12,0,64,156,21,10,0
"10617013001","Dual Double Barrel-Born Beast-Ragnarok","B","Súng lục","Secondary",1320,0,0,0,0,0,0,0,0,0,0,0,0,0,0,0,764,140,22,1,205,62,19,8,0,2,31,15,6,0,3,27,10,4,0,1
"10502005001","Jack Hammer-Capricorn","Purple","Shotgun","Shotgun",1317,339,14,0,0,485,136,3,0,0,195,24,0,0,0,34,7,0,0,0,18,11,1,0,0,14,8,0,0,0,18,2,0,0,0,8
"10102038001","M4A1-Gilt","Orange","M4A1","Rifle",1311,89,2,0,1,360,63,2,0,0,173,60,0,0,0,174,26,1,0,0,63,35,1,0,0,90,22,0,0,0,112,8,0,0,0,29
"10102003006","M4A1-SS","Purple","M4A1","Rifle",1290,109,8,0,0,146,88,1,0,0,63,92,1,0,0,61,73,2,0,0,65,82,2,0,0,154,46,1,0,0,191,26,0,0,0,79
"10201052001","AWM-Ultimate Silversmith","Purple","AWM","Sniper",1276,0,0,0,0,0,0,0,0,0,0,0,0,0,0,0,3,0,0,0,5,149,2,0,0,645,90,4,0,0,337,12,0,0,0,29
"10801101001","Molotov-Ranger","Gold VVIP","Đặc biệt","Utility",1240,128,30,5,0,6,185,115,13,1,14,93,79,2,0,6,55,46,1,2,2,108,44,6,0,1,97,98,2,1,1,44,54,0,0,1
"10403015001","MK5-Connotation Mystery","Orange","SMG","SMG",1220,338,7,0,0,174,261,2,0,0,222,46,1,0,0,38,13,0,0,0,6,23,0,0,0,11,41,3,0,0,30,2,0,0,0,2
"10701075001","Cận chiến (mã 075)","","Cận chiến","Melee",1214,0,0,0,0,0,0,0,0,0,0,0,0,0,0,0,0,0,0,0,0,329,37,0,0,0,710,35,0,0,0,98,5,0,0,0
"10503002001","Armsel Striker-Oriental Phoenix","Purple","Shotgun","Shotgun",1204,179,5,1,0,285,62,1,0,0,155,37,0,0,0,80,25,0,0,0,90,34,0,0,0,104,31,0,0,0,85,12,0,0,0,18
"10704035006","Kukri-Mini","Orange","Cận chiến","Melee",1169,0,0,0,0,0,729,28,5,0,0,176,4,0,0,0,81,1,0,0,0,93,1,0,0,0,41,1,1,0,0,7,0,0,0,1
"10515013001","KSG-Angel","Gold V","Shotgun","Shotgun",1167,0,0,0,0,0,0,0,0,0,0,0,0,0,0,0,1,2,0,0,0,0,0,0,0,0,48,5,0,0,42,536,24,0,0,509
"10602107006","Desert Eagle-Born Beast-Master","Limited","Súng lục","Secondary",1165,0,0,0,0,0,0,0,0,0,0,0,0,0,0,0,212,56,1,0,0,487,154,1,0,1,111,28,0,0,0,71,43,0,0,0
"10102042001","M4A1-SSS","Orange","M4A1","Rifle",1158,133,17,0,0,147,133,7,0,0,87,160,12,2,0,70,92,3,0,0,48,67,2,0,0,58,48,7,0,0,33,13,0,0,0,19
"10799011001","Cận chiến (mã 011)","","Cận chiến","Melee",1157,0,0,0,0,0,0,0,0,0,0,309,52,2,0,0,513,18,0,0,0,182,8,0,0,0,60,1,0,0,0,12,0,0,0,0
"10705026006","Gloves-Blaze","Purple","Cận chiến","Melee",1151,0,0,0,0,0,0,0,0,0,0,0,0,0,0,0,0,0,0,0,0,0,0,0,0,0,0,0,0,0,0,359,5,1,0,786
"10101096001","AK47-Rose","Purple","AK47","Rifle",1148,0,0,0,0,0,368,26,2,0,752,0,0,0,0,0,0,0,0,0,0,0,0,0,0,0,0,0,0,0,0,0,0,0,0,0
"10101095001","AK47-Multiflora-Gold","Orange","AK47","Rifle",1148,0,0,0,0,0,0,0,0,0,0,0,0,0,0,0,0,0,0,0,0,419,57,1,0,15,461,39,1,0,18,123,9,1,0,4
"10414008001","CZS2-Blood Moon","Gold V","SMG","SMG",1145,414,14,0,0,684,7,1,0,0,24,0,0,0,0,0,0,0,0,0,0,0,0,0,0,0,0,1,0,0,0,0,0,0,0,0
"10607014006","Anaconda-Born Beast-Continue","B","Súng lục","Secondary",1143,0,0,0,0,0,358,184,38,8,0,116,106,17,2,0,34,74,2,0,0,16,62,9,0,0,18,35,7,1,0,17,29,10,0,0
"10101115001","AK47-Red Crystal","Purple","AK47","Rifle",1140,0,0,0,0,0,0,0,0,0,0,0,0,0,0,0,17,0,3,0,14,179,8,0,0,326,198,11,0,0,334,15,1,0,0,34
"10102132001","M4A1-Iron Beast-Laura","Gold VVIP","M4A1","Rifle",1132,0,0,0,0,0,0,0,0,0,0,0,0,0,0,0,0,0,0,0,0,255,135,16,1,28,376,164,3,2,65,64,19,1,0,3
"10102134001","M4A1-Red & White Machine","Purple","M4A1","Rifle",1109,0,0,0,0,0,0,0,0,0,0,149,18,0,0,98,235,8,0,0,427,45,3,0,0,52,25,3,0,0,37,6,0,0,0,3
"10506003001","M37-Royal Gold","Purple","Shotgun","Shotgun",1103,117,5,0,0,149,86,1,0,0,219,60,1,0,0,186,36,1,0,0,36,30,0,0,0,65,26,2,0,0,55,9,1,0,0,18
"10602008001","Desert Eagle-A","Blue","Súng lục","Secondary",1095,0,0,0,0,0,0,0,0,0,0,0,0,0,0,0,1,0,0,0,23,6,0,0,0,461,3,1,0,0,521,1,1,0,0,77
"10502002001","Jack Hammer-Gold","Orange","Shotgun","Shotgun",1087,144,2,0,0,230,54,0,0,0,129,11,0,0,0,80,11,0,0,0,88,42,2,0,0,106,22,0,0,0,144,5,0,0,0,17
"10404004001","Thompson-Gilt","Orange","SMG","SMG",1077,122,0,0,0,443,42,0,0,0,126,27,0,0,0,77,6,0,0,0,45,3,0,0,0,66,10,1,0,0,84,2,0,0,0,23
"10120013001","QBZ03-Volcano","Purple","Súng trường khác","Rifle",1076,0,0,0,0,0,0,0,0,0,0,0,0,0,0,0,17,2,0,0,20,228,16,0,0,302,155,12,0,0,282,16,1,0,0,25
"10214003001","FRF2-Horus","Purple","Bắn tỉa khác","Sniper",1074,0,0,0,0,0,0,0,0,0,0,0,0,0,0,0,14,1,0,0,25,109,5,0,0,358,85,4,0,0,451,8,0,0,0,14
"10113001001","M16","Green","Súng trường khác","Rifle",1037,138,5,4,0,119,210,18,0,0,104,109,11,0,0,47,54,4,0,0,35,55,1,0,0,34,39,2,0,0,27,12,0,0,0,9
"10405005001","Dual Steyr TMP-Royal Dragon","Purple","SMG","SMG",1035,0,0,0,0,0,252,5,0,0,680,17,0,0,0,81,0,0,0,0,0,0,0,0,0,0,0,0,0,0,0,0,0,0,0,0
"10102103006","M4A1-S-Gold Phoenix","Purple","M4A1","Rifle",1018,0,0,0,0,0,0,0,0,0,0,0,0,0,0,0,0,0,0,0,0,0,0,0,0,0,0,0,0,0,0,501,41,0,0,476
"10607036001","Anaconda-Gold Black Dragon","Purple","Súng lục","Secondary",1017,166,3,0,0,230,44,2,0,0,154,48,2,0,0,116,18,1,0,0,74,17,4,0,0,60,8,0,0,0,51,2,0,0,0,17
"10705016006","Bladed Knuckles-Infernal Dragon-Noble Gold","Red","Cận chiến","Melee",1013,0,0,0,0,0,237,47,0,0,0,124,46,0,0,0,106,56,0,2,0,195,66,0,7,0,68,19,0,1,0,25,13,0,1,0
"10402004001","Dual UZI-Gold","Orange","SMG","SMG",1013,0,0,0,0,0,0,0,0,0,0,227,7,0,0,256,91,2,0,0,141,43,0,0,0,61,77,9,0,0,81,6,1,0,0,11
"10609010001","Modified Glock-Beast","Gold V","Súng lục","Secondary",1012,340,13,0,0,86,126,3,0,0,36,121,6,0,0,38,54,3,0,0,30,53,3,0,0,16,41,2,0,0,16,15,0,0,0,10
"10212003001","MR1-White Dragon Horse","Orange","Bắn tỉa khác","Sniper",1009,0,0,0,0,0,0,0,0,0,0,0,0,0,0,0,0,0,0,0,0,0,0,0,0,0,13,2,0,0,4,359,11,0,0,620
"10104001001","SCAR","Green","Súng trường khác","Rifle",998,80,5,0,0,250,29,2,0,0,146,17,2,0,0,86,37,4,0,0,82,17,0,0,0,67,15,0,0,0,125,9,0,0,0,25
"10202031001","Barrett M82A1-Jewelry","Gold V","Barrett","Sniper",996,0,0,0,0,0,0,0,0,0,0,0,0,0,0,0,0,0,0,0,0,267,90,1,1,10,367,86,1,0,25,109,25,0,0,14
"10133001001","NAR-Gold","Orange","Súng trường khác","Rifle",996,0,0,0,0,0,0,0,0,0,0,0,0,0,0,0,0,0,0,0,0,0,0,0,0,0,22,2,0,0,8,459,51,2,0,452
"10603005001","Mauser M1896-Sakura","Purple","Súng lục","Secondary",981,250,10,0,0,166,107,2,0,0,66,81,10,0,0,42,49,1,0,0,29,43,2,1,0,42,29,1,0,0,19,16,1,0,0,14
"10102079001","M4A1-Gun Girl","Gold V","M4A1","Rifle",975,0,0,0,0,0,0,0,0,0,0,0,0,0,0,0,0,0,0,0,0,0,0,0,0,0,460,117,5,0,186,112,21,1,0,73
"10209008006","QBU09-El Dorado-Noble Gold","Red","Bắn tỉa khác","Sniper",962,0,0,0,0,0,277,21,0,0,0,111,68,0,0,0,66,105,0,0,0,187,19,0,0,0,48,3,0,0,0,50,7,0,0,0
"10318002001","Lewis Gun-Blood Moon","Gold V","SMG","Machine Gun",957,349,5,0,0,577,7,0,0,0,19,0,0,0,0,0,0,0,0,0,0,0,0,0,0,0,0,0,0,0,0,0,0,0,0,0
"10102130001","M4A1-Predator-Prime","C","M4A1","Rifle",947,0,0,0,0,0,0,0,0,0,0,0,0,0,0,0,0,0,0,0,0,0,0,0,0,0,43,15,2,0,4,646,116,9,1,111
"10519002001","M1216-Blood Moon","Gold V","Shotgun","Shotgun",922,336,5,0,0,527,8,0,0,0,12,0,0,0,0,0,0,0,0,0,0,12,0,0,0,6,5,0,0,0,5,2,0,0,0,4
"10413006001","P90-Dilophosaurus","Gold VVIP","SMG","SMG",920,0,0,0,0,0,0,0,0,0,0,0,0,0,0,0,0,0,0,0,0,0,0,0,0,0,0,0,0,0,0,516,91,3,0,310
"10405019001","Steyr TMP-Death Eye","Silver V","SMG","SMG",917,0,0,0,0,0,0,0,0,0,0,0,0,0,0,0,104,6,0,0,51,255,5,0,0,202,164,4,0,0,100,9,0,0,0,17
"10102017001","M4A1-Ultimate Silver","Blue","M4A1","Rifle",913,43,0,0,0,33,21,3,0,0,25,18,0,0,0,17,8,0,0,0,5,53,0,0,0,365,32,0,0,0,280,2,0,0,0,8
"10303001001","MG3","Green","SMG","Machine Gun",912,16,1,0,0,113,22,1,0,0,73,6,1,0,0,43,20,0,0,0,68,10,0,0,0,193,14,1,0,0,274,2,0,0,0,54
"10138002001","QBZ19-Angel","Gold V","Súng trường khác","Rifle",912,0,0,0,0,0,0,0,0,0,0,0,0,0,0,0,2,0,1,0,0,4,1,0,0,0,93,7,0,0,43,271,8,0,0,482
"10602090006","Desert Eagle-Pro Max","Orange","Súng lục","Secondary",912,0,0,0,0,0,619,33,0,0,0,136,10,0,0,0,42,2,0,0,0,42,1,0,0,0,16,5,0,0,0,6,0,0,0,0
"10110011001","M14EBR-Gold","Orange","Súng trường khác","Rifle",911,0,0,0,0,0,0,0,0,0,0,0,0,0,0,0,11,2,0,0,13,119,7,1,0,259,137,6,1,0,301,13,1,0,0,40
"10738003006","Jungle Knife-Predator-Prime","C","Cận chiến","Melee",894,0,0,0,0,0,0,0,0,0,0,0,0,0,0,0,0,0,0,0,0,0,0,0,0,0,30,14,8,4,0,608,202,26,2,0
"10114007001","AK12-Royal Gold","Purple","Súng trường khác","Rifle",874,131,3,0,0,174,70,2,0,0,86,50,3,0,0,83,28,0,0,0,33,29,2,0,0,67,29,0,0,0,64,5,1,0,0,14
"10801204001","Grenade-Born Beast-A-Ragnarok","B","Đặc biệt","Utility",869,0,0,0,0,0,0,0,0,0,0,0,0,0,0,0,159,88,21,12,3,142,109,16,8,8,69,80,14,4,10,50,50,11,5,10
"10201004001","AWM-A-Gold","Orange","AWM","Sniper",866,0,0,0,0,0,0,0,0,0,0,0,0,0,0,0,0,0,0,0,0,0,0,0,0,0,216,15,1,0,279,83,3,0,1,268
"10606009006","Pháo Rồng Sữa","Gold V","Súng lục","Secondary",863,0,0,0,0,0,0,0,0,0,0,0,0,0,0,0,0,0,0,0,0,514,66,0,0,110,106,2,0,0,23,17,0,0,0,25
"10101133001","AK47-Iron Beast-Subject Alpha","Gold VVIP","AK47","Rifle",849,0,0,0,0,0,0,0,0,0,0,0,0,0,0,0,0,0,0,0,0,249,87,8,0,47,247,74,5,1,90,23,13,2,0,3
"10405014001","Dual Steyr TMP-Angel-Blood","B","SMG","SMG",849,0,0,0,0,0,173,89,6,1,12,170,75,1,1,9,69,39,1,0,1,67,35,3,0,4,35,28,2,0,6,14,6,0,2,0
"10801181001","Grenade-Fireworks","Purple","Đặc biệt","Utility",847,0,0,0,0,0,351,4,0,0,120,174,6,5,0,138,20,0,2,0,14,8,0,0,0,0,4,0,0,0,0,1,0,0,0,0
"10801132001","Molotov-Ranger-Frost","C","Đặc biệt","Utility",819,27,32,2,0,0,51,116,15,3,0,42,58,6,3,0,22,61,7,2,0,21,39,4,1,0,52,121,12,1,0,32,69,18,2,0
"10104006001","SCAR-Falling Snow","Purple","Súng trường khác","Rifle",819,216,13,0,0,161,85,2,0,0,33,54,3,0,0,22,37,8,0,0,26,38,2,0,0,22,36,3,0,0,36,11,0,0,0,11
"10506002001","M37-Fireworks","Purple","Shotgun","Shotgun",816,0,0,0,0,0,320,13,2,0,422,18,0,0,0,41,0,0,0,0,0,0,0,0,0,0,0,0,0,0,0,0,0,0,0,0
"10201036001","AWM-Infernal Dragon-Devil","C","AWM","Sniper",815,0,0,0,0,0,0,0,0,0,0,0,0,0,0,0,235,173,10,1,6,79,70,13,0,0,62,46,11,1,1,58,45,2,1,1
"10506001001","M37-Thug","Purple","Shotgun","Shotgun",801,193,4,2,0,143,73,5,0,0,61,17,1,0,0,26,31,1,0,0,32,38,1,0,0,22,66,3,0,0,46,18,2,0,0,16
"10702037006","Knife-Ice Cream","Purple","Cận chiến","Melee",776,0,0,0,0,0,0,0,0,0,0,0,0,0,0,0,0,0,0,0,0,0,0,0,0,0,0,0,0,0,0,252,6,0,0,518
"10521002001","M1216-T-Rex","Gold VVIP","Shotgun","Shotgun",752,0,0,0,0,0,0,0,0,0,0,0,0,0,0,0,0,0,0,0,0,271,112,6,2,240,56,14,4,0,32,12,3,0,0,0
"10201034001","AWM-Infernal Dragon-JON","Gold VVIP","AWM","Sniper",748,0,0,0,0,0,0,0,0,0,0,0,0,0,0,0,1,0,0,0,0,254,29,0,0,65,247,27,2,0,100,14,3,0,1,5
"10115002001","AR-15-SS","Purple","Súng trường khác","Rifle",740,0,0,0,0,0,0,0,0,0,0,0,0,0,0,0,3,0,0,0,14,19,0,0,0,251,22,1,0,0,362,2,2,0,0,64
"10305018001","Gatling Gun-Gold","Orange","SMG","Melee",730,216,9,0,0,439,36,3,0,0,16,3,0,0,0,3,3,0,0,0,0,0,0,0,0,1,1,0,0,0,0,0,0,0,0,0
"10701074001","Cận chiến (mã 074)","","Cận chiến","Melee",719,0,0,0,0,0,0,0,0,0,0,0,0,0,0,0,0,0,0,0,0,135,18,1,0,0,438,25,0,0,0,101,1,0,0,0
"10403002001","MK5-Royal Fire","Purple","SMG","SMG",716,108,1,0,0,450,19,0,0,0,53,15,0,0,0,12,5,0,0,0,11,9,0,0,0,11,7,0,0,0,11,2,0,0,0,2
"10608008001","Súng lục (mã 008)","","Súng lục","Secondary",714,0,0,0,0,0,0,0,0,0,0,377,27,1,0,63,107,2,0,0,22,36,5,0,0,12,35,4,0,1,2,18,0,0,0,2
"10211004001","98K","Purple","Bắn tỉa khác","Sniper",702,0,0,0,0,0,0,0,0,0,0,0,0,0,0,0,9,1,0,0,23,55,9,0,0,203,49,2,0,0,276,13,0,0,0,62
"10602042001","Desert Eagle-Immortal Dragon","Purple","Súng lục","Secondary",679,79,4,0,0,374,38,2,0,0,64,16,0,0,0,27,6,0,0,0,15,7,2,0,0,24,5,0,0,0,14,0,0,0,0,2
"10703033006","B.C Axe-Iron Beast-Ragnarok","B","Cận chiến","Melee",676,264,142,26,2,0,9,37,5,1,0,4,38,11,0,2,6,35,0,0,0,10,60,2,0,0,4,10,1,0,0,0,7,0,0,0
"10109008001","9A91-Predator","Gold V","Súng trường khác","Rifle",675,19,1,0,0,2,111,8,0,0,51,66,6,0,0,18,35,0,1,0,11,43,2,1,0,18,39,2,0,0,6,153,3,0,0,79
"10602044006","Desert Eagle-Beast-Ragnarok","B","Súng lục","Secondary",670,250,128,8,1,0,55,65,11,0,0,12,43,4,0,0,9,35,4,0,0,3,21,0,0,0,1,13,0,0,0,4,3,0,0,0
"10208001001","Colt WA2000","Blue","Bắn tỉa khác","Sniper",660,0,0,0,0,0,0,0,0,0,0,0,0,0,0,0,10,0,1,0,15,46,2,0,0,218,31,1,0,0,241,9,1,0,0,85
"10303011006","MG3-Sunny","Orange","SMG","Machine Gun",657,441,9,0,0,195,12,0,0,0,0,0,0,0,0,0,0,0,0,0,0,0,0,0,0,0,0,0,0,0,0,0,0,0,0,0
"10211013001","98K-Volcano","Purple","Bắn tỉa khác","Sniper",652,0,0,0,0,0,0,0,0,0,0,0,0,0,0,0,10,0,0,0,10,161,11,0,0,129,149,14,0,0,138,14,0,0,0,16
"10102004001","M4A1-Royal Dragon","Purple","M4A1","Rifle",641,0,0,0,0,0,0,0,0,0,0,0,0,0,0,0,3,0,0,0,11,48,6,0,0,242,50,4,0,0,247,8,0,0,0,22
"10405003001","Steyr TMP-SS","Purple","SMG","SMG",634,52,1,0,0,82,32,1,0,0,56,14,0,0,0,76,12,0,0,1,30,18,1,0,0,79,41,1,0,0,112,3,0,0,0,22
"10118003001","QBZ03-Summer Limited","Purple","Súng trường khác","Rifle",632,0,0,0,0,0,0,0,0,0,0,0,0,0,0,0,0,0,0,0,0,0,0,0,0,0,13,0,0,0,4,268,20,0,0,327
"10110001001","M14EBR","Green","Súng trường khác","Rifle",630,46,1,0,0,209,22,6,0,0,89,18,0,0,0,34,21,0,0,0,55,9,0,0,0,41,18,1,2,0,48,2,0,0,0,8
"10101148001","AK47-Mini","Orange","AK47","Rifle",628,0,0,0,0,0,425,25,2,0,22,78,9,0,0,5,18,2,0,0,1,13,4,0,0,0,13,5,0,0,0,4,2,0,0,0
"10403012001","MK5-Iron Shark","Gold V","SMG","SMG",623,134,3,0,0,458,5,0,0,0,15,0,0,0,0,0,0,0,0,0,0,0,0,0,0,0,0,0,0,0,0,5,1,0,0,2
"10107001001","AUG","Green","Súng trường khác","Rifle",621,27,0,0,0,148,15,0,0,0,50,8,2,0,0,65,5,0,0,0,48,6,0,0,0,73,15,0,0,0,128,1,0,0,0,30
"10109015001","9A91-Chroma","Purple","Súng trường khác","Rifle",617,0,0,0,0,0,0,0,0,0,0,87,2,0,0,415,8,0,0,0,47,3,1,0,0,15,3,0,0,0,22,1,0,0,0,13
"10304001001","M249","Green","SMG","Machine Gun",615,14,0,0,0,155,7,0,0,0,93,8,1,0,0,80,8,0,0,0,57,2,1,0,0,46,5,0,0,0,118,0,0,0,0,20
"10106001001","XM8","Blue","Súng trường khác","Rifle",607,0,0,0,0,0,0,0,0,0,0,0,0,0,0,0,6,0,0,0,20,13,1,0,0,206,9,1,0,0,292,1,1,0,0,57
"10402002001","UZI-Virgo","Purple","SMG","SMG",603,187,3,0,0,259,59,1,1,0,29,15,1,0,0,17,1,0,0,1,4,0,0,0,0,7,11,0,0,0,5,2,0,0,0,0
"10703049006","B.C Axe-Autumn-Alpha","Gold VVIP","Cận chiến","Melee",596,0,0,0,0,0,0,0,0,0,0,0,0,0,0,0,0,0,0,0,0,0,0,0,0,0,168,3,0,0,0,413,12,0,0,0
"10602026001","Desert Eagle-Born Beast-Noble Gold","Red","Súng lục","Secondary",593,254,11,1,0,240,38,4,0,0,38,2,3,0,0,0,1,0,0,0,0,0,0,0,0,0,0,0,0,0,0,1,0,0,0,0
"10602077001","Desert Eagle-Ranger-Frost","C","Súng lục","Secondary",590,92,14,1,0,30,78,12,1,0,21,67,12,0,0,16,47,13,0,0,6,35,6,0,0,12,47,6,0,0,18,43,7,0,0,6
"10602064001","Dual Desert Eagle-Drake","Gold V","Súng lục","Secondary",589,0,0,0,0,0,0,0,0,0,0,129,5,0,0,56,67,3,0,0,59,66,3,0,0,58,52,1,0,0,44,25,0,0,0,21
"10104002001","SCAR-Ultimate Silver","Blue","Súng trường khác","Rifle",586,73,2,0,0,137,35,1,0,0,88,13,2,0,0,58,17,0,0,0,36,7,0,0,0,19,12,0,0,0,70,2,0,0,0,14
"10501002001","SPAS-12","Whtie","Shotgun","Shotgun",584,69,2,0,0,145,29,1,0,0,81,25,2,0,0,34,10,0,0,0,35,16,1,0,0,59,9,0,0,0,48,6,0,0,0,12
"10602012001","Desert Eagle-Ice-Alpha","Purple","Súng lục","Secondary",577,125,3,0,0,146,58,1,0,0,109,32,1,0,0,42,12,0,0,0,8,9,0,0,0,10,11,0,0,0,5,3,0,0,0,2
"10146001001","MK18-Ocean Blue","Purple","Súng trường khác","Rifle",574,0,0,0,0,0,0,0,0,0,0,0,0,0,0,0,0,0,0,0,0,0,0,0,0,0,11,3,1,0,2,264,25,1,0,267
"10607029001","Python-Firepower-Alpha","Gold V","Súng lục","Secondary",569,0,0,0,0,0,0,0,0,0,0,121,7,0,0,22,103,14,0,0,13,93,3,3,0,26,85,9,0,1,17,42,0,0,0,10
"10108005001","FAMAS-G2-Black Gold Legend","Purple","Súng trường khác","Rifle",565,0,0,0,0,0,0,0,0,0,0,51,2,0,0,207,33,2,0,0,85,13,2,0,0,31,89,1,0,0,42,2,0,0,0,5
"10101086006","AK47-RED","Purple","AK47","Rifle",564,0,0,0,0,0,0,0,0,0,0,0,0,0,0,0,0,0,0,0,0,0,0,0,0,0,40,8,0,0,14,238,17,0,0,247
"10607015001","Anaconda-Royal Gold","Purple","Súng lục","Secondary",561,85,5,0,0,101,78,5,0,0,88,34,0,0,0,35,19,2,0,0,20,11,0,1,0,19,20,0,0,0,23,5,1,0,0,9
"10614001006","Particle Cannon","Orange","Súng lục","Secondary",555,0,0,0,0,0,0,0,0,0,0,0,0,0,0,0,0,0,0,0,0,0,0,0,0,0,0,0,0,0,0,386,67,12,1,89
"10413002001","P90","Blue","SMG","SMG",552,0,0,0,0,0,0,0,0,0,0,0,0,0,0,0,2,0,0,0,13,12,1,0,0,183,22,0,0,0,281,1,0,0,0,37
"10102164001","M4A1-Sakura","Purple","M4A1","Rifle",538,22,0,0,0,65,31,0,0,0,84,16,0,0,0,81,16,0,0,0,45,11,0,0,0,70,17,1,0,0,51,4,0,0,0,24
"10102139006","M4A1-Red Knife Beast","Gold V","M4A1","Rifle",538,0,0,0,0,0,276,10,0,1,0,208,0,0,0,0,22,4,0,0,0,15,1,0,0,0,0,0,0,0,0,1,0,0,0,0
"10403010001","MK5-Red Crystal","Purple","SMG","SMG",534,36,0,0,0,196,18,0,0,0,44,7,0,0,0,11,4,0,0,0,7,18,1,0,0,71,15,2,0,0,96,2,0,0,0,6
"10802039001","Flashbang-Beijing Opera-Mo","Purple","Đặc biệt","Utility",530,13,0,0,0,49,5,0,0,0,31,9,0,0,0,142,3,0,0,0,53,4,0,0,0,52,18,0,0,0,47,12,0,0,0,92
"10303002001","MG3-Gold","Orange","SMG","Machine Gun",527,0,0,0,0,0,0,0,0,0,0,0,0,0,0,0,2,4,0,0,8,62,5,0,0,143,89,12,1,0,162,6,1,0,0,32
"10305019001","Gatling Gun-Pencil Sharpener","Orange","SMG","Machine Gun",517,0,0,0,0,0,0,0,0,0,0,37,3,0,0,26,148,4,1,0,201,16,4,0,0,20,21,5,0,0,20,5,0,0,0,6
"10601003001","USP-Earl","Orange","Súng lục","Secondary",504,41,1,0,0,63,29,1,0,0,30,56,1,0,0,36,35,2,0,0,45,37,0,0,0,35,26,1,0,0,44,6,0,0,0,15
"10602087006","Desert Eagle-Beast-Frost","C","Súng lục","Secondary",493,0,0,0,0,0,0,0,0,0,0,0,0,0,0,0,3,6,0,0,0,206,184,9,0,0,11,49,3,0,0,8,14,0,0,0
"10602100006","Desert Eagle-Iron Beast-Ragnarok","B","Súng lục","Secondary",475,226,103,9,1,0,12,32,5,0,0,5,15,2,0,0,16,12,1,1,0,3,6,1,0,0,5,5,0,0,0,1,14,0,0,0
"10602038001","Desert Eagle-Ranger","Gold VVIP","Súng lục","Secondary",463,84,8,2,0,62,55,7,0,0,25,20,3,0,0,10,29,2,0,0,1,82,6,0,0,21,15,3,0,0,9,13,0,0,0,6
"10502008001","Jack Hammer-Royal Gold","Purple","Shotgun","Shotgun",462,115,2,0,0,147,24,0,0,0,44,13,0,0,0,26,2,0,0,0,17,9,0,0,0,25,10,0,0,0,19,0,0,0,0,9
"10404005001","Thompson-Blue Pottery","Purple","SMG","SMG",462,0,0,0,0,0,0,0,0,0,0,3,0,0,0,1,53,0,0,0,193,17,1,0,0,64,62,7,0,0,58,2,0,0,0,1
"10515005001","KSG-Blue Silver Dragon","Purple","Shotgun","Shotgun",461,298,18,0,0,135,5,0,0,0,5,0,0,0,0,0,0,0,0,0,0,0,0,0,0,0,0,0,0,0,0,0,0,0,0,0
"10401004001","MP5KA4","Green","SMG","SMG",453,5,1,0,0,26,1,0,0,0,14,5,0,1,0,10,3,0,0,0,17,5,1,0,0,122,17,0,0,0,194,0,0,0,0,31
"10130003001","AK103-Black Hole","Purple","Súng trường khác","Rifle",448,0,0,0,0,0,0,0,0,0,0,0,0,0,0,0,34,3,0,0,17,168,17,0,0,110,25,2,0,0,50,11,0,0,0,11
"10703019006","B.C Axe-Beast-Noble Gold","Red","Cận chiến","Melee",437,0,0,0,0,0,0,0,0,0,0,0,0,0,0,0,8,17,13,1,0,39,153,89,0,0,15,63,13,3,0,3,9,10,1,0
"10607028006","Anaconda-Born Beast-Ragnarok","B","Súng lục","Secondary",428,0,0,0,0,0,0,0,0,0,0,0,0,0,0,0,0,0,0,0,0,0,0,0,0,0,0,0,0,0,0,282,74,7,0,65
"10607031001","Anaconda-Beast Dragon","Orange","Súng lục","Secondary",414,84,4,1,0,13,78,4,0,0,28,57,5,0,0,19,20,1,0,0,8,21,1,0,0,24,14,3,0,0,16,10,1,0,0,2
"10602058006","Desert Eagle-Born Beast-Noble Gold-Champion Miracle","A","Súng lục","Secondary",404,0,0,0,0,0,0,0,0,0,0,0,0,0,0,0,0,10,29,2,0,4,135,83,3,0,0,80,24,4,0,0,20,9,1,0
"10404002001","Thompson-Infernal Dragon","Gold V","SMG","SMG",400,0,0,0,0,0,0,0,0,0,0,0,0,0,0,0,0,0,0,0,0,0,0,0,0,0,31,3,0,0,8,130,4,0,0,224
"10602078006","Desert Eagle-Tournament Spirit","Gold VVIP","Súng lục","Secondary",390,4,10,0,1,0,74,48,10,0,0,67,61,3,0,0,14,23,2,1,0,24,16,1,0,0,8,11,0,0,0,8,4,0,0,0
"10510004001","Dual Desperado-Armoured Beast","Gold VVIP","Shotgun","Shotgun",385,103,15,1,1,125,4,3,1,0,0,2,6,0,0,0,49,24,1,0,1,11,14,1,0,1,8,5,1,0,1,5,2,0,0,0
"10502001001","Jack Hammer","Green","Shotgun","Shotgun",380,35,0,0,0,92,7,0,0,0,27,3,0,0,0,14,3,0,0,0,31,1,0,0,0,71,6,0,0,0,73,1,0,0,0,16
"10102159001","M4A1-Blue Silver Dragon","Orange","M4A1","Rifle",368,0,0,0,0,0,0,0,0,0,0,0,0,0,0,0,0,0,0,0,1,0,0,0,0,0,0,0,0,0,0,65,1,0,0,301
"10602079006","Desert Eagle-Mini","Orange","Súng lục","Secondary",365,0,0,0,0,0,240,21,0,0,0,69,2,0,0,0,10,0,0,0,0,10,0,0,0,0,4,1,0,0,0,8,0,0,0,0
"10102198001","M4A1-Pro Max","Orange","M4A1","Rifle",359,0,0,0,0,0,240,23,2,0,11,41,4,0,0,2,15,1,0,0,0,7,1,0,0,3,5,0,0,0,0,3,1,0,0,0
"10618001001","Kolibri","Purple","Súng lục","Secondary",352,0,0,0,0,0,212,17,1,0,17,53,3,1,1,9,10,2,0,0,0,7,1,0,0,2,7,1,0,0,1,5,0,0,0,2
"10602005001","Desert Eagle-Born Beast","Gold V","Súng lục","Secondary",351,11,0,0,0,2,2,0,0,0,0,0,0,0,0,0,99,7,0,0,23,139,11,0,0,46,6,2,0,0,2,1,0,0,0,0
"10103018001","QBZ95-Volcano","Purple","Súng trường khác","Rifle",350,0,0,0,0,0,0,0,0,0,0,0,0,0,0,0,1,0,0,0,11,13,1,0,0,145,15,1,0,0,151,3,0,0,0,9
"10601004001","USP-Gold","Orange","Súng lục","Secondary",343,19,2,0,0,13,116,4,0,0,88,29,0,0,0,12,14,3,0,0,4,14,1,0,0,9,2,3,0,0,3,4,0,0,0,3
"10603002001","Mauser M1896","Purple","Súng lục","Secondary",343,136,2,0,0,82,13,2,0,0,26,7,0,0,0,14,8,1,0,0,17,2,0,0,0,10,4,0,0,0,10,1,0,0,0,8
"10602015001","Desert Eagle-Beast","Gold V","Súng lục","Secondary",341,97,7,2,0,63,23,3,0,0,8,4,2,0,0,0,4,2,0,0,0,25,2,0,0,21,48,6,0,0,20,2,0,0,0,2
"10614019006","COP 357-Red Qipao","Gold VVIP","Súng lục","Secondary",341,0,0,0,0,0,0,0,0,0,0,0,0,0,0,0,0,0,0,0,0,0,0,0,0,0,0,0,0,155,0,0,0,0,186,0
"10602026006","Desert Eagle-Born Beast-Noble Gold","Red","Súng lục","Secondary",341,14,29,21,7,0,19,81,13,0,0,13,38,28,0,0,1,16,3,1,0,2,23,5,0,0,4,18,1,0,0,0,1,3,0,0
"10102058001","M4A1-Fire Hawk","Purple","M4A1","Rifle",336,18,0,0,0,52,52,4,1,0,40,27,1,0,1,24,15,0,0,1,29,11,1,0,0,22,4,0,0,0,27,2,0,0,0,4
"10401005001","MP5-Aries","Purple","SMG","SMG",333,75,2,0,0,125,13,2,0,0,19,12,1,0,0,11,5,0,0,0,12,4,0,0,0,7,30,1,0,0,13,0,0,0,0,1
"10201024001","AWM-Blue Crystal","Purple","AWM","Sniper",330,0,0,0,0,0,0,0,0,0,0,0,0,0,0,0,2,0,0,0,6,35,6,0,0,110,37,10,2,0,105,5,0,0,0,12
"10505002001","AA12-S","Blue","Shotgun","Shotgun",328,59,1,0,0,68,33,0,0,0,38,12,0,0,0,20,5,1,0,0,22,15,0,0,0,11,13,0,0,0,20,5,0,0,0,5
"10501003001","XM1014-A","Green","Shotgun","Shotgun",323,19,0,0,0,95,18,1,0,0,47,8,0,0,0,33,5,0,0,0,21,5,0,0,0,9,7,0,0,0,44,0,0,0,0,11
"10803079001","Smoke-Iron Beast","Gold V","Đặc biệt","Utility",322,9,2,0,0,24,19,0,0,0,28,7,1,0,0,51,7,1,0,0,17,7,1,0,0,18,10,0,0,0,14,60,1,0,0,45
"10105014001","AN94-Smilodon-Neon","Gold V","Súng trường khác","Rifle",311,0,0,0,0,0,0,0,0,0,0,0,0,0,0,0,0,0,0,0,0,155,40,0,0,9,55,12,2,0,5,28,4,0,0,1
"10519001001","M1216","Blue","Shotgun","Shotgun",310,0,0,0,0,0,0,0,0,0,0,0,0,0,0,0,3,0,0,0,4,35,0,0,0,91,13,0,0,0,126,5,0,0,0,33
"10119004006","QBZ03-Royal Dragon","Purple","Súng trường khác","Rifle",309,0,0,0,0,0,0,0,0,0,0,0,0,0,0,0,0,0,0,0,0,0,0,0,0,0,35,0,0,0,19,66,1,0,0,188
"10803018001","Smoke-Lucky Rat","Purple","Đặc biệt","Utility",308,10,0,0,0,33,8,0,0,0,30,7,0,0,0,21,6,0,0,0,29,3,0,0,0,29,2,0,0,0,75,13,0,0,0,42
"10113004001","M16-Blue Crystal","Purple","Súng trường khác","Rifle",308,0,0,0,0,0,0,0,0,0,0,0,0,0,0,0,2,1,0,0,9,61,4,0,0,73,58,3,0,0,81,10,2,0,0,4
"10602052001","Desert Eagle-Fried Chicken Thighs","Purple","Súng lục","Secondary",303,0,0,0,0,1,0,0,0,0,0,89,3,0,0,92,27,3,0,0,37,11,0,0,0,14,9,1,0,0,9,2,0,0,0,5
"10307008001","KAC-Chameleon","Gold VVIP","SMG","Machine Gun",299,0,0,0,0,0,0,0,0,0,0,0,0,0,0,0,168,29,1,0,83,7,4,0,0,0,1,2,0,0,0,1,3,0,0,0
"10603004001","Mauser M1896-Gold","Orange","Súng lục","Secondary",295,0,0,0,0,0,0,0,0,0,0,0,0,0,0,0,3,1,0,0,1,56,2,2,0,58,63,4,0,0,44,30,1,0,0,30
"10137001001","M4A1-Mini","Orange","Súng trường khác","Rifle",295,0,0,0,0,0,180,10,1,0,12,21,3,0,0,2,6,4,0,0,2,8,2,0,0,0,8,1,0,0,7,3,2,0,0,23
"10602013001","Desert Eagle-Glory","Purple","Súng lục","Secondary",290,0,0,0,0,0,0,0,0,0,0,0,0,0,0,0,3,0,0,0,4,16,0,0,0,99,13,0,0,0,120,3,0,0,0,32
"10320001001","MG36","Purple","SMG","Machine Gun",283,0,0,0,0,0,0,0,0,0,0,0,0,0,0,0,60,1,0,0,113,13,3,0,0,58,9,0,0,0,19,2,0,0,0,5
"10303003001","MG3-Perfect Silver","Purple","SMG","Machine Gun",279,30,1,0,0,45,17,0,0,0,21,25,3,0,0,53,10,1,0,0,9,12,0,0,0,30,2,0,0,0,14,1,0,0,0,5
"10110008001","M14EBR-Red Crystal","Purple","Súng trường khác","Rifle",278,0,0,0,0,0,0,0,0,0,0,0,0,0,0,0,7,0,0,0,10,26,0,0,0,93,16,1,0,0,113,2,0,0,0,10
"10405015001","Steyr TMP-Armoured Beast","Gold VVIP","SMG","SMG",275,132,11,0,0,121,4,3,0,0,0,1,0,0,0,0,1,1,0,0,0,0,0,0,0,0,1,0,0,0,0,0,0,0,0,0
"10601007001","USP-Royal Dragon","Purple","Súng lục","Secondary",270,0,0,0,0,0,35,1,0,0,74,35,1,0,0,42,15,1,0,0,12,9,0,0,0,14,7,0,0,0,17,1,0,0,0,6
"10612001001","Toy Slingshot","Purple","Súng lục","Secondary",263,0,0,0,0,0,0,0,0,0,0,0,0,0,0,0,120,12,0,0,67,19,1,0,0,20,8,0,0,0,10,4,1,0,0,1
"10602055001","Desert Eagle-Armoured Beast","Gold VVIP","Súng lục","Secondary",260,87,11,3,0,58,7,1,0,0,2,7,2,0,0,1,8,1,0,0,0,7,5,1,0,1,22,9,0,0,8,15,1,0,0,3
"10101177001","AK47-Azure","Purple","AK47","Rifle",257,0,0,0,0,0,0,0,0,0,0,0,0,0,0,0,0,0,0,0,0,0,0,0,0,0,1,0,0,0,1,73,5,0,0,177
"10413001001","FN P90-Fatal Wasp","Purple","SMG","SMG",255,32,1,1,0,140,12,0,0,0,21,6,0,0,0,4,2,1,0,0,6,3,0,0,1,3,11,0,0,0,7,2,0,0,0,2
"10114005001","AK12-Iron Spider","Gold V","Súng trường khác","Rifle",253,0,0,0,0,0,0,0,0,0,0,0,0,0,0,0,9,23,2,1,0,95,57,9,3,7,24,5,1,1,2,6,6,0,0,2
"10102122001","M4A1-Royal Blue Gold Dragon","Orange","M4A1","Rifle",251,56,1,0,0,2,55,1,0,0,13,37,3,1,0,16,13,2,0,0,14,10,2,0,0,13,8,0,0,0,3,0,0,0,0,1
"10702003001","Light Blade","Orange","Cận chiến","Melee",249,0,0,0,0,0,0,0,0,0,0,0,0,0,0,0,24,6,0,0,0,199,5,0,0,8,7,0,0,0,0,0,0,0,0,0
"10304005001","M249-Perfect Silver","Purple","SMG","Machine Gun",246,0,0,0,0,0,0,0,0,0,0,0,0,0,0,0,0,0,0,0,1,16,1,0,0,88,18,3,0,0,73,10,1,0,0,35
"10105001001","AN94","Green","Súng trường khác","Rifle",242,21,1,0,0,54,14,1,0,0,17,16,2,0,0,21,6,0,0,0,19,11,3,0,0,20,9,0,0,0,19,3,0,1,0,4
"10405020006","Steyr TMP-Prime","Purple","SMG","SMG",233,0,0,0,0,0,0,0,0,0,0,0,0,0,0,0,0,0,0,0,0,0,0,0,0,0,156,11,1,0,53,2,0,0,0,10
"10701030001","Cận chiến (mã 030)","","Cận chiến","Melee",227,0,0,0,0,0,0,0,0,0,0,0,0,0,0,0,43,102,15,3,0,14,24,2,0,0,9,11,1,0,0,2,0,1,0,0
"10103001001","QBZ95","Green","Súng trường khác","Rifle",223,4,0,0,0,73,4,0,0,0,20,3,0,0,0,35,6,0,0,0,12,2,0,0,0,22,0,0,0,0,37,0,0,0,0,5
"10414001001","CZS2-Azure Beach","Purple","SMG","SMG",223,0,0,0,0,0,0,0,0,0,0,0,0,0,0,0,0,0,0,0,0,0,0,0,0,0,3,1,0,0,1,82,1,0,0,135
"10113003006","M16-Royal Dragon","Purple","Súng trường khác","Rifle",219,0,0,0,0,0,0,0,0,0,0,0,0,0,0,0,0,0,0,0,0,137,20,0,0,0,4,0,0,0,6,24,0,0,0,28
"10505003001","AA12-Buster","Orange","Shotgun","Shotgun",211,0,0,0,0,0,0,0,0,0,0,0,0,0,0,0,0,0,0,0,0,0,0,0,0,0,0,0,0,0,0,100,0,0,0,111
"10602047001","Desert Eagle-Born Beast-Noble Gold-Champion Miracle","A","Súng lục","Secondary",209,39,7,2,0,3,27,11,4,1,2,29,4,4,0,4,17,8,1,0,4,8,7,2,0,1,10,1,0,0,2,6,2,2,0,1
"10602057001","Desert Eagle-Born Beast-Ragnarok","B","Súng lục","Secondary",207,0,0,0,0,0,0,0,0,0,0,0,0,0,0,0,70,10,0,0,12,81,5,1,0,23,3,0,0,0,1,1,0,0,0,0
"10607004001","Anaconda-Gilt","Orange","Súng lục","Secondary",206,18,0,0,0,45,8,0,0,0,18,5,0,0,0,19,1,0,0,0,9,9,0,0,0,21,12,1,0,0,30,2,1,0,0,7
"10609003001","Glock-Mobile Team","Purple","Súng lục","Secondary",204,0,0,0,0,0,0,0,0,0,0,65,0,0,0,31,23,3,0,0,25,15,0,0,0,13,9,2,1,0,6,6,0,0,0,5
"10120009001","QBZ03-Born Beast-Mithril","C","Súng trường khác","Rifle",204,0,0,0,0,0,0,0,0,0,0,0,0,0,0,0,0,0,0,0,0,26,34,3,0,0,41,36,1,0,0,29,33,1,0,0
"10307006006","KAC-Gold","Orange","SMG","Machine Gun",204,0,0,0,0,0,0,0,0,0,0,0,0,0,0,0,0,0,0,0,0,0,0,0,0,0,19,0,0,0,9,88,7,0,0,81
"10750002006","Soulstealer","Gold VVIP","Cận chiến","Melee",201,0,0,0,0,0,27,5,1,0,0,14,6,11,0,0,38,1,5,0,0,42,16,3,0,0,20,9,1,0,0,2,0,0,0,0
"10602121006","Desert Eagle-Born Beast-Arch","Gold VVIP","Súng lục","Secondary",197,0,0,0,0,0,0,0,0,0,0,0,0,0,0,0,0,0,0,0,0,21,23,5,1,0,61,53,15,0,0,9,7,2,0,0
"10108004001","FAMAS-G2-Rainbow Radiance","Purple","Súng trường khác","Rifle",197,0,0,0,0,0,0,0,0,0,0,0,0,0,0,0,0,0,0,0,0,0,0,0,0,0,96,5,0,0,96,0,0,0,0,0
"10701028001","Cận chiến (mã 028)","","Cận chiến","Melee",196,0,0,0,0,0,0,0,0,0,0,0,0,0,0,0,0,0,0,0,0,0,0,0,0,0,36,3,0,0,0,143,14,0,0,0
"10607001001","Anaconda","Blue","Súng lục","Secondary",188,1,0,0,0,21,4,0,0,0,13,6,0,0,0,9,4,0,0,0,10,5,0,0,0,22,7,0,0,0,69,4,0,0,0,13
"10801184001","Grenade-Born Beast-Ragnarok","B","Đặc biệt","Utility",188,0,0,0,0,0,0,0,0,0,0,0,0,0,0,0,0,0,0,0,0,0,0,0,0,0,0,0,0,0,0,136,30,3,0,19
"10607010001","Python-Breeze","Purple","Súng lục","Secondary",187,0,0,0,0,0,0,0,0,0,0,0,0,0,0,0,3,1,0,0,0,53,6,0,0,33,38,0,0,0,34,10,0,0,0,9
"10801060001","Grenade-Yo-yo","Purple","Đặc biệt","Utility",186,136,3,0,0,42,3,0,0,0,2,0,0,0,0,0,0,0,0,0,0,0,0,0,0,0,0,0,0,0,0,0,0,0,0,0
"10110017001","M14EBR-Ocean Blue","Purple","Súng trường khác","Rifle",183,0,0,0,0,0,0,0,0,0,0,0,0,0,0,0,0,0,0,0,0,0,0,0,0,0,3,0,0,0,1,47,1,0,0,131
"10403001001","MK5-T Tiger","Blue","SMG","SMG",177,3,0,0,0,35,6,0,0,0,37,4,0,0,0,23,0,0,0,0,14,1,0,0,0,12,5,0,0,0,30,0,0,0,0,7
"10802089001","Flashbang-Iron Beast","Gold V","Đặc biệt","Utility",171,8,0,0,0,37,10,0,0,0,35,4,0,0,0,10,3,0,0,0,1,9,0,0,0,5,3,0,0,0,18,3,0,0,0,25
"10609018001","Glock-Harmonica","Orange","Súng lục","Secondary",168,0,0,0,0,0,0,0,0,0,0,0,0,0,0,0,0,0,0,0,0,0,0,0,0,0,5,1,0,0,0,144,9,0,0,9
"10607045001","Anaconda-T-Rex","Gold VVIP","Súng lục","Secondary",167,0,0,0,0,0,0,0,0,0,0,0,0,0,0,0,0,0,0,0,0,83,19,1,0,39,10,2,2,0,7,3,0,0,0,1
"10602134001","FX Air Pistol-Blood Moon","Gold V","Súng lục","Secondary",166,0,0,0,0,0,0,0,0,0,0,0,0,0,0,0,0,0,0,0,0,0,0,0,0,0,20,4,0,0,10,72,5,1,0,54
"10401010001","MP5-Gold","Orange","SMG","SMG",166,0,0,0,0,0,0,0,0,0,0,0,0,0,0,0,0,0,0,0,0,0,0,0,0,0,70,4,0,0,88,1,0,0,0,3
"10701031001","Cận chiến (mã 031)","","Cận chiến","Melee",165,0,0,0,0,0,0,0,0,0,0,0,0,0,0,0,28,54,14,1,1,17,19,1,0,0,8,17,1,0,0,3,0,1,0,0
"10701027001","Cận chiến (mã 027)","","Cận chiến","Melee",162,0,0,0,0,0,0,0,0,0,0,0,0,0,0,0,0,0,0,0,0,0,0,0,0,0,16,1,0,0,0,137,8,0,0,0
"10801108001","Grenade-Predator-Prime","C","Đặc biệt","Utility",158,0,0,0,0,0,0,0,0,0,0,0,0,0,0,0,0,0,0,0,0,0,0,0,0,0,2,3,2,2,0,51,62,29,6,1
"10502004001","Jack Hammer-Mutant Killer","Purple","Shotgun","Shotgun",156,12,0,0,0,47,5,0,0,0,19,4,0,0,0,13,2,0,0,0,15,3,0,0,0,12,1,0,0,0,22,0,0,0,0,1
"10799004001","Cận chiến (mã 004)","","Cận chiến","Melee",155,0,0,0,0,0,0,0,0,0,0,80,8,0,0,14,24,1,0,0,5,10,1,0,0,1,8,0,0,0,0,2,0,0,0,1
"10607003001","Anaconda-Blue Pottery","Purple","Súng lục","Secondary",154,0,0,0,0,0,0,0,0,0,0,4,0,0,0,6,26,2,0,0,61,13,1,0,0,23,6,0,0,0,8,0,0,0,0,4
"10102172001","M4A1-Azure","Purple","M4A1","Rifle",148,0,0,0,0,0,0,0,0,0,0,0,0,0,0,0,0,0,0,0,0,0,0,0,0,0,0,1,0,0,0,24,3,0,0,120
"10101233006","AK47-Earl Royal-Comic","C","AK47","Rifle",145,0,0,0,0,0,0,0,0,0,0,0,0,0,0,0,0,0,0,0,0,0,0,0,0,0,4,0,0,0,0,113,17,0,0,11
"10607014001","Anaconda-Born Beast-Continue","B","Súng lục","Secondary",144,0,0,0,0,0,64,8,2,0,34,15,2,0,0,7,2,0,0,0,0,4,0,0,0,1,1,0,0,0,1,1,2,0,0,0
"10101120001","AK47-Night Stalker","Orange","AK47","Rifle",142,0,0,0,0,0,0,0,0,0,0,0,0,0,0,0,0,0,0,0,0,0,0,0,0,0,1,0,0,0,2,48,0,0,0,91
"10101004001","AK47-Chaos Dragon","Purple","AK47","Rifle",141,18,0,0,0,3,56,1,0,0,13,6,1,0,0,3,3,0,0,0,0,9,1,0,0,12,7,0,0,0,5,2,0,0,0,1
"10602058001","Desert Eagle-Born Beast-Noble Gold-Champion Miracle","A","Súng lục","Secondary",141,0,0,0,0,0,0,0,0,0,0,0,0,0,0,0,14,3,1,0,4,49,12,1,0,32,14,1,0,0,5,3,0,1,0,1
"10602003001","Desert Eagle-Gold","Orange","Súng lục","Secondary",138,0,0,0,0,0,0,0,0,0,0,0,0,0,0,0,0,0,0,0,25,11,1,1,0,52,6,0,1,0,16,9,0,0,0,16
"10404001001","Thompson","Green","SMG","SMG",138,11,0,0,0,20,14,1,0,0,21,10,1,0,0,22,1,0,0,0,10,2,0,0,0,10,4,0,0,0,8,0,0,0,0,3
"10601005001","USP-Transformer Beast","Gold V","Súng lục","Secondary",137,0,0,0,0,0,0,0,0,0,0,0,0,0,0,0,59,10,1,0,3,28,3,0,0,4,16,1,0,0,1,8,0,0,0,3
"10108002001","FAMAS-S","Blue","Súng trường khác","Rifle",135,8,0,0,0,32,0,0,0,0,17,4,0,0,0,26,1,0,0,0,12,3,0,0,0,12,1,0,0,0,17,0,0,0,0,2
"10602063001","Dual Desert Eagle-Chameleon","Gold VVIP","Súng lục","Secondary",134,0,0,0,0,0,0,0,0,0,0,0,0,0,0,0,59,8,0,0,35,11,2,0,0,3,7,1,0,0,2,4,0,0,0,2
"10803059001","Smoke-Angel","Gold V","Đặc biệt","Utility",131,0,0,0,0,0,0,0,0,0,0,0,0,0,0,0,0,0,0,0,1,10,0,0,0,51,6,0,0,0,28,25,2,0,0,8
"10602072006","Desert Eagle-Thunder-Noble Gold","Red","Súng lục","Secondary",130,0,0,0,0,0,27,18,0,0,0,15,13,0,0,0,6,13,0,0,0,6,18,0,0,0,1,8,0,0,0,0,5,0,0,0
"10629001001","Dual Colt1911-Iron Shark","Gold V","Súng lục","Secondary",129,0,0,0,0,0,0,0,0,0,0,0,0,0,0,0,0,0,0,0,0,0,0,0,0,0,22,2,0,0,6,65,5,0,0,29
"10101012001","AK47-Beast-Alpha","Gold V","AK47","Rifle",127,28,3,1,0,25,28,4,0,0,3,4,1,0,0,1,1,0,0,0,19,1,2,0,0,1,4,0,0,0,1,0,0,0,0,0
"10307002006","KAC-Ancient Dragon","Purple","SMG","Machine Gun",123,0,0,0,0,0,0,0,0,0,0,0,0,0,0,0,0,0,0,0,0,0,0,0,0,0,11,0,0,0,1,38,2,0,0,71
"10625002006","CZ75-Predator-Prime","C","Súng lục","Secondary",121,0,0,0,0,0,0,0,0,0,0,0,0,0,0,0,0,0,0,0,0,0,0,0,0,0,5,3,2,1,0,81,26,3,0,0
"10602044001","Desert Eagle-Beast-Ragnarok","B","Súng lục","Secondary",120,49,9,0,0,31,16,2,0,0,5,2,0,0,0,0,1,0,0,0,1,2,0,0,0,0,1,0,0,0,1,0,0,0,0,0
"10305017006","Gatling Gun-Starship","Gold V","SMG","Machine Gun",118,14,15,0,0,0,21,8,0,0,0,4,36,0,0,0,1,6,0,0,0,3,0,0,0,0,1,6,0,0,0,0,3,0,0,0
"10602100001","Desert Eagle-Iron Beast-Ragnarok","B","Súng lục","Secondary",114,57,5,1,0,50,0,0,0,0,0,0,0,0,0,0,0,0,0,0,0,0,0,0,0,0,0,0,0,0,1,0,0,0,0,0
"10404009006","Thompson-Gold","Orange","SMG","SMG",112,0,0,0,0,0,0,0,0,0,0,0,0,0,0,0,0,0,0,0,0,0,0,0,0,0,6,0,0,0,2,47,0,0,0,57
"10803008001","Smoke-Beast","Gold V","Đặc biệt","Utility",111,1,0,0,0,2,2,0,0,0,10,9,0,0,0,18,3,0,0,0,0,4,0,0,0,3,10,0,0,0,2,34,1,0,0,12
"10607002001","Anaconda-Royal Fire","Purple","Súng lục","Secondary",111,0,0,0,0,0,0,0,0,0,0,0,0,0,0,0,0,0,0,0,1,19,3,0,0,29,23,1,0,0,30,1,0,0,0,4
"10103002001","QBZ95-A","Blue","Súng trường khác","Rifle",109,6,0,0,0,37,3,0,0,0,23,0,0,0,0,12,1,0,0,0,15,0,0,0,0,6,0,0,0,0,6,0,0,0,0,0
"10102034006","M4A1-XS-Ancient Dragon","Purple","M4A1","Rifle",108,0,0,0,0,0,0,0,0,0,0,0,0,0,0,0,0,0,0,0,0,0,0,0,0,0,6,0,0,0,5,36,1,0,0,60
"10703020006","Phoenix B.C Axe","Purple","Cận chiến","Melee",105,0,0,0,0,0,0,0,0,0,0,0,0,0,0,0,0,0,0,0,0,0,0,0,0,0,1,0,0,0,3,14,0,0,0,87
"10628002006","MK23-Nightblade","Orange","Súng lục","Secondary",104,74,2,0,0,0,14,0,0,0,12,2,0,0,0,0,0,0,0,0,0,0,0,0,0,0,0,0,0,0,0,0,0,0,0,0
"10802006001","Flashbang-Beast","Gold V","Đặc biệt","Utility",103,13,0,0,0,8,6,0,0,0,0,3,0,0,0,1,4,1,0,0,3,6,1,0,0,2,11,0,0,0,3,28,0,0,0,13
"10802005001","Flashbang-Predator","Gold V","Đặc biệt","Utility",101,17,0,0,0,5,9,0,0,0,1,14,0,0,0,2,6,0,0,0,3,18,0,0,0,3,7,0,0,0,3,8,0,0,0,5
"10607006001","Anaconda-Born Beast","Gold V","Súng lục","Secondary",101,0,0,0,0,0,33,3,0,0,23,15,2,0,0,7,4,0,0,0,1,2,0,0,0,0,0,2,0,0,1,5,1,0,0,2
"10706010006","Greatsword-Angel","Gold V","Cận chiến","Melee",97,0,0,0,0,0,0,0,0,0,0,0,0,0,0,0,5,18,0,0,0,46,25,0,0,0,0,2,0,0,0,0,1,0,0,0
"10502003001","Jack Hammer-Ultimate Silversmith","Purple","Shotgun","Shotgun",97,0,0,0,0,0,0,0,0,0,0,0,0,0,0,0,1,0,0,0,2,12,0,0,0,31,2,0,0,0,45,0,0,0,0,4
"10401002001","MP5-A","Green","SMG","SMG",95,6,0,0,0,14,1,1,4,0,14,4,0,0,0,10,4,0,0,0,13,2,0,0,0,5,2,0,0,0,11,2,0,0,0,2
"10602078001","Desert Eagle-Tournament Spirit","Gold VVIP","Súng lục","Secondary",95,15,0,0,0,5,34,2,0,0,23,8,0,0,0,2,1,2,0,0,0,0,1,0,0,1,1,0,0,0,0,0,0,0,0,0
"10602090001","Desert Eagle-Pro Max","Orange","Súng lục","Secondary",88,0,0,0,0,0,59,7,0,0,1,5,0,0,0,1,2,1,0,0,0,2,4,0,0,0,3,1,0,0,0,2,0,0,0,0
"10603008001","Mauser M1896-Ultimate Silversmith","Purple","Súng lục","Secondary",86,0,0,0,0,0,0,0,0,0,0,0,0,0,0,0,4,0,0,0,1,20,1,0,0,21,12,0,0,0,17,7,0,0,0,3
"10504003001","Golden Shark","Gold V","Shotgun","Shotgun",85,0,0,0,0,0,0,0,0,0,0,0,0,0,0,0,0,0,0,0,0,0,0,0,0,0,0,0,0,0,0,72,13,0,0,0
"10101214006","AK47-Legends of Huaxia​​","Gold V","AK47","Rifle",82,0,0,0,0,0,0,0,0,0,0,0,0,0,0,0,0,0,0,0,0,61,0,0,0,0,21,0,0,0,0,0,0,0,0,0
"10520001001","M1216-Fish","Silver V","Shotgun","Shotgun",81,0,0,0,0,0,0,0,0,0,0,0,0,0,0,0,0,0,0,0,0,0,0,0,0,0,0,0,0,0,0,50,2,0,0,29
"10102165006","M4A1-Red","Purple","M4A1","Rifle",81,0,0,0,0,0,0,0,0,0,0,0,0,0,0,0,0,0,0,0,0,0,0,0,0,0,3,0,0,0,3,18,1,0,0,56
"10625001001","CZ75-Predator","Gold V","Súng lục","Secondary",77,37,0,0,0,5,17,0,0,0,6,3,0,0,0,0,0,0,0,0,0,0,0,0,0,0,0,0,0,0,0,5,1,0,0,3
"10803006001","Smoke-Predator","Gold V","Đặc biệt","Utility",77,2,1,0,0,3,8,0,0,0,6,17,3,0,0,8,4,0,0,0,1,10,0,0,0,1,5,0,0,0,2,6,0,0,0,0
"10102185006","M4A1-UnderTech Gold","Gold VVIP","M4A1","Rifle",77,0,0,0,0,0,0,0,0,0,0,0,0,0,0,0,0,0,0,0,0,0,0,0,0,0,0,0,0,0,0,63,10,0,0,4
"10602037001","Desert Eagle-El Dorado-Noble Gold","Red","Súng lục","Secondary",75,0,0,0,0,0,0,0,0,0,0,0,0,0,0,0,8,0,0,0,3,31,5,0,0,20,5,1,0,0,2,0,0,0,0,0
"10301004006","M60-Gold","Orange","SMG","Machine Gun",74,0,0,0,0,0,0,0,0,0,0,0,0,0,0,0,0,0,0,0,0,0,0,0,0,0,0,1,0,0,1,24,2,0,0,46
"10607044001","Anaconda-Gold","Orange","Súng lục","Secondary",73,0,0,0,0,1,15,1,0,0,2,4,0,0,0,2,1,0,0,0,1,0,0,0,0,0,11,2,1,0,24,7,1,0,0,0
"10101089001","AK47-Gold Phoenix","Purple","AK47","Rifle",72,0,0,0,0,0,0,0,0,0,0,0,0,0,0,0,0,0,0,0,0,0,0,0,0,0,0,0,0,0,0,31,2,0,0,39
"10101158006","AK47-Buster III","Gold VVIP","AK47","Rifle",72,0,0,0,0,0,0,0,0,0,0,0,0,0,0,0,0,0,0,0,0,0,0,0,0,0,0,0,0,0,0,48,20,0,0,4
"10504009001","Golden Shark-Mutant Venom","C","Shotgun","Shotgun",68,0,0,0,0,0,0,0,0,0,0,0,0,0,0,0,0,0,0,0,0,0,0,0,0,0,0,0,0,0,0,53,12,1,0,2
"10602039001","Desert Eagle-Gold Phoenix","Purple","Súng lục","Secondary",67,11,0,0,0,10,6,0,0,0,10,4,0,0,0,6,2,0,0,0,2,2,0,0,0,2,2,0,0,0,7,1,0,0,0,2
"10226001001","SR25-Titan","Orange","Bắn tỉa khác","Sniper",67,0,0,0,0,0,0,0,0,0,0,0,0,0,0,0,0,0,0,0,0,0,0,0,0,0,0,0,0,0,0,37,3,0,0,27
"10602121001","Desert Eagle-Born Beast-Arch","Gold VVIP","Súng lục","Secondary",67,0,0,0,0,0,0,0,0,0,0,0,0,0,0,0,0,0,0,0,0,20,2,1,0,7,16,5,2,0,13,1,0,0,0,0
"10305009006","Gatling Gun-Blue Crystal","Purple","SMG","Machine Gun",66,56,0,0,0,7,1,0,0,0,2,0,0,0,0,0,0,0,0,0,0,0,0,0,0,0,0,0,0,0,0,0,0,0,0,0
"10609005001","Dual Glock","Purple","Súng lục","Secondary",65,0,0,0,0,0,0,0,0,0,0,0,0,0,0,0,2,0,0,0,2,17,1,0,0,14,12,1,0,0,15,1,0,0,0,0
"10602087001","Desert Eagle-Beast-Frost","C","Súng lục","Secondary",64,0,0,0,0,0,0,0,0,0,0,0,0,0,0,0,1,0,0,0,0,35,3,1,0,20,2,0,0,0,0,1,1,0,0,0
"10704019006","Blood Moon","Gold V","Cận chiến","Melee",62,0,0,0,0,0,0,0,0,0,0,0,0,0,0,0,0,0,0,0,0,0,0,0,0,0,42,7,0,2,0,11,0,0,0,0
"10802008001","Flashbang-Born Beast","Gold V","Đặc biệt","Utility",61,0,0,0,0,0,0,0,0,0,0,0,0,0,0,22,1,0,0,0,18,2,0,0,0,6,2,0,0,0,4,4,0,0,0,2
"10321003001","QBB95-Ancient War","Gold V","SMG","Machine Gun",61,0,0,0,0,0,0,0,0,0,0,0,0,0,0,0,0,0,0,0,0,0,0,0,0,0,0,0,0,0,0,43,9,1,0,8
"10102162001","M4A1-Red Knife Beast-Alpha","Silver V","M4A1","Rifle",59,6,0,0,0,53,0,0,0,0,0,0,0,0,0,0,0,0,0,0,0,0,0,0,0,0,0,0,0,0,0,0,0,0,0,0
"10615007001","QSZ92-Angel","Gold V","Súng lục","Secondary",58,0,0,0,0,0,0,0,0,0,0,0,0,0,0,0,0,0,0,0,0,20,5,0,0,3,20,1,0,0,5,3,1,0,0,0
"10602045001","Desert Eagle-Royal Blue Gold Dragon","Orange","Súng lục","Secondary",57,8,1,0,0,9,8,0,0,0,0,3,2,0,0,2,7,0,0,0,3,1,0,0,0,4,1,0,0,0,5,1,0,0,0,2
"10305002001","Gatling Gun-Volcano","Purple","SMG","Machine Gun",57,0,0,0,0,0,0,0,0,0,0,0,0,0,0,0,0,0,0,0,0,0,0,0,0,0,0,0,0,0,0,8,0,0,0,49
"10109001001","9A91-S","Blue","Súng trường khác","Rifle",55,4,0,0,0,10,4,0,0,0,11,0,0,0,0,3,0,0,0,0,3,0,0,0,0,1,1,0,0,0,16,1,0,0,0,1
"10602037006","Desert Eagle-El Dorado-Noble Gold","Red","Súng lục","Secondary",54,0,0,0,0,0,0,0,0,0,0,0,0,0,0,0,1,1,0,0,0,6,26,2,5,0,0,7,1,0,0,0,1,3,1,0
"10802020001","Flashbang-Happy Sound","Orange","Đặc biệt","Utility",54,0,0,0,0,3,1,0,0,0,45,0,0,0,0,3,0,0,0,0,0,1,0,0,0,0,0,0,0,0,0,0,0,0,0,1
"10802078001","Flashbang-Container","Orange","Đặc biệt","Utility",54,0,0,0,0,1,0,0,0,0,8,0,0,0,0,0,0,0,0,0,0,0,0,0,0,0,0,0,0,0,0,29,0,0,0,16
"10405002001","Steyr TMP-S","Blue","SMG","SMG",53,4,0,0,0,7,2,0,0,0,11,3,0,0,0,8,1,0,0,0,1,1,0,0,0,6,1,0,0,0,6,0,0,0,0,2
"10101013006","AK47-A Jasmine","Purple","AK47","Rifle",53,0,0,0,0,0,0,0,0,0,0,0,0,0,0,0,0,0,0,0,0,0,0,0,0,0,0,3,0,0,0,31,2,0,0,17
"10318007001","Lewis Gun-Steel Frenzy","Gold V","SMG","Machine Gun",52,0,0,0,0,0,0,0,0,0,0,0,0,0,0,0,11,3,1,0,0,10,11,0,0,2,9,2,0,0,0,2,0,1,0,0
"10630002001","Dual Colt-Iron Shark-Summer Breeze","C","Súng lục","Secondary",52,0,0,0,0,0,0,0,0,0,0,0,0,0,0,0,0,0,0,0,0,0,0,0,0,0,17,0,0,0,1,22,3,0,0,9
"10602083001","Desert Eagle-Crystal","Purple","Súng lục","Secondary",50,12,0,0,0,10,2,0,0,0,1,2,0,0,0,0,1,0,0,0,0,4,0,0,0,8,0,0,0,0,8,2,0,0,0,0
"10802094001","Flashbang-Beast Dragon","Orange","Đặc biệt","Utility",49,5,0,0,0,4,1,0,0,0,1,1,0,0,0,10,0,0,0,0,14,6,0,0,0,1,0,0,0,0,3,0,0,0,0,3
"10801134001","Grenade-Mini","Orange","Đặc biệt","Utility",48,0,0,0,0,0,17,1,0,0,0,18,0,0,0,0,5,0,0,0,0,6,0,0,0,0,0,0,0,0,0,1,0,0,0,0
"10102107001","M4A1-S-Gold","Orange","M4A1","Rifle",48,0,0,0,0,0,0,0,0,0,0,0,0,0,0,0,0,0,0,0,0,17,4,0,1,0,19,2,0,0,0,5,0,0,0,0
"10602018001","Desert Eagle-Toy","Purple","Súng lục","Secondary",48,0,0,0,0,0,0,0,0,0,0,4,0,0,0,3,8,1,0,0,17,3,0,0,0,7,0,0,0,0,5,0,0,0,0,0
"10413004001","P90-Rabbit","Gold V","SMG","SMG",48,0,0,0,0,0,0,0,0,0,0,0,0,0,0,0,0,0,0,0,0,0,0,0,0,0,0,0,0,0,0,34,3,1,0,10
"10606006001","Croaking Cannon","Orange","Súng lục","Secondary",47,0,0,0,0,0,0,0,0,0,0,0,0,0,0,0,0,0,0,0,0,0,0,0,0,0,0,0,0,0,0,26,1,1,0,19
"10614019001","COP 357-Red Qipao","Gold VVIP","Súng lục","Secondary",46,0,0,0,0,0,0,0,0,0,0,0,0,0,0,0,0,0,0,0,0,0,0,0,0,0,11,8,0,6,0,15,1,0,5,0
"10405013001","Steyr TMP-Luna-Gold","Orange","SMG","SMG",45,0,0,0,0,0,0,0,0,0,0,0,0,0,0,0,0,0,0,0,0,6,4,0,0,1,26,3,0,0,1,3,1,0,0,0
"10615003001","QSZ92-Falling Snow","Purple","Súng lục","Secondary",44,13,0,0,0,31,0,0,0,0,0,0,0,0,0,0,0,0,0,0,0,0,0,0,0,0,0,0,0,0,0,0,0,0,0,0
"10802003001","Flashbang-Nightmare","Purple","Đặc biệt","Utility",43,0,0,0,0,0,0,0,0,0,0,0,0,0,0,0,0,0,0,0,0,0,0,0,0,8,0,7,0,0,5,0,13,0,0,10
"10602092001","Desert Eagle-Illusion","Purple","Súng lục","Secondary",43,0,0,0,0,0,0,0,0,0,0,0,0,0,0,0,0,0,0,0,0,7,0,0,0,32,2,0,0,0,2,0,0,0,0,0
"10707013006","Shovel-Blue Pottery","Purple","Cận chiến","Melee",39,30,1,0,0,8,0,0,0,0,0,0,0,0,0,0,0,0,0,0,0,0,0,0,0,0,0,0,0,0,0,0,0,0,0,0
"10201042001","AWM-Spearfish","Orange","AWM","Sniper",38,0,0,0,0,0,0,0,0,0,0,0,0,0,0,0,0,0,0,0,0,0,0,0,0,0,0,0,0,0,0,10,0,0,0,28
"10703027006","B.C Axe-Gold","Orange","Cận chiến","Melee",37,0,0,0,0,0,0,0,0,0,0,0,0,0,0,0,0,0,0,0,0,0,0,0,0,0,0,0,0,0,0,24,1,0,0,12
"10615002001","QSZ92-Summer Limited","Purple","Súng lục","Secondary",36,0,0,0,0,0,0,0,0,0,0,0,0,0,0,0,0,0,0,0,0,0,0,0,0,0,0,0,0,0,1,13,0,0,0,22
"10109004006","9A91-Royal Fire","Purple","Súng trường khác","Rifle",36,0,0,0,0,0,0,0,0,0,0,0,0,0,0,0,0,0,0,0,0,0,0,0,0,0,0,1,0,0,2,13,1,0,0,19
"10302004006","RPK-Jasmine","Purple","SMG","Machine Gun",35,0,0,0,0,0,0,0,0,0,0,0,0,0,0,0,0,0,0,0,0,0,0,0,0,0,0,0,0,0,0,2,1,0,0,32
"10403014006","MK5-Gold","Orange","SMG","SMG",35,0,0,0,0,0,0,0,0,0,0,0,0,0,0,0,0,0,0,0,0,0,0,0,0,0,0,0,0,0,2,5,0,0,0,28
"10304004006","M249-Oriental Phoenix","Purple","SMG","Machine Gun",34,0,0,0,0,0,0,0,0,0,0,0,0,0,0,0,0,0,0,0,0,0,0,0,0,0,0,0,0,0,2,8,1,0,0,23
"10625005001","Gaming Controller","Purple","Súng lục","Secondary",33,0,0,0,0,0,0,0,0,0,0,1,0,0,0,1,10,0,0,0,5,6,0,0,0,4,2,1,0,0,2,0,0,0,0,1
"10109016001","9A91-Gold","Orange","Súng trường khác","Rifle",29,0,0,0,0,0,0,0,0,0,0,0,0,0,0,0,0,0,0,0,0,0,0,0,0,0,0,0,0,0,0,10,0,0,0,19
"10101245006","AK47-Mộc Lan","Gold V","AK47","Rifle",29,11,0,0,0,0,4,0,0,0,10,4,0,0,0,0,0,0,0,0,0,0,0,0,0,0,0,0,0,0,0,0,0,0,0,0
"10602002001","Desert Eagle-Winter Land","Purple","Súng lục","Secondary",29,6,0,0,0,21,0,0,0,0,1,0,0,0,0,0,0,0,0,0,1,0,0,0,0,0,0,0,0,0,0,0,0,0,0,0
"10710012006","Thunder's Wrath","Gold V","Cận chiến","Melee",28,0,0,0,0,0,0,0,0,0,0,0,0,0,0,0,0,0,0,0,0,0,0,0,0,0,6,8,0,0,12,2,0,0,0,0
"10105012001","AN94-Phoenix","Purple","Súng trường khác","Rifle",28,0,0,0,0,0,0,0,0,0,0,0,0,0,0,0,0,0,0,0,0,0,0,0,0,0,0,0,0,0,1,5,0,0,0,22
"10602041006","Desert Eagle-Rose","Purple","Súng lục","Secondary",26,0,0,0,0,0,0,0,0,0,0,0,0,0,0,0,0,0,0,0,0,0,0,0,0,0,1,0,0,0,0,2,0,0,0,23
"10623002006","Colt1911-RED","Purple","Súng lục","Secondary",26,0,0,0,0,0,0,0,0,0,0,0,0,0,0,0,0,0,0,0,0,0,0,0,0,0,2,2,0,0,1,8,1,0,0,12
"10802059001","Flashbang-Fury Beast","Gold VVIP","Đặc biệt","Utility",25,11,0,0,0,0,1,0,0,0,0,1,0,0,0,0,4,0,0,0,0,8,0,0,0,0,0,0,0,0,0,0,0,0,0,0
"10602014001","Desert Eagle-Peony","Purple","Súng lục","Secondary",25,3,0,0,0,3,5,0,0,0,3,3,0,0,0,1,0,1,0,0,3,0,0,0,0,1,1,0,0,0,1,0,0,0,0,0
"10602082001","Desert Eagle-Azure","Purple","Súng lục","Secondary",25,0,0,0,0,0,0,0,0,0,0,0,0,0,0,0,0,0,0,0,0,3,0,0,0,7,2,0,0,0,11,0,0,0,0,2
"10211008006","98K-Born Beast","Gold V","Bắn tỉa khác","Sniper",24,1,0,0,0,0,1,0,0,0,1,1,0,0,0,0,0,0,0,0,0,12,0,0,0,0,8,0,0,0,0,0,0,0,0,0
"10211012006","98K-Blood Moon","Gold V","Bắn tỉa khác","Sniper",22,0,0,0,0,1,0,0,0,0,0,0,0,0,0,0,0,0,0,0,0,0,0,0,0,0,0,0,0,0,0,21,0,0,0,0
"10602006001","Desert Eagle-Chaos Dragon","Purple","Súng lục","Secondary",21,1,0,0,0,0,4,1,0,0,1,1,1,0,0,1,1,0,0,0,0,5,0,0,0,3,2,0,0,0,0,0,0,0,0,0
"10617016006","Dual Double Barrel-Future Soldier","Gold VVIP","Súng lục","Secondary",20,17,0,0,0,1,2,0,0,0,0,0,0,0,0,0,0,0,0,0,0,0,0,0,0,0,0,0,0,0,0,0,0,0,0,0
"10102003001","M4A1-SS","Purple","M4A1","Rifle",19,0,1,0,0,1,1,0,0,0,1,1,0,0,0,1,0,0,0,0,2,1,0,0,0,3,0,0,0,0,7,0,0,0,0,0
"10802073001","Flashbang-Angel","Gold V","Đặc biệt","Utility",19,0,0,0,0,0,0,0,0,0,0,0,0,0,0,0,0,0,0,0,0,2,0,0,0,1,8,0,0,0,2,1,0,0,0,5
"10803010001","Smoke-Born Beast","Gold V","Đặc biệt","Utility",19,0,0,0,0,0,0,0,0,0,0,0,0,0,0,0,1,0,0,0,0,5,0,0,0,0,2,0,0,0,2,7,0,0,0,2
"10803003001","Smoke-Red","Purple","Đặc biệt","Utility",19,0,0,0,0,1,0,0,0,0,0,0,0,0,0,0,0,0,0,0,1,1,0,0,0,0,0,0,0,0,2,2,0,0,0,12
"10602069001","Desert Eagle-Comic","Purple","Súng lục","Secondary",18,0,0,0,0,0,12,0,0,0,2,2,0,0,0,0,1,0,0,0,0,0,0,0,0,0,1,0,0,0,0,0,0,0,0,0
"10625002001","CZ75-Predator-Prime","C","Súng lục","Secondary",18,0,0,0,0,0,0,0,0,0,0,0,0,0,0,0,0,0,0,0,0,0,0,0,0,0,1,1,0,0,0,10,0,0,0,6
"10102194006","M4A1-Ice","Gold V","M4A1","Rifle",18,0,6,0,0,0,12,0,0,0,0,0,0,0,0,0,0,0,0,0,0,0,0,0,0,0,0,0,0,0,0,0,0,0,0,0
"10703039006","B.C Axe-Steel Empire","Gold V","Cận chiến","Melee",15,1,4,0,0,0,0,3,0,0,0,0,1,0,0,0,0,1,0,0,0,1,1,0,0,0,3,0,0,0,0,0,0,0,0,0
"10615006006","QSZ92-Jewelry","Gold V","Súng lục","Secondary",15,0,0,0,0,0,0,0,0,0,0,7,0,0,0,8,0,0,0,0,0,0,0,0,0,0,0,0,0,0,0,0,0,0,0,0
"10209008001","QBU09-El Dorado-Noble Gold","Red","Bắn tỉa khác","Sniper",14,0,0,0,0,0,2,0,0,0,0,1,4,0,0,0,0,3,0,0,0,2,1,0,0,0,0,1,0,0,0,0,0,0,0,0
"10719006006","Nunchaku-Jewelry","Gold V","Cận chiến","Melee",14,0,0,0,0,0,0,0,0,0,0,11,0,0,0,2,0,0,0,0,1,0,0,0,0,0,0,0,0,0,0,0,0,0,0,0
"10802063001","Flashbang-Titanium Beast","Gold VVIP","Đặc biệt","Utility",14,0,0,0,0,0,0,0,0,0,0,1,0,0,0,0,0,0,0,0,0,11,0,0,0,0,2,0,0,0,0,0,0,0,0,0
"10101222006","AK47-Iron Beast-Steel Veteran","C","AK47","Rifle",13,0,0,0,0,0,0,0,0,0,0,0,0,0,0,0,0,0,0,0,0,0,0,0,0,0,0,0,0,0,0,11,2,0,0,0
"10101012006","AK47-Beast-Alpha","Gold V","AK47","Rifle",13,13,0,0,0,0,0,0,0,0,0,0,0,0,0,0,0,0,0,0,0,0,0,0,0,0,0,0,0,0,0,0,0,0,0,0
"10607028001","Anaconda-Born Beast-Ragnarok","B","Súng lục","Secondary",13,0,0,0,0,0,0,0,0,0,0,0,0,0,0,0,0,0,0,0,0,0,0,0,0,0,0,0,0,0,0,12,0,0,0,1
"10802025001","Flashbang-Armoured Beast","Gold VVIP","Đặc biệt","Utility",11,8,0,0,0,0,0,0,0,0,0,1,0,0,0,0,0,0,0,0,0,2,0,0,0,0,0,0,0,0,0,0,0,0,0,0
"10102103001","M4A1-S-Gold Phoenix","Purple","M4A1","Rifle",11,0,0,0,0,0,0,0,0,0,0,0,0,0,0,0,0,0,0,0,0,0,0,0,0,0,0,0,0,0,0,8,1,0,0,2
"10103007006","QBZ95-Royal Dragon","Purple","Súng trường khác","Rifle",11,0,0,0,0,0,0,0,0,0,0,0,0,0,0,0,0,0,0,0,0,0,0,0,0,0,0,0,0,0,0,0,0,0,0,11
"10101086001","AK47-RED","Purple","AK47","Rifle",10,0,0,0,0,0,0,0,0,0,0,0,0,0,0,0,0,0,0,0,0,0,0,0,0,0,2,0,0,0,0,5,0,0,0,3
"10803046001","Smoke-Fury Beast","Gold VVIP","Đặc biệt","Utility",10,3,0,0,0,0,4,0,0,0,0,0,0,0,0,0,3,0,0,0,0,0,0,0,0,0,0,0,0,0,0,0,0,0,0,0
"10102253006","M4A1-Predator-Steel Veteran","C","M4A1","Rifle",10,0,0,0,0,0,0,0,0,0,0,0,0,0,0,0,0,0,0,0,0,0,0,0,0,0,0,0,0,0,0,6,4,0,0,0
"10602107001","Desert Eagle-Born Beast-Master","Limited","Súng lục","Secondary",9,0,0,0,0,0,0,0,0,0,0,0,0,0,0,0,0,1,0,0,0,2,1,0,0,0,2,1,0,0,0,2,0,0,0,0
"10803127001","Smoke-Rồng Sữa","Gold V","Đặc biệt","Utility",9,0,0,0,0,0,0,0,0,0,0,0,0,0,0,0,0,0,0,0,0,0,0,0,1,5,2,0,0,0,1,0,0,0,0,0
"10602079001","Desert Eagle-Mini","Orange","Súng lục","Secondary",9,0,0,0,0,0,6,1,0,0,0,0,0,0,0,0,0,0,0,0,0,1,0,0,0,0,0,0,0,0,0,1,0,0,0,0
"10614001001","Particle Cannon","Orange","Súng lục","Secondary",9,0,0,0,0,0,0,0,0,0,0,0,0,0,0,0,0,0,0,0,0,0,0,0,0,0,0,0,0,0,0,3,1,0,0,5
"10101175006","AK47-Gaming Glory","Gold VVIP","AK47","Rifle",9,0,0,0,0,0,0,0,0,0,0,0,0,0,0,0,0,0,0,0,0,0,0,0,0,0,0,0,0,0,0,8,0,0,0,1
"10802037001","Flashbang-Born Beast-A","Gold V","Đặc biệt","Utility",7,0,0,0,0,0,4,0,0,0,0,0,0,0,0,0,0,0,0,0,0,0,0,0,0,1,1,0,0,0,0,1,0,0,0,0
"10211014001","98K-Fantasy Punk","Orange","Bắn tỉa khác","Sniper",7,0,0,0,0,0,0,0,0,0,0,0,0,0,0,0,0,0,0,0,0,0,0,0,0,0,0,0,0,0,0,5,0,0,0,2
"10119004001","QBZ03-Royal Dragon","Purple","Súng trường khác","Rifle",7,0,0,0,0,0,0,0,0,0,0,0,0,0,0,0,0,0,0,0,0,0,0,0,0,0,1,0,0,0,0,5,0,0,0,1
"10803007001","Smoke-Egg","Orange","Đặc biệt","Utility",7,0,0,0,0,0,0,0,0,0,0,7,0,0,0,0,0,0,0,0,0,0,0,0,0,0,0,0,0,0,0,0,0,0,0,0
"10707012001","Shovel-Born Beast-Beta","Silver V","Cận chiến","Melee",7,1,0,0,0,3,0,0,0,0,1,0,0,0,0,0,0,0,0,0,0,0,0,0,0,0,0,0,0,0,2,0,0,0,0,0
"10102012006","M4A1-S Jasmine","Purple","M4A1","Rifle",7,0,0,0,0,0,0,0,0,0,0,0,0,0,0,0,0,0,0,0,0,0,0,0,0,0,0,0,0,0,0,0,0,0,0,7
"10803069001","Octopus Smoke","Orange","Đặc biệt","Utility",6,0,0,0,0,0,1,0,0,0,0,0,0,0,0,0,0,0,0,0,0,0,0,0,0,0,1,0,0,0,0,4,0,0,0,0
"10706047001","Dynasty Sword-Glory","Gold V","Cận chiến","Melee",6,0,0,0,0,0,1,0,0,0,1,0,0,0,0,2,0,0,0,0,0,0,0,0,0,0,0,0,1,0,0,1,0,0,0,0
"10606009001","Pháo Rồng Sữa","Gold V","Súng lục","Secondary",6,0,0,0,0,0,0,0,0,0,0,0,0,0,0,0,0,0,0,0,0,6,0,0,0,0,0,0,0,0,0,0,0,0,0,0
"10602028006","Desert Eagle-Merry","Purple","Súng lục","Secondary",6,3,0,0,0,3,0,0,0,0,0,0,0,0,0,0,0,0,0,0,0,0,0,0,0,0,0,0,0,0,0,0,0,0,0,0
"10704005001","Kukri-Ice-Alpha","Purple","Cận chiến","Melee",5,0,0,0,0,1,2,0,0,0,1,0,0,0,0,0,0,0,0,0,0,0,0,0,0,1,0,0,0,0,0,0,0,0,0,0
"10737001001","Jungle Knife-Knight Blue","Blue","Cận chiến","Melee",5,0,0,0,0,1,0,0,0,0,1,1,0,0,0,0,0,0,0,0,1,0,0,0,0,0,0,0,0,0,1,0,0,0,0,0
"10101214001","AK47-Legends of Huaxia​​","Gold V","AK47","Rifle",5,0,0,0,0,0,0,0,0,0,0,0,0,0,0,0,0,0,0,0,0,3,1,0,0,0,1,0,0,0,0,0,0,0,0,0
"10754001006","Chainsaw","Purple","Cận chiến","Melee",5,0,0,0,0,0,0,0,0,0,0,0,0,0,0,0,0,0,0,0,0,0,0,0,0,0,0,0,0,0,0,5,0,0,0,0
"10803048001","Smoke-Titanium Beast","Gold VVIP","Đặc biệt","Utility",5,0,0,0,0,0,2,0,0,0,0,0,0,0,0,0,0,0,0,0,0,0,0,0,0,0,2,0,0,0,0,1,0,0,0,0
"10704033001","Kukri-Dragon-Beta","Silver V","Cận chiến","Melee",4,0,0,0,0,1,0,0,0,0,1,0,0,0,0,0,0,0,0,0,0,0,0,0,0,0,0,0,0,0,1,0,0,0,0,1
"10707003006","Shovel-Born Beast-Alpha","Gold V","Cận chiến","Melee",4,0,0,0,0,0,1,2,0,0,1,0,0,0,0,0,0,0,0,0,0,0,0,0,0,0,0,0,0,0,0,0,0,0,0,0
"10102235006","M4A1-Iron Beast-Steel Veteran","C","M4A1","Rifle",4,0,0,0,0,0,0,0,0,0,0,0,0,0,0,0,0,0,0,0,0,0,0,0,0,0,0,0,0,0,0,3,1,0,0,0
"10703005001","B.C Axe-Beast","Gold V","Cận chiến","Melee",4,1,0,0,0,1,1,0,0,0,0,0,0,0,0,0,0,0,0,0,0,0,0,0,0,1,0,0,0,0,0,0,0,0,0,0
"10801027001","Grenade-Winter Land","Purple","Đặc biệt","Utility",4,3,0,0,0,0,1,0,0,0,0,0,0,0,0,0,0,0,0,0,0,0,0,0,0,0,0,0,0,0,0,0,0,0,0,0
"10101024006","AK47-Born Beast-Alpha","Gold V","AK47","Rifle",4,1,0,0,0,0,3,0,0,0,0,0,0,0,0,0,0,0,0,0,0,0,0,0,0,0,0,0,0,0,0,0,0,0,0,0
"10705023001","Gloves-Camo Skull","Purple","Cận chiến","Melee",4,1,0,0,0,2,0,0,0,0,1,0,0,0,0,0,0,0,0,0,0,0,0,0,0,0,0,0,0,0,0,0,0,0,0,0
"10102171006","M4A1-Gaming Glory","Gold VVIP","M4A1","Rifle",4,0,0,0,0,0,0,0,0,0,0,0,0,0,0,0,0,0,0,0,0,0,0,0,0,0,1,0,0,0,0,2,0,0,0,1
"10802023001","Flashbang-Predator-Prime","C","Đặc biệt","Utility",4,0,0,0,0,0,0,0,0,0,0,0,0,0,0,0,0,0,0,0,0,0,0,0,0,0,0,0,0,0,0,4,0,0,0,0
"10615006001","QSZ92-Jewelry","Gold V","Súng lục","Secondary",3,0,0,0,0,0,1,0,0,0,0,0,0,0,0,0,0,0,0,0,0,1,0,0,0,0,1,0,0,0,0,0,0,0,0,0
"10719008001","Dual Dragon","Purple","Cận chiến","Melee",3,0,0,0,0,1,0,0,0,0,0,0,0,0,0,1,0,0,0,0,0,0,0,0,0,0,0,0,0,0,1,0,0,0,0,0
"10705027001","Dual Karambit-Chocolate","Purple","Cận chiến","Melee",3,1,0,0,0,1,0,0,0,0,0,0,0,0,0,0,0,0,0,0,1,0,0,0,0,0,0,0,0,0,0,0,0,0,0,0
"10801170001","SWF Doll Grenade","Purple","Đặc biệt","Utility",3,0,1,0,0,0,2,0,0,0,0,0,0,0,0,0,0,0,0,0,0,0,0,0,0,0,0,0,0,0,0,0,0,0,0,0
"10102139001","M4A1-Red Knife Beast","Gold V","M4A1","Rifle",3,0,0,0,0,0,0,0,0,0,1,2,0,0,0,0,0,0,0,0,0,0,0,0,0,0,0,0,0,0,0,0,0,0,0,0
"10703023001","Blood Sun","Gold V","Cận chiến","Melee",3,0,0,0,0,3,0,0,0,0,0,0,0,0,0,0,0,0,0,0,0,0,0,0,0,0,0,0,0,0,0,0,0,0,0,0
"10628002001","MK23-Nightblade","Orange","Súng lục","Secondary",3,0,0,0,0,2,1,0,0,0,0,0,0,0,0,0,0,0,0,0,0,0,0,0,0,0,0,0,0,0,0,0,0,0,0,0
"10405020001","Steyr TMP-Prime","Purple","SMG","SMG",3,0,0,0,0,0,0,0,0,0,0,0,0,0,0,0,0,0,0,0,0,0,0,0,0,0,0,0,0,0,2,1,0,0,0,0
"10617016001","Dual Double Barrel-Future Soldier","Gold VVIP","Súng lục","Secondary",3,1,0,0,0,1,0,0,0,0,1,0,0,0,0,0,0,0,0,0,0,0,0,0,0,0,0,0,0,0,0,0,0,0,0,0
"10802081001","Flashbang-Angler Fish","Orange","Đặc biệt","Utility",3,0,0,0,0,0,0,0,0,0,0,3,0,0,0,0,0,0,0,0,0,0,0,0,0,0,0,0,0,0,0,0,0,0,0,0
"10408009006","QCW05-Gaming Glory","Gold VVIP","SMG","SMG",3,0,0,0,0,0,0,0,0,0,0,0,0,0,0,0,0,0,0,0,0,0,0,0,0,0,0,0,0,0,0,3,0,0,0,0
"10211008001","98K-Born Beast","Gold V","Bắn tỉa khác","Sniper",3,0,0,0,0,0,0,0,0,0,0,0,0,0,0,0,0,0,0,0,0,3,0,0,0,0,0,0,0,0,0,0,0,0,0,0
"10704004001","Kukri-Dragon","Gold V","Cận chiến","Melee",3,0,0,0,0,3,0,0,0,0,0,0,0,0,0,0,0,0,0,0,0,0,0,0,0,0,0,0,0,0,0,0,0,0,0,0
"10748001006","Brick-Winter Land","Purple","Cận chiến","Melee",2,1,0,0,0,1,0,0,0,0,0,0,0,0,0,0,0,0,0,0,0,0,0,0,0,0,0,0,0,0,0,0,0,0,0,0
"10802011001","Flashbang-Gold Phoenix","Purple","Đặc biệt","Utility",2,1,0,0,0,0,0,0,0,0,0,0,0,0,0,0,0,0,0,0,0,0,0,0,0,0,0,0,0,0,1,0,0,0,0,0
"10721001006","Pan-Frying Pan","Purple","Cận chiến","Melee",2,0,0,0,0,0,1,1,0,0,0,0,0,0,0,0,0,0,0,0,0,0,0,0,0,0,0,0,0,0,0,0,0,0,0,0
"10705042001","Knuckles-Half Moon Tambourine","Orange","Cận chiến","Melee",2,0,0,0,0,0,0,0,0,0,1,0,0,0,0,1,0,0,0,0,0,0,0,0,0,0,0,0,0,0,0,0,0,0,0,0
"10704014001","Kukri-Jade","Purple","Cận chiến","Melee",2,0,0,0,0,0,0,0,0,0,0,1,0,0,0,1,0,0,0,0,0,0,0,0,0,0,0,0,0,0,0,0,0,0,0,0
"10702002001","Phoenix","Orange","Cận chiến","Melee",2,0,0,0,0,0,0,0,0,0,0,0,0,0,0,0,0,0,0,0,1,1,0,0,0,0,0,0,0,0,0,0,0,0,0,0
"10802046001","Flashbang-Ranger-Frost","C","Đặc biệt","Utility",2,0,0,0,0,0,0,1,0,0,0,0,0,0,0,0,0,0,0,0,0,0,0,0,0,0,0,0,0,0,0,1,0,0,0,0
"10702016001","Golden Slippers","Orange","Cận chiến","Melee",2,0,0,0,0,1,0,0,0,0,0,0,0,0,0,1,0,0,0,0,0,0,0,0,0,0,0,0,0,0,0,0,0,0,0,0
"10802047001","Flashbang-Tournament Spirit","Gold VVIP","Đặc biệt","Utility",2,0,0,0,0,0,0,0,0,0,0,0,0,0,0,0,0,1,0,0,0,0,0,0,0,0,0,1,0,0,0,0,0,0,0,0
"10303011001","MG3-Sunny","Orange","SMG","Machine Gun",2,2,0,0,0,0,0,0,0,0,0,0,0,0,0,0,0,0,0,0,0,0,0,0,0,0,0,0,0,0,0,0,0,0,0,0
"10307006001","KAC-Gold","Orange","SMG","Machine Gun",2,0,0,0,0,0,0,0,0,0,0,0,0,0,0,0,0,0,0,0,0,0,0,0,0,0,0,0,0,0,0,1,0,0,0,1
"10505007006","AA12-Gaming Glory","Gold VVIP","Shotgun","Shotgun",2,0,0,0,0,0,0,0,0,0,0,0,0,0,0,0,0,0,0,0,0,0,0,0,0,0,0,0,0,0,0,2,0,0,0,0
"10705012001","Cat Gloves","Purple","Cận chiến","Melee",2,0,0,0,0,0,0,0,0,0,0,0,0,0,0,0,1,0,0,0,1,0,0,0,0,0,0,0,0,0,0,0,0,0,0,0
"10707001001","Shovel","Blue","Cận chiến","Melee",2,0,0,0,0,0,0,0,0,0,0,0,0,0,0,0,0,0,0,0,1,0,0,0,0,0,0,0,0,0,0,0,0,0,0,1
"10602072001","Desert Eagle-Thunder-Noble Gold","Red","Súng lục","Secondary",1,0,0,0,0,0,0,0,0,0,0,0,0,0,0,0,0,0,0,0,0,0,1,0,0,0,0,0,0,0,0,0,0,0,0,0
"10704037006","Kukri-Gaming Glory","Gold VVIP","Cận chiến","Melee",1,0,0,0,0,0,0,0,0,0,0,0,0,0,0,0,0,0,0,0,0,0,0,0,0,0,0,0,0,0,0,0,1,0,0,0
"10803027001","Smoke-Born Beast-A","Gold V","Đặc biệt","Utility",1,0,0,0,0,0,0,0,0,0,0,0,0,0,0,0,0,0,0,0,0,0,0,0,0,0,0,0,0,0,1,0,0,0,0,0
"10704006001","Kukri-Glory","Purple","Cận chiến","Melee",1,0,0,0,0,0,0,0,0,0,0,0,0,0,0,1,0,0,0,0,0,0,0,0,0,0,0,0,0,0,0,0,0,0,0,0
"10802042001","Flashbang-Mechanical Era","Gold VVIP","Đặc biệt","Utility",1,0,0,0,0,0,0,0,0,0,0,0,0,0,0,0,0,0,0,0,0,0,0,0,0,0,1,0,0,0,0,0,0,0,0,0
"10803065001","Smoke-Container","Orange","Đặc biệt","Utility",1,0,0,0,0,1,0,0,0,0,0,0,0,0,0,0,0,0,0,0,0,0,0,0,0,0,0,0,0,0,0,0,0,0,0,0
"10623002001","Colt1911-RED","Purple","Súng lục","Secondary",1,0,0,0,0,0,0,0,0,0,0,0,0,0,0,0,0,0,0,0,0,0,0,0,0,0,1,0,0,0,0,0,0,0,0,0
"10703001001","B.C Axe","Green","Cận chiến","Melee",1,0,0,0,0,0,0,0,0,0,0,0,0,0,0,0,0,0,0,0,0,0,0,0,0,0,0,0,0,0,1,0,0,0,0,0
"10101013001","AK47-A Jasmine","Purple","AK47","Rifle",1,0,0,0,0,0,0,0,0,0,0,0,0,0,0,0,0,0,0,0,0,0,0,0,0,0,0,0,0,0,0,0,0,0,0,1
"10307002001","KAC-Ancient Dragon","Purple","SMG","Machine Gun",1,0,0,0,0,0,0,0,0,0,0,0,0,0,0,0,0,0,0,0,0,0,0,0,0,0,0,0,0,0,0,0,0,0,0,1
"10702096001","Knife Ultimate Goldsmith","Gold V","Cận chiến","Melee",1,0,0,0,0,0,0,0,0,0,0,0,0,0,0,1,0,0,0,0,0,0,0,0,0,0,0,0,0,0,0,0,0,0,0,0
"10707031001","Shovel-Horus","Purple","Cận chiến","Melee",1,0,0,0,0,0,0,0,0,0,0,0,0,0,0,0,0,0,0,0,0,0,0,0,0,0,0,0,0,0,0,0,0,0,0,1
"10304004001","M249-Oriental Phoenix","Purple","SMG","Machine Gun",1,0,0,0,0,0,0,0,0,0,0,0,0,0,0,0,0,0,0,0,0,0,0,0,0,0,0,1,0,0,0,0,0,0,0,0
"10704001001","Kukri","Blue","Cận chiến","Melee",1,0,0,0,0,0,0,0,0,0,0,0,0,0,0,0,0,0,0,0,0,0,0,0,0,0,0,0,0,0,0,0,0,0,0,1
"10404009001","Thompson-Gold","Orange","SMG","SMG",1,0,0,0,0,0,0,0,0,0,0,0,0,0,0,0,0,0,0,0,0,0,0,0,0,0,0,0,0,0,0,0,0,0,0,1
"10705018001","Dual Karambit-Sakura","Purple","Cận chiến","Melee",1,0,0,0,0,0,0,0,0,0,0,0,0,0,0,1,0,0,0,0,0,0,0,0,0,0,0,0,0,0,0,0,0,0,0,0
"10705010006","Bladed Knuckles-Black Dragon","Gold V","Cận chiến","Melee",1,0,0,0,0,0,0,0,0,0,0,0,0,0,0,0,0,0,0,0,1,0,0,0,0,0,0,0,0,0,0,0,0,0,0,0
"10102034001","M4A1-XS-Ancient Dragon","Purple","M4A1","Rifle",1,0,0,0,0,0,0,0,0,0,0,0,0,0,0,0,0,0,0,0,0,0,0,0,0,0,0,0,0,0,0,1,0,0,0,0
"10802075001","Flashbang-Beast-Ragnarok","B","Đặc biệt","Utility",1,0,0,0,0,0,0,0,0,0,0,0,0,0,0,0,0,0,0,1,0,0,0,0,0,0,0,0,0,0,0,0,0,0,0,0
"10113003001","M16-Royal Dragon","Purple","Súng trường khác","Rifle",1,0,0,0,0,0,0,0,0,0,0,0,0,0,0,0,0,0,0,0,0,1,0,0,0,0,0,0,0,0,0,0,0,0,0,0
"10101233001","AK47-Earl Royal-Comic","C","AK47","Rifle",1,0,0,0,0,0,0,0,0,0,0,0,0,0,0,0,0,0,0,0,0,0,0,0,0,0,0,0,0,0,0,1,0,0,0,0
"10803030001","Smoke-Mechanical Era","Gold VVIP","Đặc biệt","Utility",1,0,0,0,0,0,1,0,0,0,0,0,0,0,0,0,0,0,0,0,0,0,0,0,0,0,0,0,0,0,0,0,0,0,0,0
"10703025006","B.C Axe-Beast-Heroic Battlegear","C","Cận chiến","Melee",1,0,0,0,0,0,0,0,0,0,0,0,0,0,0,0,0,0,0,0,0,0,0,0,0,0,0,0,0,0,0,0,0,1,0,0
